case_id,target,R,C,refinement_step,search_valid,exclusion_reason,systolic_mmHg,diastolic_mmHg,map_mmHg,heart_rate_per_min,cardiac_output_L_min,svr_mmHg_s_mL,baroreceptor_heart_rate_scale,baroreceptor_heart_elastance_scale,baroreceptor_resistance_scale,baroreceptor_compliance_scale,aorta_inflow_mL_s,BrainVasculature_inflow_mL_min,LeftKidneyVasculature_inflow_mL_min,RightKidneyVasculature_inflow_mL_min,GutVasculature_inflow_mL_min,LiverVasculature_inflow_mL_min,MuscleVasculature_inflow_mL_min,SkinVasculature_inflow_mL_min,MyocardiumVasculature_inflow_mL_min,pulse_pressure_mmHg,status,stationarity_sbp_bin_median_range_mmHg,stationarity_dbp_bin_median_range_mmHg,stationarity_pass,direct_target_systolic_mmHg,direct_target_diastolic_mmHg,J_against_direct_target,dynamic_stabilization_wall_s,dynamic_stabilization_simulated_s
refine_higher_0.005_R1.580_C0.480,higher,1.58,0.48,0.005,False,mixed-grid isolated coarse points were incorrectly admitted as local minima,143.04311468471457,81.2890567836127,113.29860467675232,72.01120182071432,4.44396835459264,1.4800689095376691,0.9996890390979858,0.999984294903939,0.9998687069884362,1.000034203551348,0.0,517.4290918593081,306.9299174139165,306.9299174139165,606.2481469579566,1035.2208617424462,662.8488116989523,215.6555402692861,178.0901539813545,61.75405790110187,trace_complete_exploratory,0.01548230065159828,0.005772255083826394,True,148.60512489521057,90.7067870743288,119.62960141033345,196.0,958.0
refine_higher_0.005_R1.580_C0.485,higher,1.58,0.485,0.005,False,mixed-grid isolated coarse points were incorrectly admitted as local minima,142.7365397309908,81.4644455317475,113.2296533646488,72.01240850762909,4.4488778100112665,1.4774531815336185,0.9998149763905986,0.9999906553732623,0.9999232225315708,1.0000196850045155,0.0,517.3028689533269,311.9258198221773,311.9258198221761,606.1589021069977,1034.397980813906,662.7878763912331,215.60258713204485,178.08160233210538,61.27209419924331,trace_complete_exploratory,0.01038094935290701,0.007832800920610339,True,148.60512489521057,90.7067870743288,119.86116901942427,221.0,893.0
refine_higher_0.005_R1.580_C0.490,higher,1.58,0.49,0.005,False,mixed-grid isolated coarse points were incorrectly admitted as local minima,142.47761049230928,81.71245417839766,113.21531363072216,72.01198873211594,4.45008379996846,1.4768418234484015,0.9997490952526187,0.9999873280430613,0.999895129200226,1.000027151206756,0.0,517.512244127937,314.03220610091563,314.03220610091444,606.463951148066,1033.8727276624973,663.1637836589766,215.68975075746033,178.19121935988267,60.76515631391162,trace_complete_exploratory,0.012486017856616627,0.0062308534661639214,True,148.60512489521057,90.7067870743288,118.44445700059167,176.0,878.0
refine_higher_0.005_R1.580_C0.495,higher,1.58,0.495,0.005,False,mixed-grid isolated coarse points were incorrectly admitted as local minima,142.31669578940244,82.16163214184739,113.3381149869472,72.01206430584726,4.441303286441857,1.481503027117056,0.9997565762346157,0.9999877058704352,0.9998982719317773,1.0000263333250583,0.0,523.5270358138059,314.76062618265826,314.7606261826569,614.3076994033042,1036.0911418059754,672.7910800920822,218.0535972077308,181.28023759020306,60.15506364755505,trace_complete_exploratory,0.012061095170651015,0.00787094628701368,True,148.60512489521057,90.7067870743288,112.5640134388861,235.0,993.0
refine_higher_0.005_R1.580_C0.500,higher,1.58,0.5,0.005,False,mixed-grid isolated coarse points were incorrectly admitted as local minima,142.02025066898713,82.30809179040831,113.25947995353866,72.01207409697243,4.446824022079003,1.4785164767338048,0.9998077796806146,0.999990291903061,0.9999185671696087,1.000021563238994,0.0,522.7469168662217,320.3043204816345,320.3043204816356,613.3000194157976,1035.4083992788712,671.6264127817949,217.72812138998808,180.95683974978868,59.71215887857882,trace_complete_exploratory,0.011433685206100108,0.0076600169749809766,True,148.60512489521057,90.7067870743288,113.89865104732993,171.0,919.0
refine_higher_0.005_R1.580_C0.505,higher,1.58,0.505,0.005,False,mixed-grid isolated coarse points were incorrectly admitted as local minima,141.71992570512512,82.44778693557514,113.17530937988502,72.01120512348498,4.452939503781134,1.4753820034854777,0.9997169285324489,0.9999857034612338,0.9998808287219725,1.0000310999713955,0.0,521.9996007422407,325.9514119947426,325.95141199474335,612.3504334991997,1034.7226112858455,670.5259418395341,217.41656664487155,180.65021415010574,59.27213876954998,trace_complete_exploratory,0.017547082549782544,0.007641359330747832,True,148.60512489521057,90.7067870743288,115.61705117908627,207.0,843.0
refine_higher_0.005_R1.580_C0.510,higher,1.58,0.51,0.005,False,mixed-grid isolated coarse points were incorrectly admitted as local minima,141.48558326126263,82.71135210455654,113.18096736570472,72.01175257403479,4.452440333125655,1.475596182063731,0.9997542076150068,0.999987586243182,0.9998969574652926,1.0000268416551679,0.0,519.8854216250588,320.54710867083077,320.5471086708291,609.6016267123541,1034.852800077756,667.0887296969856,216.6066811105884,179.49340913472412,58.774231156706094,trace_complete_exploratory,0.015445927725920683,0.008385730851216522,True,148.60512489521057,90.7067870743288,114.61485343337517,169.0,848.0
refine_higher_0.005_R1.580_C0.515,higher,1.58,0.515,0.005,False,mixed-grid isolated coarse points were incorrectly admitted as local minima,141.25083143048428,82.96196983936397,113.17864125758943,72.012198548287,4.452310054306195,1.4756127789079685,0.9997974845683145,0.9999897719478936,0.999915135459627,1.0000219702453816,0.0,520.7751591211414,321.7333552848655,321.7333552848652,610.6333309702783,1035.0336519401253,668.4558022940387,216.9058965233251,180.05636718117657,58.28886159112031,trace_complete_exploratory,0.012021597779295234,0.008061579287641507,True,148.60512489521057,90.7067870743288,114.06782636832395,175.0,848.0
refine_higher_0.005_R1.580_C0.520,higher,1.58,0.52,0.005,False,mixed-grid isolated coarse points were incorrectly admitted as local minima,141.02739560245462,83.21808277318276,113.18322404925486,72.01250639165487,4.451766912667106,1.4758374911689427,0.9998171430877134,0.99999076480241,0.9999234841432312,1.0000198370725593,0.0,520.261783410707,325.5489822140324,325.54898221403096,609.9147640089534,1035.2788531924602,667.5909235313239,216.69180949501336,179.8086031908048,57.80931282927186,trace_complete_exploratory,0.01108051867828408,0.007624033961334931,True,148.60512489521057,90.7067870743288,113.5026733442948,193.0,853.0
refine_higher_0.005_R1.585_C0.480,higher,1.585,0.48,0.005,False,mixed-grid isolated coarse points were incorrectly admitted as local minima,143.06242810293898,81.34908460712539,113.33631195022318,72.01214080594366,4.44026498744911,1.481829362265728,0.9997615303734876,0.9999879560794684,0.999900638935339,1.0000257549760057,0.0,516.035146280862,310.4734708975868,310.47347089758404,604.6365765538922,1032.301016893922,661.093126629057,215.0741688125724,177.62100996759852,61.71334349581359,trace_complete_exploratory,0.012050000132916239,0.006311323956680326,True,148.60512489521057,90.7067870743288,118.28808319576251,226.0,888.0
refine_higher_0.005_R1.585_C0.485,higher,1.585,0.485,0.005,False,mixed-grid isolated coarse points were incorrectly admitted as local minima,142.78955378504864,81.59188704194051,113.3120147585898,72.01097798738002,4.441859461963086,1.480977335489614,0.9996712597780593,0.9999833969584879,0.9998609206402815,1.0000362754007297,0.0,516.2233533548111,312.94723351904514,312.94723351904406,604.9170831323995,1031.8319037643373,661.4435966432677,215.1524104219263,177.72413977342802,61.19766674310813,trace_complete_exploratory,0.01642192129654063,0.005711511950607928,True,148.60512489521057,90.7067870743288,116.90226993778211,174.0,868.0
refine_higher_0.005_R1.585_C0.490,higher,1.585,0.49,0.005,False,mixed-grid isolated coarse points were incorrectly admitted as local minima,142.52865567571132,81.84061422065109,113.2971412030686,72.01150150125753,4.442968677997991,1.480375743700324,0.9997518079427594,0.9999874650476144,0.9998954255773196,1.0000272371029328,0.0,522.3910312948218,321.42289634677854,321.4228963467782,613.1340330837677,1032.2435506736026,671.6065054976781,217.5806373271895,180.9821272987351,60.68804145506023,trace_complete_exploratory,0.016325990618128117,0.006236397822647177,True,148.60512489521057,90.7067870743288,115.53249924681332,214.0,853.0
refine_higher_0.005_R1.585_C0.495,higher,1.585,0.495,0.005,False,mixed-grid isolated coarse points were incorrectly admitted as local minima,142.28250454584207,82.10854753221467,113.29775484239454,72.0111055412571,4.443146394712869,1.4803558298107806,0.999717657256602,0.9999857402654853,0.999880835465407,1.0000311016336343,0.0,521.7590601037148,322.51067107032395,322.51067107032225,612.2615921983969,1032.4290901249174,670.5571525258629,217.3170070210433,180.68097332547828,60.1739570136274,trace_complete_exploratory,0.017877329985509505,0.006050039908231497,True,148.60512489521057,90.7067870743288,113.90525130582353,162.0,853.0
refine_higher_0.005_R1.585_C0.500,higher,1.585,0.5,0.005,False,mixed-grid isolated coarse points were incorrectly admitted as local minima,142.0369294204759,82.37369948116103,113.29730257784348,72.01167128807512,4.443123185182067,1.480362892891803,0.9997462728569391,0.9999871854978248,0.9998935602242409,1.0000277186544335,0.0,521.0422228894753,317.567414516523,317.5674145165224,611.2466895429184,1032.524430545207,669.3311190036133,217.01791448691404,180.3302009657781,59.663229939314874,trace_complete_exploratory,0.016241993472704053,0.00854000184637016,True,148.60512489521057,90.7067870743288,112.58154062973165,184.0,853.0
refine_higher_0.005_R1.585_C0.505,higher,1.585,0.505,0.005,False,mixed-grid isolated coarse points were incorrectly admitted as local minima,141.7905065772359,82.624269660318,113.29027406777456,72.01231835123544,4.443364918319543,1.480181361389765,0.9998062175655791,0.9999902130083635,0.9999190654965376,1.0000208622098512,0.0,517.1947538653421,318.7913994677406,318.7913994677388,606.3073753848805,1029.9708839268453,663.1415674997388,215.55647629255645,178.21615688066817,59.166236916917896,trace_complete_exploratory,0.011165471747204947,0.008012224124527734,True,148.60512489521057,90.7067870743288,111.76611056746356,167.0,848.0
refine_higher_0.005_R1.585_C0.510,higher,1.585,0.51,0.005,False,mixed-grid isolated coarse points were incorrectly admitted as local minima,141.55803091500596,82.88717285960065,113.29464162048376,72.01232006259265,4.442935841605661,1.4803908840412676,0.9998085928961888,0.9999903329745553,0.9999199701864236,1.0000206570757442,0.0,519.9273463421948,319.87750680599606,319.8775068059956,609.696287599312,1032.8761334534374,667.4639971248127,216.5529154167477,179.7956062091069,58.670858055405304,trace_complete_exploratory,0.011440272658347794,0.007998101954697745,True,148.60512489521057,90.7067870743288,110.80790003301453,190.0,853.0
refine_higher_0.005_R1.585_C0.515,higher,1.585,0.515,0.005,False,mixed-grid isolated coarse points were incorrectly admitted as local minima,141.33355104442845,83.14651636576689,113.3016701335195,72.01223107937408,4.442459214941098,1.4806161460151288,0.9997691308099095,0.9999883399398939,0.9999036697952293,1.0000249915254593,0.0,517.8015755436888,320.5195125253982,320.51951252539595,607.1369694715961,1031.1808261651481,664.1321424408596,215.80920798884,178.49913715761699,58.18703467866156,trace_complete_exploratory,0.011783250919847887,0.006615887810440313,True,148.60512489521057,90.7067870743288,110.03347945411758,167.0,858.0
refine_higher_0.005_R1.585_C0.520,higher,1.585,0.52,0.005,False,mixed-grid isolated coarse points were incorrectly admitted as local minima,141.10433305140646,83.39318732192154,113.29936485729893,72.0121009826978,4.442455689709738,1.4806116975372554,0.9997578081095853,0.9999877680863418,0.9998991073222814,1.0000261568869733,0.0,518.839552522566,324.720047890576,324.72004789057405,608.174422577416,1033.2716810230304,665.6247167935612,216.09934040102672,179.26796153611397,57.71114572948491,trace_complete_exploratory,0.011907272408478775,0.008187414938461757,True,148.60512489521057,90.7067870743288,109.75061962248972,165.0,858.0
refine_higher_0.005_R1.590_C0.480,higher,1.59,0.48,0.005,False,mixed-grid isolated coarse points were incorrectly admitted as local minima,143.1076854000384,81.46886718142906,113.411210270595,72.01155670107221,4.433535060118346,1.4851497982021828,0.9997496676635358,0.9999873569527036,0.9998947133621002,1.0000273837126086,0.0,514.9167172615923,311.72101507614025,311.72101507613877,603.3580330551583,1029.7471025552427,659.7126943557357,214.607782636234,177.25430350256664,61.638818218609345,trace_complete_exploratory,0.014352639281582924,0.006343406808056784,True,148.60512489521057,90.7067870743288,115.56100495071146,165.0,859.0
refine_higher_0.005_R1.590_C0.485,higher,1.59,0.485,0.005,False,mixed-grid isolated coarse points were incorrectly admitted as local minima,142.85091757975633,81.73763442915505,113.40750570554458,72.01113924081903,4.434190887539615,1.4849182511711037,0.9997184946849695,0.9999857825598462,0.9998812113306614,1.0000309984385845,0.0,521.5496179570109,313.58030270371376,313.58030270371245,612.2108368366007,1029.9768947213206,670.6360624114775,217.2302565579327,180.72776488585436,61.113283150601276,trace_complete_exploratory,0.01794072466759644,0.00598362116149076,True,148.60512489521057,90.7067870743288,113.55660100165434,187.0,853.0
refine_higher_0.005_R1.590_C0.490,higher,1.59,0.49,0.005,False,mixed-grid isolated coarse points were incorrectly admitted as local minima,142.59666924735768,82.01071131055993,113.40786408058725,72.01189836440066,4.434134122251789,1.4849359575572674,0.9997652703343229,0.9999881449663806,0.9999017238487421,1.0000255750337659,0.0,515.4845171340569,314.4916869184665,314.4916869184657,604.1568846910222,1028.8462194783538,660.6805953568123,214.84404516007325,177.53372139795027,60.585957936797755,trace_complete_exploratory,0.014496743304789561,0.008442387940377216,True,148.60512489521057,90.7067870743288,111.72327296142363,165.0,853.0
refine_higher_0.005_R1.590_C0.495,higher,1.59,0.495,0.005,False,mixed-grid isolated coarse points were incorrectly admitted as local minima,142.35209403964203,82.28565333987876,113.41218662338916,72.01209322437964,4.433681573706102,1.4851561681103902,0.9997906073632,0.9999894246143035,0.9999122752450837,1.0000227672213677,0.0,520.2909086559232,321.6834635810819,321.6834635810816,610.4527226585501,1030.3996899239576,668.5117979808922,216.70518150717805,180.11907173503496,60.06644069976326,trace_complete_exploratory,0.014484150755151859,0.008227355470907582,True,148.60512489521057,90.7067870743288,110.01588825418466,195.0,858.0
refine_higher_0.005_R1.590_C0.500,higher,1.59,0.5,0.005,False,mixed-grid isolated coarse points were incorrectly admitted as local minima,142.1044242939869,82.54152803926321,113.4055042775902,72.01243409138594,4.434007715866602,1.484957287111374,0.9998176308890092,0.9999907894388382,0.9999243580578759,1.0000194111526137,0.0,516.0566559598624,316.9421074669424,316.9421074669424,604.9497631580914,1029.2434844486615,661.635311410408,215.08210814977727,177.80815302654932,59.5628962547237,trace_complete_exploratory,0.010175027562524974,0.00791204611219598,True,148.60512489521057,90.7067870743288,108.93056341646982,207.0,853.0
refine_higher_0.005_R1.590_C0.505,higher,1.59,0.505,0.005,False,mixed-grid isolated coarse points were incorrectly admitted as local minima,141.87260995871722,82.80838539788776,113.41307871601968,72.01222057538321,4.433568577493288,1.485179903962482,0.9997687765377476,0.9999883220473619,0.9999036289238603,1.000024980508607,0.0,519.0901565834688,317.996718137518,317.9967181375179,608.769332071277,1030.7349030784044,666.4831432528854,216.20450009984324,179.53750220140566,59.06422456082946,trace_complete_exploratory,0.011887945647515608,0.006723408380551632,True,148.60512489521057,90.7067870743288,107.71150641251262,173.0,858.0
refine_higher_0.005_R1.590_C0.510,higher,1.59,0.51,0.005,False,mixed-grid isolated coarse points were incorrectly admitted as local minima,141.640802734347,83.07089520774288,113.41694408348224,72.01218478328929,4.4331745719143125,1.48538719237701,0.9997654072774755,0.9999881518827018,0.999902232376982,1.0000253505652354,0.0,518.528481409727,321.758427974091,321.7584279740886,607.9806265218812,1030.9610363398383,665.5259969676565,215.97021167064645,179.26258707058983,58.569907526604126,trace_complete_exploratory,0.011713671895051903,0.008352708235705109,True,148.60512489521057,90.7067870743288,106.80862775848831,169.0,863.0
refine_higher_0.005_R1.590_C0.515,higher,1.59,0.515,0.005,False,mixed-grid isolated coarse points were incorrectly admitted as local minima,141.40758328021172,83.32143196666891,113.41478432710528,72.01195796056999,4.433147856672818,1.4853856383216433,0.9997461159572874,0.9999871775736002,0.9998939123068336,1.0000274737288435,0.0,516.8850923789082,319.7152565550353,319.7152565550374,606.0970964829369,1029.007939389419,663.0153795702031,215.42711337611888,178.20331525242017,58.086151313542814,trace_complete_exploratory,0.012493990679985245,0.006337862209591094,True,148.60512489521057,90.7067870743288,106.34807536587815,216.0,864.0
refine_higher_0.005_R1.590_C0.520,higher,1.59,0.52,0.005,False,mixed-grid isolated coarse points were incorrectly admitted as local minima,141.1818724169259,83.5758605968318,113.41789566734964,72.01162405565097,4.432716982521936,1.4855919562595363,0.9997209304082832,0.9999859055761768,0.9998824706106479,1.0000304731587113,0.0,517.4230057564225,320.6857145069738,320.6857145069739,606.4494613286925,1031.3025612068914,663.648225015911,215.52530406200344,178.7244169666194,57.606011820094096,trace_complete_exploratory,0.01372152640863078,0.007248192313028312,True,148.60512489521057,90.7067870743288,105.95478978382721,221.0,868.0
refine_higher_0.005_R1.595_C0.480,higher,1.595,0.48,0.005,False,mixed-grid isolated coarse points were incorrectly admitted as local minima,143.17727116314683,81.6398407633037,113.52133329467743,72.01161477217764,4.424873054965675,1.4896988429892255,0.9997431256011926,0.999987026545516,0.9998921157070878,1.000028052387639,0.0,520.752396940078,317.59844839426387,317.5984483942616,611.3461293266967,1027.793869843484,669.7291060852411,216.8984232945702,180.49138476912216,61.53743039984313,trace_complete_exploratory,0.01706229742586629,0.008756429504131802,True,148.60512489521057,90.7067870743288,111.67111154369003,169.0,858.0
refine_higher_0.005_R1.595_C0.485,higher,1.595,0.485,0.005,False,mixed-grid isolated coarse points were incorrectly admitted as local minima,142.92006387923396,81.91483189012013,113.52189989190954,72.01200975740397,4.424788910088263,1.4897160485968683,0.9997787043093653,0.9999888234499674,0.9999071466771605,1.0000241302054365,0.0,517.1753155092432,312.62078870001676,312.6207887000172,606.5402466038724,1027.9077627596594,663.8073279583502,215.4779712549025,178.62353872729062,61.00523198911384,trace_complete_exploratory,0.013633615175422165,0.008379359052071322,True,148.60512489521057,90.7067870743288,109.61839471651069,180.0,858.0
refine_higher_0.005_R1.595_C0.490,higher,1.595,0.49,0.005,False,mixed-grid isolated coarse points were incorrectly admitted as local minima,142.67225784439174,82.19425577848587,113.52675554308226,72.01210744277455,4.424365378468867,1.489932741735287,0.9997876677494915,0.9999892761489633,0.9999110486528324,1.0000230798253193,0.0,514.6386899992854,313.4791236746337,313.4791236746329,603.1998943657678,1027.35575164284,659.6562732299305,214.49120157828168,177.26411365142542,60.47800206590587,trace_complete_exploratory,0.012814980747265281,0.008254729656727022,True,148.60512489521057,90.7067870743288,107.66210050539706,165.0,864.0
refine_higher_0.005_R1.595_C0.495,higher,1.595,0.495,0.005,False,mixed-grid isolated coarse points were incorrectly admitted as local minima,142.42688053551154,82.46231330768164,113.52654041501935,72.01249550541063,4.424230484064543,1.489953067344212,0.9998164975668532,0.9999907322003447,0.9999232436084029,1.000019880766159,0.0,518.842928416072,314.8943305789055,314.8943305789063,608.6619867396895,1028.3896561499923,666.4889787855019,216.1020188723184,179.56181085008984,59.9645672278299,trace_complete_exploratory,0.011212569020813135,0.007668671423061824,True,148.60512489521057,90.7067870743288,106.14205105708601,215.0,863.0
refine_higher_0.005_R1.595_C0.500,higher,1.595,0.5,0.005,False,mixed-grid isolated coarse points were incorrectly admitted as local minima,142.18634453001033,82.72485176724162,113.52764425551076,72.01220253436237,4.424303546630514,1.4899510835959773,0.9997673159909211,0.9999882482823688,0.9999030539158713,1.0000251294831886,0.0,518.2469438364833,316.0593920588687,316.0593920588671,607.8304282881795,1028.5683624467647,665.4858332715669,215.85344936106233,179.27470300752927,59.461492762768714,trace_complete_exploratory,0.011762676273292527,0.008249898039437653,True,148.60512489521057,90.7067870743288,104.91203262320504,167.0,863.0
refine_higher_0.005_R1.595_C0.505,higher,1.595,0.505,0.005,False,mixed-grid isolated coarse points were incorrectly admitted as local minima,141.94565250475463,82.98328759630127,113.52557187433248,72.01185157161913,4.424298778077133,1.48994994854356,0.9997382703663704,0.9999867813316343,0.9998902190157074,1.0000283900191071,0.0,515.4154924620495,316.8932405408067,316.89324054080504,604.2933709266583,1025.3697179459969,660.9803644959115,214.81467469588546,177.6443014379471,58.96236490845337,trace_complete_exploratory,0.010137199770980487,0.006201330589519216,True,148.60512489521057,90.7067870743288,104.00101670633643,171.0,864.0
refine_higher_0.005_R1.595_C0.510,higher,1.595,0.51,0.005,False,mixed-grid isolated coarse points were incorrectly admitted as local minima,141.7134323441671,83.2456879658049,113.5295821138854,72.01174434469189,4.423869481730885,1.490160717312857,0.999730333760577,0.9999863804929585,0.9998865788958157,1.0000293437762602,0.0,517.0974967223552,317.9769926948993,317.9769926948966,606.2135208269218,1028.9191370095837,663.5289610796412,215.3740558607795,178.7130808568657,58.4677443783622,trace_complete_exploratory,0.013346553763767588,0.006287986349292396,True,148.60512489521057,90.7067870743288,103.16342612532404,192.0,868.0
refine_higher_0.005_R1.595_C0.515,higher,1.595,0.515,0.005,False,mixed-grid isolated coarse points were incorrectly admitted as local minima,141.48451482481005,83.50346637113319,113.5330091097425,72.01145126639426,4.423438869542541,1.4903690080206404,0.9997089455555808,0.9999853002805843,0.999877107602268,1.000031979161328,0.0,516.572646019905,324.6221320535591,324.62213205356034,605.4691600811226,1029.171534180765,662.6223455269721,215.15509508602238,178.45246287735466,57.98104845367686,trace_complete_exploratory,0.014399894676813574,0.00693471964227399,True,148.60512489521057,90.7067870743288,102.59091692777582,185.0,873.0
refine_higher_0.005_R1.595_C0.520,higher,1.595,0.52,0.005,False,mixed-grid isolated coarse points were incorrectly admitted as local minima,141.39297227920807,84.02041193808701,113.71837714167978,72.01314715922635,4.410357266554144,1.4973983196181908,0.9998333466622676,0.9999915831647614,0.9999308602302811,1.00001775132704,0.0,517.2355626331414,309.99966748996167,309.9996674899621,606.6392274486182,1031.1496654578673,663.7020815143942,215.57310812681033,178.4065148415159,57.37256034112106,trace_complete_exploratory,0.01778614518610766,0.011148513945940408,True,148.60512489521057,90.7067870743288,96.72275781906413,,
refine_higher_0.005_R1.600_C0.480,higher,1.6,0.48,0.005,False,mixed-grid isolated coarse points were incorrectly admitted as local minima,143.25024792222013,81.82269692692644,113.6406227653453,72.01211804509698,4.415063029129172,1.4947112253893626,0.9997880988055006,0.9999892979194693,0.9999111544939265,1.000023042017685,0.0,513.1395697047886,310.19923169734363,310.1992316973425,601.3462071300731,1025.071552097741,657.55680666804,213.86648126242213,176.68578443277943,61.427550995293686,trace_complete_exploratory,0.012790195326346065,0.008299611782689453,True,148.60512489521057,90.7067870743288,107.60176514303495,221.0,869.0
refine_higher_0.005_R1.600_C0.485,higher,1.6,0.485,0.005,False,mixed-grid isolated coarse points were incorrectly admitted as local minima,142.99128624191616,82.09119134419406,113.63455406052894,72.01243285662069,4.415411548619372,1.494508383938411,0.9998178829242843,0.9999908021678932,0.9999243762704992,1.0000193930714456,0.0,516.024350789852,311.8517550984135,311.8517550984134,605.1698473712167,1025.9173870749796,662.2898590469177,214.9982888886704,178.21211223021623,60.9000948977221,trace_complete_exploratory,0.010211809185761922,0.007947664007716071,True,148.60512489521057,90.7067870743288,105.74367421033838,192.0,863.0
refine_higher_0.005_R1.600_C0.490,higher,1.6,0.49,0.005,False,mixed-grid isolated coarse points were incorrectly admitted as local minima,142.7491349981577,82.37066423882392,113.64228498973245,72.01222321250943,4.415013907120008,1.4947368286625304,0.9997708416290325,0.9999884263449013,0.9999046578912423,1.0000246872613172,0.0,518.0339014694366,315.8851985083529,315.88519850835246,607.7738331829105,1026.2437769479552,665.5498742056975,215.7652821670557,179.31572440180062,60.37847075933378,trace_complete_exploratory,0.011953065655177397,0.006484064046148319,True,148.60512489521057,90.7067870743288,103.78356160301117,167.0,868.0
refine_higher_0.005_R1.600_C0.495,higher,1.6,0.495,0.005,False,mixed-grid isolated coarse points were incorrectly admitted as local minima,142.50562914062547,82.64514316234992,113.64722078111406,72.0121705324605,4.414627540696773,1.494943808423819,0.9997648518710044,0.9999881238318696,0.9999021317450503,1.0000253551797098,0.0,517.4438052225545,319.7098103273738,319.70981032737393,606.9365363792991,1026.4779919854918,664.5341013442651,215.5191398510616,179.02328931884563,59.86048597827555,trace_complete_exploratory,0.011891600458653784,0.00835516009762216,True,148.60512489521057,90.7067870743288,102.19395102374764,166.0,873.0
refine_higher_0.005_R1.600_C0.505,higher,1.6,0.505,0.005,False,mixed-grid isolated coarse points were incorrectly admitted as local minima,142.02583881721293,83.1737136916434,113.64933346335808,72.0116043207367,4.414212695327303,1.4951519220928986,0.9997210012860753,0.9999859091558626,0.9998823182729621,1.0000305708645636,0.0,516.2696834334597,318.72098052217257,318.72098052217075,605.2928199553648,1026.8663510027177,662.5494121963485,215.02938259649568,178.45509208687798,58.85212512556953,trace_complete_exploratory,0.01391961160044275,0.007230173668347106,True,148.60512489521057,90.7067870743288,100.03419988505681,220.0,879.0
refine_higher_0.005_R1.600_C0.510,higher,1.6,0.51,0.005,False,mixed-grid isolated coarse points were incorrectly admitted as local minima,141.7893632819537,83.42655956704318,113.64703540888988,72.01105685320725,4.414151280083693,1.4951440301376226,0.9996764264362721,0.9999836579008214,0.9998632454472496,1.0000356661359855,0.0,514.8473297556302,316.6542377838245,316.6542377838233,603.7165419552002,1022.7901552932617,660.4113685568855,214.5775519938903,177.50462628046955,58.36280371491053,trace_complete_exploratory,0.016057920719362073,0.006018876446702848,True,148.60512489521057,90.7067870743288,99.4563189265838,185.0,879.0
refine_higher_0.005_R1.600_C0.515,higher,1.6,0.515,0.005,False,mixed-grid isolated coarse points were incorrectly admitted as local minima,141.5556463108457,83.67504117491202,113.6444331384774,72.01074842375034,4.4140937153959054,1.495115500413996,0.999641145119862,0.9999818760161543,0.999848083515935,1.0000396461910552,0.0,515.0887135097951,317.69821582116316,317.6982158211608,603.7836270912451,1022.4163356814704,660.7062279223147,214.58544621702123,177.6228403347106,57.88060513593368,trace_complete_exploratory,0.01899971242352194,0.006790706149843118,True,148.60512489521057,90.7067870743288,99.14059870538348,169.0,879.0
refine_higher_0.005_R1.600_C0.520,higher,1.6,0.52,0.005,False,mixed-grid isolated coarse points were incorrectly admitted as local minima,141.4226071410013,84.11930073122213,113.77686850580056,72.01129154203217,4.404373071962365,1.5003451237819327,0.9996991068140514,0.9999848033744473,0.9998726617482415,1.0000331989138411,0.0,516.0638202633369,317.52716902440534,317.52716902440557,605.2847475686452,1028.70006895094,662.2301349633874,215.08464831634242,178.01221322988098,57.30330640977917,trace_complete_exploratory,0.014891010771435731,0.006443202457774078,True,148.60512489521057,90.7067870743288,94.98353761014836,,
refine_higher_0.005_R1.605_C0.480,higher,1.605,0.48,0.005,False,mixed-grid isolated coarse points were incorrectly admitted as local minima,143.3234310541996,81.99882440054168,113.75402105288047,72.0124893847974,4.405677397091627,1.4995115181681595,0.999816112808515,0.9999907127681047,0.9999230914585946,1.000019901146961,0.0,517.8505344917003,309.5921273698626,309.59212736986336,607.7532130419123,1023.8282914095107,665.6586108070608,215.68938740004018,179.3692224547272,61.32460665365792,trace_complete_exploratory,0.009974544218010806,0.007692027170122628,True,148.60512489521057,90.7067870743288,103.7249037582429,219.0,874.0
refine_higher_0.005_R1.605_C0.485,higher,1.605,0.485,0.005,False,mixed-grid isolated coarse points were incorrectly admitted as local minima,143.07518142079903,82.28219053425411,113.76114929209504,72.01218897249852,4.405376022618406,1.4997235290733375,0.9997668976887895,0.9999882271559994,0.9999030002400888,1.000025119397738,0.0,517.2486712458361,316.5460665622596,316.5460665622596,606.9033923383884,1024.1381066716488,664.6285182405335,215.43842453282596,179.0730074124628,60.792990886544914,trace_complete_exploratory,0.011931144786444747,0.008262709926910361,True,148.60512489521057,90.7067870743288,101.55410169322516,212.0,879.0
refine_higher_0.005_R1.605_C0.490,higher,1.605,0.49,0.005,False,mixed-grid isolated coarse points were incorrectly admitted as local minima,142.8235991641574,82.5530594998362,113.75995988626995,72.0119337217553,4.405390536361451,1.499723998152994,0.9997458333508544,0.9999871633005482,0.9998933860553432,1.000027548922495,0.0,516.6024126854763,311.7436582018761,311.7436582018785,606.0060352251131,1024.2532899626908,663.550981296617,215.1688149115624,178.76542829285518,60.270539664321205,trace_complete_exploratory,0.012807650318478636,0.0062628269109836765,True,148.60512489521057,90.7067870743288,99.90931313787091,211.0,879.0
refine_higher_0.005_R1.605_C0.495,higher,1.605,0.495,0.005,False,mixed-grid isolated coarse points were incorrectly admitted as local minima,142.58058643157906,82.82767245320734,113.7646074137158,72.01184227581655,4.404983316703776,1.499937525271268,0.999739645396185,0.9999868507775858,0.99989038174532,1.0000283226224553,0.0,516.0222938270715,315.6435125588015,315.6435125588031,605.1870074320287,1024.549653363148,662.5561466953689,214.92683506535968,178.4796693633634,59.75291397837172,trace_complete_exploratory,0.013098497461612624,0.007710036030644574,True,148.60512489521057,90.7067870743288,98.37551091254537,165.0,884.0
refine_higher_0.005_R1.605_C0.500,higher,1.605,0.5,0.005,False,mixed-grid isolated coarse points were incorrectly admitted as local minima,142.3766267820704,83.16343605345594,113.81521793063568,72.01260987771384,4.401328413489859,1.501875967088416,0.9998227211695478,0.9999910465237147,0.9999261532740029,1.0000190649619092,0.0,515.5243384175944,316.9447970542959,316.94479705429626,604.424071761587,1025.201374515559,661.6036135006677,214.71879586062462,178.2025586949841,59.21319072861445,trace_complete_exploratory,0.01427847945853955,0.008872001268855456,True,148.60512489521057,90.7067870743288,95.6963333694944,233.0,930.0
refine_higher_0.005_R1.605_C0.505,higher,1.605,0.505,0.005,False,mixed-grid isolated coarse points were incorrectly admitted as local minima,142.09714215430668,83.34568646585336,113.76066363503354,72.0108676339118,4.404905497404885,1.4999004242306688,0.9996462983021857,0.9999821362778885,0.9998509020522837,1.0000387745136552,0.0,513.691494066416,314.7014308097887,314.7014308097887,602.3371336582475,1020.8564105761062,658.8820061019674,214.0957355592255,177.0901877052355,58.75145568845332,trace_complete_exploratory,0.018930143158286228,0.006569785605691436,True,148.60512489521057,90.7067870743288,96.53964152400032,194.0,884.0
refine_higher_0.005_R1.605_C0.510,higher,1.605,0.51,0.005,False,mixed-grid isolated coarse points were incorrectly admitted as local minima,141.8507970334896,83.56907734621049,113.74096976160304,72.01106527135988,4.406595547361699,1.499072583969742,0.9997083410189538,0.9999852697484316,0.9998770480897682,1.000032102354634,0.0,513.8026044451685,316.9693869829947,316.96938698299357,602.5271245906924,1020.2888235269988,659.1301827200622,214.14182702108906,177.16494892928273,58.28171968727912,trace_complete_exploratory,0.016341550255418724,0.006132255208740389,True,148.60512489521057,90.7067870743288,96.5678450264947,168.0,864.0
refine_higher_0.005_R1.605_C0.515,higher,1.605,0.515,0.005,False,mixed-grid isolated coarse points were incorrectly admitted as local minima,141.63246750522177,83.85058666965125,113.76003187694252,72.01147549071338,4.404751797250699,1.4999460715490542,0.9997506285444121,0.9999874054820408,0.9998950096836482,1.0000273730570575,0.0,514.12925941769,323.02719588448895,323.0271958844886,602.9668905213655,1025.169166437,659.6492659257037,214.27794824660236,177.37881067860212,57.78188083557052,trace_complete_exploratory,0.016094080300661062,0.006081656769737265,True,148.60512489521057,90.7067870743288,95.625435067266,179.0,884.0
refine_higher_0.005_R1.605_C0.520,higher,1.605,0.52,0.005,False,mixed-grid isolated coarse points were incorrectly admitted as local minima,141.3687768691916,84.01837733989854,113.70758499973066,72.01217808516729,4.408811478689651,1.497817979372216,0.9997643368057583,0.9999880978184711,0.9999016673457957,1.0000255188836977,0.0,513.1423429989717,320.9696072540537,320.96960725405256,601.2011238963958,1019.3308037060438,657.7764487510573,213.72563653365248,177.11605979254995,57.35039952929307,trace_complete_exploratory,0.01176809754932151,0.006683792478099804,True,148.60512489521057,90.7067870743288,97.09955752929002,163.0,834.0
refine_higher_0.005_R1.610_C0.480,higher,1.61,0.48,0.005,False,mixed-grid isolated coarse points were incorrectly admitted as local minima,143.40007181033016,82.18133995833747,113.87348590885664,72.01207249354225,4.396151778363665,1.5045080235501775,0.9997568559350298,0.999987719996718,0.999898485543251,1.0000262806693958,0.0,511.39688224437987,308.40387568614165,308.40387568614364,599.3717305442397,1021.1856706806457,655.4401504183573,213.13977641340128,176.1260020158128,61.218731851992686,trace_complete_exploratory,0.012394924351724512,0.006301260206825532,True,148.60512489521057,90.7067870743288,99.77582614398784,168.0,884.0
refine_higher_0.005_R1.610_C0.485,higher,1.61,0.485,0.005,False,mixed-grid isolated coarse points were incorrectly admitted as local minima,143.14531846525355,82.45659072550146,113.87272693121614,72.01183447944155,4.396172520208449,1.5045062494621495,0.9997386654129383,0.9999868012834818,0.9998901636189719,1.0000284102349093,0.0,515.799527019328,309.749715925348,309.749715925348,605.1208571461261,1022.0983161194164,662.6173877492292,214.83459637896686,178.52059472601826,60.688727739752096,trace_complete_exploratory,0.013236097390404211,0.006224575201031257,True,148.60512489521057,90.7067870743288,97.87522604680399,186.0,884.0
refine_higher_0.005_R1.610_C0.490,higher,1.61,0.49,0.005,False,mixed-grid isolated coarse points were incorrectly admitted as local minima,142.8985340846736,82.73536170074827,113.87753120733984,72.01171769044423,4.39577140698065,1.5047209439801303,0.9997308813588396,0.9999864081494364,0.9998865479931942,1.0000294094703952,0.0,515.220720682132,316.59671575520053,316.59671575519815,604.2956858550973,1022.404227394528,661.6098124709573,214.59312689632026,178.23044686681826,60.16317238392533,trace_complete_exploratory,0.013602739964426291,0.007478185828773576,True,148.60512489521057,90.7067870743288,96.10880116546844,179.0,889.0
refine_higher_0.005_R1.610_C0.495,higher,1.61,0.495,0.005,False,mixed-grid isolated coarse points were incorrectly admitted as local minima,142.65081147006794,83.00030538667929,113.8752627583508,72.0108410871349,4.3957279799318165,1.5047074207521576,0.9996631024030092,0.9999829849698487,0.9998572845300471,1.000037325997535,0.0,514.6167356274254,314.8348314929125,314.834831492914,603.4500264548697,1022.582582651045,660.594335125958,214.34122113695395,177.94042368757295,59.65050608338865,trace_complete_exploratory,0.01692734766604076,0.00576090297738574,True,148.60512489521057,90.7067870743288,94.84370836691106,180.0,889.0
refine_higher_0.005_R1.610_C0.500,higher,1.61,0.5,0.005,False,mixed-grid isolated coarse points were incorrectly admitted as local minima,142.40649426555365,83.26067304064023,113.87367256155156,72.01056639222107,4.395564043721031,1.504680498587879,0.9996388324541974,0.999981759214858,0.9998469251160358,1.0000401216355104,0.0,513.2683162000276,312.951065943034,312.9510659430344,601.7775607934702,1022.6313081650138,658.4609436698721,213.84911672510555,177.16187252200638,59.14582122491342,trace_complete_exploratory,0.018682237930505607,0.006785391442832633,True,148.60512489521057,90.7067870743288,93.86763588561485,176.0,889.0
refine_higher_0.005_R1.610_C0.505,higher,1.61,0.505,0.005,False,mixed-grid isolated coarse points were incorrectly admitted as local minima,142.1373914878584,83.4427347492918,113.8245501765615,72.0122532121234,4.399698814079614,1.5026048146764523,0.9997725758644681,0.9999885139325496,0.9999051706032707,1.0000245868455029,0.0,512.4659163163963,316.9127319379645,316.91273193796405,600.924329858426,1018.1290832521178,657.3465409513865,213.58453484771405,176.68046830774972,58.69465673856659,trace_complete_exploratory,0.011982706091345108,0.006582934665644302,True,148.60512489521057,90.7067870743288,94.59803160945475,190.0,839.0
refine_higher_0.005_R1.610_C0.510,higher,1.61,0.51,0.005,False,mixed-grid isolated coarse points were incorrectly admitted as local minima,141.89388020946498,83.67958335821355,113.81184809723548,72.01196778920055,4.400525174602604,1.502154135978816,0.9997474899492527,0.9999872469671338,0.999894454021947,1.000027330193689,0.0,512.6553491272142,318.62686688238614,318.6268668823838,600.9872870561516,1017.6862938012987,657.6226656105478,213.5884981986381,176.7787264380841,58.21429685125143,trace_complete_exploratory,0.012613894240189438,0.006375933949271939,True,148.60512489521057,90.7067870743288,94.42239729973235,200.0,829.0
refine_higher_0.005_R1.610_C0.515,higher,1.61,0.515,0.005,False,mixed-grid isolated coarse points were incorrectly admitted as local minima,141.6575579037356,83.92034351715267,113.80363217195062,72.0112915306639,4.400878063827125,1.501926645342383,0.9996950890583145,0.9999846004574898,0.9998712975170113,1.0000334983102788,0.0,512.2615314477107,320.012782304565,320.0127823045611,600.2222535467042,1017.2883657949706,656.7379254212117,213.3589251905111,176.84164185005662,57.737214386582934,trace_complete_exploratory,0.01520094241618608,0.006273309986397635,True,148.60512489521057,90.7067870743288,94.32450325576977,188.0,824.0
refine_higher_0.005_R1.610_C0.520,higher,1.61,0.52,0.005,False,mixed-grid isolated coarse points were incorrectly admitted as local minima,141.44928750520748,84.20705451986915,113.83068862333089,72.01213219056059,4.398770938175771,1.5030269725437937,0.9997604575532043,0.9999879018966256,0.9999001158399183,1.0000259055547693,0.0,511.7711255160662,319.561930270181,319.56193027018105,599.5084593215829,1017.1262297417813,655.8616171581768,213.15432160288654,176.58911810013961,57.24223298533833,trace_complete_exploratory,0.011934156615836855,0.0066288302683830125,True,148.60512489521057,90.7067870743288,93.45253203166881,166.0,849.0
refine_higher_0.005_R1.615_C0.480,higher,1.615,0.48,0.005,False,mixed-grid isolated coarse points were incorrectly admitted as local minima,143.47391051657223,82.36365275886708,113.9903873299822,72.01182755130098,4.386569121060499,1.5095082595005502,0.9997395453141986,0.9999868457229384,0.9998902777198084,1.0000283890841595,0.0,515.0353312909722,310.45752467317186,310.45752467317436,604.2832141241029,1020.0683516340955,661.733756745911,214.51650362719812,178.28922565562232,61.110257757705156,trace_complete_exploratory,0.013295194007440614,0.00769694524001352,True,148.60512489521057,90.7067870743288,95.93725120537977,225.0,894.0
refine_higher_0.005_R1.615_C0.485,higher,1.615,0.485,0.005,False,mixed-grid isolated coarse points were incorrectly admitted as local minima,143.2189368885704,82.6377384233796,113.98908362266312,72.0112391798431,4.386562918864303,1.50950226646402,0.999693719345,0.999984531280051,0.9998706077775894,1.0000337543299704,0.0,514.4057649580861,308.7562335784089,308.75623357840846,603.398210763097,1020.246175905022,660.6678406216561,214.25387994433157,177.98378185666485,60.581198465190795,trace_complete_exploratory,0.015550414513938904,0.00649996929790575,True,148.60512489521057,90.7067870743288,94.12056737425948,218.0,894.0
refine_higher_0.005_R1.615_C0.490,higher,1.615,0.49,0.005,False,mixed-grid isolated coarse points were incorrectly admitted as local minima,142.96808954706952,82.90687484877282,113.98772738375098,72.0108390012514,4.38653036897687,1.5094702957537487,0.9996457042387549,0.9999821062746844,0.9998505544708669,1.0000388936713889,0.0,511.1236153906241,309.7592736243387,309.7592736243363,599.215230991523,1018.8810913869112,655.3818595969076,213.02554433200268,176.1335320498311,60.06121469829671,trace_complete_exploratory,0.01908984716638429,0.006476777421156044,True,148.60512489521057,90.7067870743288,92.61479824256931,217.0,894.0
refine_higher_0.005_R1.615_C0.495,higher,1.615,0.495,0.005,False,mixed-grid isolated coarse points were incorrectly admitted as local minima,142.68320386742664,83.0794879760277,113.92804850758482,72.0122190648217,4.391412529588269,1.5069281132892558,0.999768708411851,0.999988318606658,0.9999035525540088,1.0000250096692214,0.0,510.99041199566227,314.3960805983911,314.3960805983932,599.1088252534178,1016.524694628125,655.2951145649532,212.96971033831454,176.11656909707762,59.603715891398934,trace_complete_exploratory,0.01185499826632963,0.006623687399383016,True,148.60512489521057,90.7067870743288,93.2448401942541,169.0,834.0
refine_higher_0.005_R1.615_C0.500,higher,1.615,0.5,0.005,False,mixed-grid isolated coarse points were incorrectly admitted as local minima,,,,,,,,,,,,,,,,,,,,,interrupted_before_trace,,,,,,,,
refine_higher_0.005_R1.615_C0.505,higher,1.615,0.505,0.005,False,mixed-grid isolated coarse points were incorrectly admitted as local minima,,,,,,,,,,,,,,,,,,,,,interrupted_before_trace,,,,,,,,
refine_higher_0.005_R1.615_C0.510,higher,1.615,0.51,0.005,False,mixed-grid isolated coarse points were incorrectly admitted as local minima,141.98125776183042,83.88447861698798,113.9459581693441,72.01212277339614,4.38967847108961,1.507806235447008,0.9997598376661112,0.9999878705891965,0.9998999308715546,1.0000259518661512,0.0,511.45397679884377,316.57246500022575,316.5724650002242,599.3003737085323,1015.5537224583577,655.7437651529058,213.02263260481106,176.53267791737193,58.09677914484244,trace_complete_exploratory,0.012053831684028182,0.006574771435140292,True,148.60512489521057,90.7067870743288,90.41950848777785,167.0,854.0
refine_higher_0.005_R1.615_C0.515,higher,1.615,0.515,0.005,False,mixed-grid isolated coarse points were incorrectly admitted as local minima,141.75727642867196,84.14986202648315,113.95515241244286,72.01213164775021,4.388810427721532,1.508242635126556,0.9997605688261041,0.9999879075164694,0.999900174475076,1.0000258971919274,0.0,510.9273382073753,317.05074073431354,317.0507407343131,598.5535623952574,1015.2615542353026,654.8366927625077,212.8029510401397,176.31702069140027,57.60741440218881,trace_complete_exploratory,0.00884457970346375,0.006604065988369712,True,148.60512489521057,90.7067870743288,89.88629470374087,165.0,864.0
refine_higher_0.005_R1.615_C0.520,higher,1.615,0.52,0.005,False,mixed-grid isolated coarse points were incorrectly admitted as local minima,,,,,,,,,,,,,,,,,,,,,interrupted_before_trace,,,,,,,,
refine_higher_0.005_R1.620_C0.480,higher,1.62,0.48,0.005,False,mixed-grid isolated coarse points were incorrectly admitted as local minima,,,,,,,,,,,,,,,,,,,,,interrupted_before_trace,,,,,,,,
refine_higher_0.005_R1.620_C0.485,higher,1.62,0.485,0.005,False,mixed-grid isolated coarse points were incorrectly admitted as local minima,,,,,,,,,,,,,,,,,,,,,interrupted_before_trace,,,,,,,,
refine_higher_0.005_R1.620_C0.490,higher,1.62,0.49,0.005,False,mixed-grid isolated coarse points were incorrectly admitted as local minima,,,,,,,,,,,,,,,,,,,,,interrupted_before_trace,,,,,,,,
refine_higher_0.005_R1.620_C0.495,higher,1.62,0.495,0.005,False,mixed-grid isolated coarse points were incorrectly admitted as local minima,,,,,,,,,,,,,,,,,,,,,interrupted_before_trace,,,,,,,,
refine_higher_0.005_R1.620_C0.500,higher,1.62,0.5,0.005,False,mixed-grid isolated coarse points were incorrectly admitted as local minima,,,,,,,,,,,,,,,,,,,,,interrupted_before_trace,,,,,,,,
refine_higher_0.005_R1.620_C0.505,higher,1.62,0.505,0.005,False,mixed-grid isolated coarse points were incorrectly admitted as local minima,,,,,,,,,,,,,,,,,,,,,interrupted_before_trace,,,,,,,,
refine_higher_0.005_R1.620_C0.510,higher,1.62,0.51,0.005,False,mixed-grid isolated coarse points were incorrectly admitted as local minima,,,,,,,,,,,,,,,,,,,,,interrupted_before_trace,,,,,,,,
refine_higher_0.005_R1.620_C0.515,higher,1.62,0.515,0.005,False,mixed-grid isolated coarse points were incorrectly admitted as local minima,,,,,,,,,,,,,,,,,,,,,interrupted_before_trace,,,,,,,,
refine_higher_0.005_R1.620_C0.520,higher,1.62,0.52,0.005,False,mixed-grid isolated coarse points were incorrectly admitted as local minima,,,,,,,,,,,,,,,,,,,,,interrupted_before_trace,,,,,,,,
refine_higher_0.005_R1.680_C0.400,higher,1.68,0.4,0.005,False,mixed-grid isolated coarse points were incorrectly admitted as local minima,,,,,,,,,,,,,,,,,,,,,interrupted_before_trace,,,,,,,,
refine_higher_0.005_R1.680_C0.405,higher,1.68,0.405,0.005,False,mixed-grid isolated coarse points were incorrectly admitted as local minima,,,,,,,,,,,,,,,,,,,,,interrupted_before_trace,,,,,,,,
refine_higher_0.005_R1.680_C0.410,higher,1.68,0.41,0.005,False,mixed-grid isolated coarse points were incorrectly admitted as local minima,,,,,,,,,,,,,,,,,,,,,interrupted_before_trace,,,,,,,,
refine_higher_0.005_R1.680_C0.415,higher,1.68,0.415,0.005,False,mixed-grid isolated coarse points were incorrectly admitted as local minima,,,,,,,,,,,,,,,,,,,,,interrupted_before_trace,,,,,,,,
refine_higher_0.005_R1.680_C0.480,higher,1.68,0.48,0.005,False,mixed-grid isolated coarse points were incorrectly admitted as local minima,144.26212765038602,84.31242900989943,115.2427430600928,72.0149947809332,4.284628826161589,1.5640690937930404,0.9999731049093679,0.9999986416620893,0.9999906151869757,1.0000019029836436,0.0,498.13569266247725,307.67244794140504,307.672447941407,584.2500042870615,993.2848185643134,639.139962826657,207.60968361914178,171.80238932042784,59.94969864048659,trace_complete_exploratory,0.01474288197383089,0.014674575259959965,True,148.60512489521057,90.7067870743288,59.7494401246865,150.0,790.0
refine_higher_0.005_R1.680_C0.485,higher,1.68,0.485,0.005,False,mixed-grid isolated coarse points were incorrectly admitted as local minima,144.0092107871447,84.57515040587451,115.23744903626088,72.01569363448779,4.285011737670283,1.56381592207291,1.000006176190198,1.0000003119287983,1.000005135908114,0.9999979571382401,0.0,496.4203605108981,309.0224356476326,309.022435647629,581.4267983128159,987.5313869706457,635.9489374622028,206.76196105424577,171.20743333498737,59.434060381270186,trace_complete_exploratory,0.01736488464729291,0.01568998218326101,True,148.60512489521057,90.7067870743288,58.71939472265214,161.0,785.0
refine_higher_0.005_R1.680_C0.490,higher,1.68,0.49,0.005,False,mixed-grid isolated coarse points were incorrectly admitted as local minima,143.7578176416037,84.84232156769876,115.23708725872922,72.01582040731586,4.28506469714049,1.5638107439915545,1.0000278185882099,1.0000014049792005,1.0000142603566302,0.9999955574600128,0.0,498.6251039549006,310.43452758032834,310.4345275803287,584.9349312195995,993.564400693387,639.9671540531971,207.81341723094746,172.04007851779957,58.91549607390495,trace_complete_exploratory,0.01757607644154291,0.016948278517247672,True,148.60512489521057,90.7067870743288,57.88834328932319,154.0,785.0
refine_higher_0.005_R1.680_C0.495,higher,1.68,0.495,0.005,False,mixed-grid isolated coarse points were incorrectly admitted as local minima,143.51666966454584,85.10615404724626,115.23692361028596,72.01610211815415,4.2851817265097525,1.5638071798897146,1.000047583715154,1.000002403217937,1.0000229559253966,0.9999932805047675,0.0,498.8815534796596,317.1431812283097,317.1431812283106,585.2936160117606,993.7337741476044,640.3998429344709,207.92014736419355,172.1645873908612,58.41051561729958,trace_complete_exploratory,0.01821688825214096,0.016861779062637083,True,148.60512489521057,90.7067870743288,57.259466938526856,161.0,785.0
refine_higher_0.005_R1.680_C0.500,higher,1.68,0.5,0.005,False,mixed-grid isolated coarse points were incorrectly admitted as local minima,143.2798733326621,85.36579459368164,115.23659794284472,72.01658434446578,4.2852848363421385,1.5638144826337983,1.0000724611103802,1.0000036596520403,1.0000340146241178,0.9999902454305716,0.0,499.1078073056704,318.23542524964205,318.23542524964296,585.6169116358449,993.8675642598336,640.7935637987052,208.0143331186556,172.2782641008873,57.914078738980464,trace_complete_exploratory,0.020016237321669905,0.01713419711272479,True,148.60512489521057,90.7067870743288,56.8845048827543,151.0,785.0
refine_higher_0.005_R1.680_C0.505,higher,1.68,0.505,0.005,False,mixed-grid isolated coarse points were incorrectly admitted as local minima,143.02770488392008,85.59676555412955,115.2173328033971,72.00589086279216,4.2851364599135895,1.5634975823478423,0.9993300419441844,0.9999661637345552,0.9997142928950498,1.00007576808123,0.0,499.35721434028505,316.8010413363646,316.80104133636576,585.9468946321945,994.0956293447506,641.1836755451864,208.11793341196505,172.39082184489243,57.43093932979053,trace_complete_exploratory,0.024620361119445988,0.00892270905731607,True,148.60512489521057,90.7067870743288,57.21993391924305,140.0,781.0
refine_higher_0.005_R1.680_C0.510,higher,1.68,0.51,0.005,False,mixed-grid isolated coarse points were incorrectly admitted as local minima,142.7921402617206,85.83556738159831,115.2081774259006,72.0095961241494,4.285989169056682,1.5630630684611588,0.9995822912483106,0.9999789035983996,0.9998226876549516,1.000046764895272,0.0,493.78885272482734,314.17805485744054,314.178054857442,577.7478079153257,986.860829867139,631.515151219638,205.66510512664803,169.9403120929325,56.95657288012228,trace_complete_exploratory,0.019073003873671723,0.0063999530937621785,True,148.60512489521057,90.7067870743288,57.51957164403592,142.0,771.0
refine_higher_0.005_R1.680_C0.515,higher,1.68,0.515,0.005,False,mixed-grid isolated coarse points were incorrectly admitted as local minima,142.56741833232576,86.09373646444206,115.214683083116,72.01308382242784,4.2854633210542925,1.5633540497350058,0.9998485730313247,0.9999923521732994,0.9999365776084672,1.0000164118757127,0.0,499.71080685962653,316.0969035825751,316.0969035825734,586.4625552188095,994.193816975573,641.8191069936626,208.26509779398552,172.57434495232422,56.4736818678837,trace_complete_exploratory,0.012391652307002232,0.011472536034247582,True,148.60512489521057,90.7067870743288,57.73413646887871,187.0,776.0
refine_higher_0.005_R1.680_C0.520,higher,1.68,0.52,0.005,False,mixed-grid isolated coarse points were incorrectly admitted as local minima,142.3542199327263,86.3493491969278,115.22254618944744,72.01469108328158,4.285133572001041,1.563626479595613,0.9999473078952462,0.9999973387825867,0.999979378500311,1.0000049456782079,0.0,499.9208381298347,311.2712499982931,311.27124999829266,586.759518697912,994.2997797619223,642.17835200988,208.35255793568916,172.67795113611822,56.00487073579849,trace_complete_exploratory,0.012781220195904552,0.01391723670111844,True,148.60512489521057,90.7067870743288,58.061077705419386,191.0,781.0
refine_higher_0.005_R1.680_C0.580,higher,1.68,0.58,0.005,False,mixed-grid isolated coarse points were incorrectly admitted as local minima,139.87239758382825,88.37906128522214,115.14788276386552,72.01477220275386,4.286959820660587,1.5619377005233746,0.9999520292423221,0.9999975772344611,0.9999814743433593,1.0000043659361486,0.0,501.62964568125994,327.04679092335095,327.0467909233503,589.2169569673822,994.9087607831038,645.1874142018507,209.06388114569774,173.5526337908781,51.49333629860611,trace_complete_exploratory,0.013176368124987903,0.009504232545396007,True,148.60512489521057,90.7067870743288,81.67883364423493,183.0,747.0
refine_higher_0.005_R1.680_C0.585,higher,1.68,0.585,0.005,False,mixed-grid isolated coarse points were incorrectly admitted as local minima,139.686162091916,88.52964473571855,115.1495135045902,72.01568594252976,4.2863253728107775,1.5621644580781513,1.0000148913778708,1.0000007520897927,1.000008751309986,0.9999970122289745,0.0,501.7831814648375,330.31688638405467,330.31688638405745,589.428351116446,995.0249539696777,645.4447553133227,209.12765234920693,173.62750273048027,51.156517356197455,trace_complete_exploratory,0.016929509755982508,0.012724188749899668,True,148.60512489521057,90.7067870743288,84.28784624912132,143.0,752.0
refine_higher_0.005_R1.680_C0.590,higher,1.68,0.59,0.005,False,mixed-grid isolated coarse points were incorrectly admitted as local minima,139.4989558433549,88.6674778212226,115.14003530153636,72.01581424031455,4.286668594525588,1.561913649257453,1.0000239935359079,1.0000012117947426,1.0000128084891786,0.9999959377580596,0.0,501.8186181286859,326.0904120717263,326.0904120717263,589.4946732727464,994.9492640555625,645.5323718999117,209.1427116315782,173.65434072519628,50.8314780221323,trace_complete_exploratory,0.017019954699662776,0.01040757620241095,True,148.60512489521057,90.7067870743288,87.08109703077835,149.0,747.0
refine_higher_0.005_R1.680_C0.595,higher,1.68,0.595,0.005,False,mixed-grid isolated coarse points were incorrectly admitted as local minima,139.32213057404385,88.81582003029921,115.14127013043662,72.01608731671266,4.2861984633201855,1.5621496541414832,1.0000460726073874,1.0000023268993652,1.0000222252499091,0.9999934631034257,0.0,502.015498452256,331.8559111384303,331.85591113843384,589.7647826333066,995.1023932907215,645.8542238414448,209.2245219530779,173.74580604472905,50.50631054374465,trace_complete_exploratory,0.017939354838944155,0.014663562076520975,True,148.60512489521057,90.7067870743288,89.74973992841944,152.0,752.0
refine_higher_0.005_R1.680_C0.600,higher,1.68,0.6,0.005,False,mixed-grid isolated coarse points were incorrectly admitted as local minima,139.1420890105383,88.9523414384884,115.13216325063888,72.0168319001831,4.286653830046459,1.5618939348023282,1.0000823441957019,1.0000041587977635,1.0000384578787922,0.9999889720120938,0.0,502.04561266638314,327.721005829438,327.72100582943915,589.825868796994,995.0219940673254,645.939583870128,209.23718468181931,173.77399588779366,50.18974757204991,trace_complete_exploratory,0.021391156400284217,0.016168531256113283,True,148.60512489521057,90.7067870743288,92.62712764371416,144.0,747.0
refine_higher_0.005_R1.680_C0.605,higher,1.68,0.605,0.005,False,mixed-grid isolated coarse points were incorrectly admitted as local minima,138.96491704809662,89.09005807829374,115.1261549644962,72.01674861867244,4.286457334407439,1.5618954070886852,1.0000911252666604,1.0000046022861957,1.0000415955049893,0.9999881828535446,0.0,493.30475671325314,328.23811608229744,328.23811608230017,577.5464254087701,988.9495707150901,631.1361324197701,205.58113467801292,169.5583727428836,49.87485896980289,trace_complete_exploratory,0.021688348868195817,0.016536725348103687,True,148.60512489521057,90.7067870743288,95.54741998217777,149.0,747.0
refine_higher_0.005_R1.680_C0.610,higher,1.68,0.61,0.005,False,mixed-grid isolated coarse points were incorrectly admitted as local minima,138.78695171656446,89.22592736533484,115.11973937601088,72.01593394839398,4.2861959122297,1.561893729138205,1.0000457866298933,1.000002312456054,1.0000220703524376,0.9999936074817735,0.0,502.2908679448866,334.24059327153736,334.24059327153566,590.1708479277545,995.1463910904058,646.3588841009016,209.3393790750937,173.89519677363862,49.56102435122962,trace_complete_exploratory,0.018393884857800913,0.01596890784183813,True,148.60512489521057,90.7067870743288,98.58947004360745,145.0,747.0
refine_higher_0.005_R1.680_C0.615,higher,1.68,0.615,0.005,False,mixed-grid isolated coarse points were incorrectly admitted as local minima,138.61208411033485,89.36083432319681,115.11363720182123,72.0153999152732,4.285918674599807,1.5618958173967177,1.000012864195404,1.000000649706839,1.0000075100368475,0.9999974170962875,0.0,502.3935661231767,334.7918833624648,334.7918833624645,590.3119712827587,995.1819594424454,646.5316503149294,209.38214594442374,173.94540580968425,49.251249787138036,trace_complete_exploratory,0.015993125403440445,0.013107822647654643,True,148.60512489521057,90.7067870743288,101.67245293646926,148.0,747.0
refine_higher_0.005_R1.680_C0.620,higher,1.68,0.62,0.005,False,mixed-grid isolated coarse points were incorrectly admitted as local minima,138.43948541914835,89.49437903724096,115.10749853229242,72.01486651156439,4.285545244364933,1.5619084743934608,0.999972385610904,0.9999986053338834,0.9999901205625984,1.0000020949376636,0.0,502.49300157106654,335.491451393228,335.49145139322707,590.4541360893786,995.219398651454,646.7036483211941,209.4236578538338,173.99493485158558,48.945106381907394,trace_complete_exploratory,0.013271302433594201,0.01108788334262556,True,148.60512489521057,90.7067870743288,104.81015920566956,184.0,747.0
refine_higher_0.005_R1.685_C0.480,higher,1.685,0.48,0.005,False,mixed-grid isolated coarse points were incorrectly admitted as local minima,144.3220713163956,84.46989176463842,115.34471575322516,72.01575649733093,4.276347502421178,1.5685908611373187,1.0000251747473294,1.000001271451886,1.0000132534047834,0.999995863750118,0.0,497.28949418710056,313.2026631550341,313.20266315503534,583.2895886519159,991.4188169563656,638.1093184701956,207.2567926635458,171.52992911616818,59.85217955175719,trace_complete_exploratory,0.017584805235998147,0.016976999586574948,True,148.60512489521057,90.7067870743288,57.2434110630375,193.0,790.0
refine_higher_0.005_R1.685_C0.485,higher,1.685,0.485,0.005,False,mixed-grid isolated coarse points were incorrectly admitted as local minima,144.07246284641428,84.74201330434892,115.34467498455264,72.01591360854032,4.276419176618426,1.568589301558713,1.0000371122821983,1.0000018743576873,1.0000182144319565,0.9999945896431034,0.0,497.5450341491289,314.1986911064813,314.19869110648096,583.6482085634862,991.574908192441,638.5409529108431,207.36318544723946,171.6529109281292,59.33044954206537,trace_complete_exploratory,0.017740690261234704,0.016851500323298296,True,148.60512489521057,90.7067870743288,56.12355137563817,194.0,790.0
refine_higher_0.005_R1.685_C0.490,higher,1.685,0.49,0.005,False,mixed-grid isolated coarse points were incorrectly admitted as local minima,143.82845612897412,85.01035307546408,115.3449911013582,72.01638944098625,4.276601622820416,1.5685904631168726,1.0000638563474178,1.000003225068053,1.0000298823910643,0.9999913051763318,0.0,497.78855642668793,315.22311448192124,315.22311448191977,583.9897671234409,991.7211177196602,638.9550420979606,207.46459899521096,171.77280905974084,58.81810305351004,trace_complete_exploratory,0.01921318126647975,0.016944933734649226,True,148.60512489521057,90.7067870743288,55.265924805760655,146.0,790.0
refine_higher_0.005_R1.685_C0.495,higher,1.685,0.495,0.005,False,mixed-grid isolated coarse points were incorrectly admitted as local minima,143.58538119311606,85.2653981662935,115.33897205187904,72.01701158173506,4.277074717243329,1.5683584673278324,1.0000929337748108,1.000004693624991,1.0000433065458618,0.9999876213075034,0.0,493.97930252204185,310.7915827288183,310.79158272881705,578.2463689749093,984.5241766020483,632.2387402309719,205.74470050849578,170.16804147438577,58.31998302682257,trace_complete_exploratory,0.022328408282305645,0.017713698334759442,True,148.60512489521057,90.7067870743288,54.80654008320709,149.0,786.0
refine_higher_0.005_R1.685_C0.500,higher,1.685,0.5,0.005,False,mixed-grid isolated coarse points were incorrectly admitted as local minima,143.33055664933556,85.50297673482378,115.32285088757295,72.00834686256319,4.2769714210742045,1.5680500910616832,0.9994375391298863,0.9999715928853481,0.9997607784799243,1.0000629336783549,0.0,493.5119225696211,312.4298862221219,312.4298862221196,577.573048118237,984.6679254141131,631.4281528814058,205.54981803493683,169.93625108641018,57.82757991451179,trace_complete_exploratory,0.019373791944474306,0.006493060774900528,True,148.60512489521057,90.7067870743288,54.90071222993231,188.0,781.0
refine_higher_0.005_R1.685_C0.505,higher,1.685,0.505,0.005,False,mixed-grid isolated coarse points were incorrectly admitted as local minima,143.10074166143175,85.76612973456598,115.3281371369872,72.01517698740277,4.277169102251197,1.568108121212629,1.0000008129582787,1.000000041058498,1.0000022744128438,0.9999988723979589,0.0,492.9498393806207,313.33406328557226,313.3340632855703,576.811900026659,984.8186271421462,630.5164998595772,205.3156170822883,169.67529781104608,57.334611926865776,trace_complete_exploratory,0.01437672617984731,0.015589664021604221,True,148.60512489521057,90.7067870743288,54.708329733257514,162.0,780.0
refine_higher_0.005_R1.685_C0.510,higher,1.685,0.51,0.005,False,mixed-grid isolated coarse points were incorrectly admitted as local minima,142.87573002041816,86.02630382711227,115.33284461591956,72.01464960461489,4.276536131522361,1.5684058122440945,0.9999448485600322,0.9999972145737381,0.9999783039437288,1.000005242951091,0.0,498.6637598373978,312.07502069301086,312.07502069300847,585.2169025586597,992.2154987039247,640.4392097715566,207.82874849445574,172.20040313243328,56.84942619330589,trace_complete_exploratory,0.012360622753760708,0.013819384201497087,True,148.60512489521057,90.7067870743288,54.73288905877206,159.0,786.0
refine_higher_0.005_R1.685_C0.515,higher,1.685,0.515,0.005,False,mixed-grid isolated coarse points were incorrectly admitted as local minima,142.6446029481594,86.26411324629655,115.32575691723156,72.0147278911967,4.276934704904956,1.5681608484984575,0.9999532481087448,0.9999976387933702,0.9999819228923243,1.0000042759033738,0.0,498.8455982762988,315.2102618437908,315.21026184379247,585.4798782157739,992.3114157588607,640.7641217564717,207.90441242141583,172.29533326271945,56.38048970186284,trace_complete_exploratory,0.013320993753211496,0.014105912843177748,True,148.60512489521057,90.7067870743288,55.265172623561526,171.0,781.0
refine_higher_0.005_R1.685_C0.520,higher,1.685,0.52,0.005,False,mixed-grid isolated coarse points were incorrectly admitted as local minima,142.42067863917788,86.5059536426794,115.32419327816773,72.01498337184488,4.276899221868957,1.5681551344014213,0.9999733873808422,0.9999986559283234,0.9999906971719121,1.0000019026902112,0.0,499.0428253479258,316.237073136116,316.23707313611607,585.7598753376082,992.4190845189421,641.1036956949911,207.98649813217554,172.39325748770028,55.91472499649848,trace_complete_exploratory,0.014609278807398596,0.014867820553305933,True,148.60512489521057,90.7067870743288,55.894377014219984,152.0,781.0
refine_higher_0.005_R1.685_C0.580,higher,1.685,0.58,0.005,False,mixed-grid isolated coarse points were incorrectly admitted as local minima,139.94188432268407,88.49365099404153,115.25515885430308,72.01579752376483,4.278245892487006,1.566689743606498,1.0000248584703688,1.0000012554783029,1.000013042494521,0.9999958556101585,0.0,500.74578216110206,328.94812697389824,328.94812697389784,588.203003728077,993.0339538457138,644.0935543364818,208.69536567090478,173.26251758959785,51.448233328642544,trace_complete_exploratory,0.01709624781454977,0.013078535303193917,True,148.60512489521057,90.7067870743288,79.94970852733842,181.0,752.0
refine_higher_0.005_R1.685_C0.585,higher,1.685,0.585,0.005,False,mixed-grid isolated coarse points were incorrectly admitted as local minima,139.75691768403593,88.6394211730108,115.25149210152472,72.01611678676964,4.278247815701388,1.5666801648053827,1.0000469074751583,1.0000023690644024,1.000022545596043,0.9999933637110237,0.0,500.8619504760995,329.4981215086046,329.4981215086057,588.3743079223243,993.0640209745584,644.3007538298774,208.7438692064,173.32157788025734,51.117496511025124,trace_complete_exploratory,0.01795979979033291,0.014742823784459347,True,148.60512489521057,90.7067870743288,82.56477262181527,154.0,752.0
refine_higher_0.005_R1.685_C0.590,higher,1.685,0.59,0.005,False,mixed-grid isolated coarse points were incorrectly admitted as local minima,139.57490999422936,88.78412858185013,115.247717875062,72.016619805986,4.278233453200856,1.5666702479000894,1.0000731408139,1.0000036939805002,1.00003432995112,0.9999901395791952,0.0,500.96054891134355,327.8166901982713,327.8166901982704,588.5134333642052,993.0824665469436,644.4718987234303,208.78492041392764,173.3724696561248,50.79078141237923,trace_complete_exploratory,0.02017835923675193,0.017415573909659088,True,148.60512489521057,90.7067870743288,85.2413968366034,144.0,752.0
refine_higher_0.005_R1.685_C0.595,higher,1.685,0.595,0.005,False,mixed-grid isolated coarse points were incorrectly admitted as local minima,139.39458209299625,88.92590148837016,115.24249486011956,72.01700063289046,4.278091817867374,1.5666733861378703,1.000094190596902,1.0000047571008526,1.0000433303252272,0.9999875879490412,0.0,501.0850699659809,331.228843144224,331.2288431442237,588.6970728553015,993.1427559445343,644.6995850185546,208.83674642182274,173.43950632387788,50.46868060462609,trace_complete_exploratory,0.022967732996363566,0.020802434487862342,True,148.60512489521057,90.7067870743288,88.00565218169727,181.0,752.0
refine_higher_0.005_R1.685_C0.600,higher,1.685,0.6,0.005,False,mixed-grid isolated coarse points were incorrectly admitted as local minima,139.20715258600566,89.05820749433862,115.2303404164328,72.0156765174979,4.278247184834426,1.5664254437713083,1.0000315185459907,1.0000015918457572,1.0000154092680662,0.9999953619921857,0.0,501.1308648091085,327.25762988863767,327.2576298886389,588.7699390772204,993.0964219356214,644.7940378336804,208.85597155401234,173.46847980690268,50.148945091667045,trace_complete_exploratory,0.016424602395289867,0.011850935764769588,True,148.60512489521057,90.7067870743288,91.03969815614275,148.0,747.0
refine_higher_0.005_R1.685_C0.605,higher,1.685,0.605,0.005,False,mixed-grid isolated coarse points were incorrectly admitted as local minima,139.02840588066294,89.1971014277944,115.22578423376976,72.0162531409157,4.2780062325357004,1.566426209217861,1.0000132678654756,1.0000006700942174,1.0000078043917413,0.9999973572913574,0.0,492.3863609615626,327.7706296705308,327.7706296705304,576.4964637410186,986.9864571035614,629.9981204973471,205.1987040786879,169.25534085704612,49.83130445286855,trace_complete_exploratory,0.015078925503900109,0.009729144552991897,True,148.60512489521057,90.7067870743288,93.99269783494995,143.0,747.0
refine_higher_0.005_R1.685_C0.610,higher,1.685,0.61,0.005,False,mixed-grid isolated coarse points were incorrectly admitted as local minima,138.85155338931577,89.33263276561244,115.218962479591,72.0146232651308,4.277557630913053,1.566443046865868,0.9999515301420218,0.9999975520273741,0.9999809307573838,1.0000045591432971,0.0,492.59312949045454,328.58305722961404,328.58305722961444,576.7775135488554,987.1406676621255,630.3377495307052,205.284907696618,169.35252531773625,49.51892062370332,trace_complete_exploratory,0.010857722761329569,0.00907817420346646,True,148.60512489521057,90.7067870743288,97.02045718476663,140.0,747.0
refine_higher_0.005_R1.685_C0.615,higher,1.685,0.615,0.005,False,mixed-grid isolated coarse points were incorrectly admitted as local minima,138.68304545005518,89.46968888511057,115.21461130544486,72.0142472654826,4.277584486353562,1.5664324199861437,0.9999153307088221,0.9999957237731734,0.9999659792070723,1.0000084465918007,0.0,501.4652706755466,329.51421093329066,329.514210933291,589.2479359010149,993.2204052471316,645.3784441261045,208.9956208341436,173.6376612646232,49.213356564944604,trace_complete_exploratory,0.009650466232614008,0.00782315338268802,True,148.60512489521057,90.7067870743288,99.97807244574211,138.0,747.0
refine_higher_0.005_R1.685_C0.620,higher,1.685,0.62,0.005,False,mixed-grid isolated coarse points were incorrectly admitted as local minima,138.51222993122315,89.60408249348251,115.20924421576802,72.01430136935004,4.277376504042652,1.5664280215905275,0.9999234845338245,0.9999961355825167,0.9999694345231966,1.0000075407258837,0.0,501.57480999047976,335.002757708368,335.0027577083665,589.3962517990963,993.2905371058009,645.5581717348912,209.0411881109614,173.68957931537736,48.90814743774064,trace_complete_exploratory,0.010458305051969319,0.0079278127431337,True,148.60512489521057,90.7067870743288,103.08248614670201,158.0,747.0
refine_higher_0.005_R1.690_C0.480,higher,1.69,0.48,0.005,False,mixed-grid isolated coarse points were incorrectly admitted as local minima,144.38823374659458,84.62941656961993,115.44693917476408,72.01623733398826,4.268330213983476,1.5731238121348088,1.000055890859297,1.0000028227706725,1.0000264125380698,0.9999923130584426,0.0,496.37110243438457,306.77280906618864,306.7728090661898,582.2339971817245,989.4421200903314,636.9652763237796,206.8738529819346,171.2251842888666,59.758817176974645,trace_complete_exploratory,0.01860740185665577,0.016841660295995098,True,148.60512489521057,90.7067870743288,54.71660321078116,154.0,790.0
refine_higher_0.005_R1.690_C0.485,higher,1.69,0.485,0.005,False,mixed-grid isolated coarse points were incorrectly admitted as local minima,144.1411869593889,84.90200139804585,115.44699237614893,72.01697307995164,4.268432756922726,1.5731367184108944,1.000089857698188,1.0000045382675844,1.0000418307404115,0.9999880021614915,0.0,496.6002933012432,307.96780175518046,307.9678017551828,582.5553748695686,989.5785388200468,637.3541688602268,206.96910689896555,171.33781783509534,59.23918556134305,trace_complete_exploratory,0.021748134737890723,0.01739380877566532,True,148.60512489521057,90.7067870743288,53.62227864244743,147.0,790.0
refine_higher_0.005_R1.690_C0.490,higher,1.69,0.49,0.005,False,mixed-grid isolated coarse points were incorrectly admitted as local minima,143.89051449894598,85.1594787809476,115.43987376048736,72.01648618556659,4.268809945528452,1.5728901372596409,1.0000777054967367,1.0000039245200374,1.0000358670251606,0.9999898186629876,0.0,496.8105290999999,309.44597431049965,309.4459743105001,582.8423494600337,989.6837821109802,637.6988785543033,207.05652709308052,171.43645016924222,58.73103571799838,trace_complete_exploratory,0.020183550284940566,0.01752226208340346,True,148.60512489521057,90.7067870743288,53.000180490382064,184.0,785.0
refine_higher_0.005_R1.690_C0.495,higher,1.69,0.495,0.005,False,mixed-grid isolated coarse points were incorrectly admitted as local minima,143.633740358379,85.40403807295988,115.42511423961626,72.0095448369426,4.268695651923547,1.5726173874584808,0.9995897984068702,0.9999792827478221,0.9998251164606284,1.000046362652237,0.0,497.11677729819803,316.6727060640975,316.6727060640968,583.2718723792984,989.9511495033636,638.2203218224342,207.18400671739613,171.5870403633752,58.22970228541911,trace_complete_exploratory,0.019118425880634504,0.005949557227083346,True,148.60512489521057,90.7067870743288,52.83381118456724,179.0,781.0
refine_higher_0.005_R1.690_C0.500,higher,1.69,0.5,0.005,False,mixed-grid isolated coarse points were incorrectly admitted as local minima,143.40695368619853,85.67939153589765,115.43678403597934,72.01463123427392,4.268400680231418,1.5729419545320606,0.9999436942040949,0.9999971562729354,0.9999777816529564,1.0000053839855192,0.0,497.32169641099586,311.64337650620996,311.64337650621025,583.5696485392159,990.0182352014081,638.5827386074545,207.2694956377643,171.69122075733193,57.727562150300884,trace_complete_exploratory,0.012238464759064982,0.013794636296012186,True,148.60512489521057,90.7067870743288,52.29568981803904,149.0,786.0
refine_higher_0.005_R1.690_C0.505,higher,1.69,0.505,0.005,False,mixed-grid isolated coarse points were incorrectly admitted as local minima,143.17213815976032,85.93343041637056,115.43532021071285,72.0147472591509,4.268352232987141,1.572940269000345,0.9999532523605894,0.9999976390081117,0.9999819461251145,1.0000042550998425,0.0,497.5651447663111,311.5425377039482,311.54253770394905,583.9052630519027,990.1758882264195,638.9848580277732,207.37086312825613,171.80605026305483,57.23870774338977,trace_complete_exploratory,0.013353049883249923,0.014128859594777055,True,148.60512489521057,90.7067870743288,52.3022786516526,189.0,786.0
refine_higher_0.005_R1.690_C0.510,higher,1.69,0.51,0.005,False,mixed-grid isolated coarse points were incorrectly admitted as local minima,142.94131719954476,86.18317209695672,115.43406358602896,72.01491823764414,4.268322918124919,1.5729378529868812,0.9999680776753431,0.9999983877613798,0.9999883944710524,1.0000025114340918,0.0,497.7826543957118,313.3175944404877,313.3175944404876,584.2150808155823,990.3272501965105,639.3632339514342,207.46139064965877,171.9157262978498,56.75814510258803,trace_complete_exploratory,0.014274801333385767,0.014667949342893394,True,148.60512489521057,90.7067870743288,52.54181007698823,156.0,786.0
refine_higher_0.005_R1.690_C0.515,higher,1.69,0.515,0.005,False,mixed-grid isolated coarse points were incorrectly admitted as local minima,142.71110360889315,86.42016420280295,115.42744521530231,72.01520347460793,4.268735173850852,1.572691154308243,0.9999906022600148,0.9999995253666683,0.9999981681432925,0.9999999999967591,0.0,497.95527783862644,314.67933337155654,314.6793333715576,584.4660917576605,990.3857661596157,639.6707674211145,207.53320565077564,172.0046734399083,56.2909394060902,trace_complete_exploratory,0.01554757670754725,0.015478156762995354,True,148.60512489521057,90.7067870743288,53.11462256625127,146.0,781.0
refine_higher_0.005_R1.690_C0.520,higher,1.69,0.52,0.005,False,mixed-grid isolated coarse points were incorrectly admitted as local minima,142.47967078384764,86.6531730867274,115.420873501019,72.01582606873698,4.26912258397896,1.572429653677608,1.0000275051601184,1.0000013891494994,1.0000142286092626,0.9999955831832312,0.0,498.0837043177424,310.6855801811159,310.68558018111315,584.650956016816,990.3804849091746,639.8977382134465,207.58649424489312,172.07141385982297,55.82649769712023,trace_complete_exploratory,0.01737446389202546,0.017199333248399284,True,148.60512489521057,90.7067870743288,53.95297443089067,145.0,776.0
refine_higher_0.005_R1.690_C0.580,higher,1.69,0.58,0.005,False,mixed-grid isolated coarse points were incorrectly admitted as local minima,140.01712908343322,88.60977961359939,115.36247404012832,72.01660012329131,4.2698402010139205,1.5714488831017523,1.0000733906242663,1.0000037065971852,1.0000344739741354,0.999990093843512,0.0,499.8596697294954,328.18316008658246,328.1831600865797,587.1893916082424,991.1414100462783,642.997770463372,208.32605771488414,172.9708985215595,51.40734946983383,trace_complete_exploratory,0.020172856639874226,0.0175001787553839,True,148.60512489521057,90.7067870743288,78.15111235346009,186.0,757.0
refine_higher_0.005_R1.690_C0.585,higher,1.69,0.585,0.005,False,mixed-grid isolated coarse points were incorrectly admitted as local minima,139.82877875754704,88.74897945795571,115.35237597038744,72.0170101035936,4.270172891846579,1.571205040508482,1.000094212399364,1.0000047582019866,1.0000435328715818,0.9999875129644148,0.0,499.9005911845926,324.09433602407273,324.0943360240708,587.2610474779724,991.0703523591881,643.0871368415251,208.34309917775857,172.99817555405684,51.07979929959133,trace_complete_exploratory,0.022932351837937404,0.018070268885438168,True,148.60512489521057,90.7067870743288,80.85726219080992,142.0,752.0
refine_higher_0.005_R1.690_C0.590,higher,1.69,0.59,0.005,False,mixed-grid isolated coarse points were incorrectly admitted as local minima,139.64111379284094,88.89051525871237,115.34606266589836,72.01594646935523,4.269904354261126,1.57120081641916,1.0000470045439782,1.0000023739668684,1.0000223052731312,0.999993475796055,0.0,499.9983952318292,324.83235858962115,324.83235858962325,587.3933983274252,991.1138762153635,643.2513181784514,208.3839531113162,173.04638647732963,50.75059853412857,trace_complete_exploratory,0.017736689291297125,0.012589089950608923,True,148.60512489521057,90.7067870743288,83.6523383516085,142.0,752.0
refine_higher_0.005_R1.690_C0.595,higher,1.69,0.595,0.005,False,mixed-grid isolated coarse points were incorrectly admitted as local minima,139.45735245174683,89.03141850830276,115.34046806485598,72.01540169659492,4.26964508252594,1.571204022773967,1.0000140621470675,1.0000007102094468,1.000008112376423,0.9999972724266566,0.0,500.17690383481,330.6398537078299,330.63985370782905,587.6439557682379,991.2287654146126,643.5563950774872,208.4582683211458,173.13465488299317,50.425933943444065,trace_complete_exploratory,0.015896673128338534,0.013197897682147186,True,148.60512489521057,90.7067870743288,86.48860050942264,181.0,752.0
refine_higher_0.005_R1.690_C0.600,higher,1.69,0.6,0.005,False,mixed-grid isolated coarse points were incorrectly admitted as local minima,139.27548575893437,89.1705134829764,115.33476583771731,72.01462695951636,4.26920763091305,1.5712199958167612,0.9999525986206357,0.9999976059909401,0.9999813541217537,1.0000044309455394,0.0,500.28148249285397,328.8786942221674,328.8786942221659,587.7971099275992,991.2521254360001,643.7435104902472,208.50202147111787,173.1887329118402,50.10497227595796,trace_complete_exploratory,0.011654212336424052,0.010430608700730204,True,148.60512489521057,90.7067870743288,89.4023029606233,152.0,752.0
refine_higher_0.005_R1.690_C0.605,higher,1.69,0.605,0.005,False,mixed-grid isolated coarse points were incorrectly admitted as local minima,139.09930577388184,89.30488029984662,115.32548799364793,72.01425067520513,4.269707462517042,1.5709628495802157,0.99991970491968,0.9999959446929128,0.9999677927755133,1.0000079815049046,0.0,500.3713689787485,332.3894790770779,332.38947907707757,587.926551881679,991.2777313851868,643.9045707555349,208.53964264556134,173.23591495716482,49.79442547403522,trace_complete_exploratory,0.009643798794058966,0.007859902444849354,True,148.60512489521057,90.7067870743288,92.3259397717579,176.0,747.0
refine_higher_0.005_R1.690_C0.610,higher,1.69,0.61,0.005,False,mixed-grid isolated coarse points were incorrectly admitted as local minima,138.92428632251492,89.44226462200771,115.32046615640022,72.01433155299453,4.269510662504596,1.5709582327537128,0.9999170376952132,0.9999958099846062,0.9999668237498961,1.0000081934831768,0.0,496.0765815141756,328.1498244708479,328.1498244708479,581.9023861755472,988.2464274892773,636.6450367972116,206.74334605313254,171.16962656989887,49.482021700507204,trace_complete_exploratory,0.010762661523358474,0.00805077979582336,True,148.60512489521057,90.7067870743288,95.31765250301606,145.0,747.0
refine_higher_0.005_R1.690_C0.615,higher,1.69,0.615,0.005,False,mixed-grid isolated coarse points were incorrectly admitted as local minima,138.75198182981495,89.57837400133695,115.31526712122252,72.01438516939302,4.269336277661289,1.5709544737208287,0.9999249536546363,0.9999962097805362,0.9999701810025492,1.0000073125350637,0.0,500.55169051310077,331.3909869610435,331.39098696104185,588.196199227717,991.28918895744,644.2366671070097,208.61497503434651,173.33289930694662,49.173607828478,trace_complete_exploratory,0.011505071254646282,0.00826522077382208,True,148.60512489521057,90.7067870743288,98.35774433045258,147.0,747.0
refine_higher_0.005_R1.690_C0.620,higher,1.69,0.62,0.005,False,mixed-grid isolated coarse points were incorrectly admitted as local minima,138.57893029369626,89.70771606990725,115.30513640693668,72.01458981321493,4.269642544752354,1.5707014146728249,0.9999353867421137,0.9999967367041479,0.9999739488820398,1.0000064951479852,0.0,492.00611199197266,329.8660286145986,329.8660286145989,576.1974294366009,985.3326605429293,629.7752830523857,205.04087001865526,169.21562845998562,48.87121422378901,trace_complete_exploratory,0.012702443504792882,0.009089740193559237,True,148.60512489521057,90.7067870743288,101.52272105931048,136.0,742.0
refine_higher_0.005_R1.695_C0.480,higher,1.695,0.48,0.005,False,mixed-grid isolated coarse points were incorrectly admitted as local minima,144.43911218941773,84.77231744737611,115.53529145178852,72.00585419426032,4.259655027197112,1.5775917000638673,0.999321577036633,0.999965736213972,0.9997109759562393,1.0000766190577268,0.0,495.59767038938594,312.1365894537565,312.13658945375744,581.3552860755875,987.7510529073136,636.021219642415,206.551153705856,170.9768957132378,59.66679474204162,trace_complete_exploratory,0.02475365871265467,0.008599363174170094,True,148.60512489521057,90.7067870743288,52.57359161805137,195.0,791.0
refine_higher_0.005_R1.695_C0.485,higher,1.695,0.485,0.005,False,mixed-grid isolated coarse points were incorrectly admitted as local minima,144.20096475195913,85.05732383586792,115.54556617355732,72.01596234638521,4.2601134525005575,1.5776614519753505,1.000049568724538,1.0000025034709363,1.000023287348946,0.9999932028923979,0.0,495.7174330496607,307.4693185042221,307.46931850422095,581.5422209310792,987.6891195598205,636.2591430673212,206.60094234710127,171.04661145658028,59.143640916091215,trace_complete_exploratory,0.017955742102486738,0.016710119055318273,True,148.60512489521057,90.7067870743288,51.31306145012539,155.0,790.0
refine_higher_0.005_R1.695_C0.490,higher,1.695,0.49,0.005,False,mixed-grid isolated coarse points were incorrectly admitted as local minima,143.9471056024234,85.31359470392329,115.53816842852412,72.01491953592394,4.260293124535759,1.5774362839506708,0.9999817774700921,0.9999990796702064,0.999994068955935,1.000001061197747,0.0,491.93193661670745,308.7607821703039,308.7607821703024,575.8348829201703,980.6295777778671,629.5892107493963,204.89230097182056,169.4522630687881,58.633510898500106,trace_complete_exploratory,0.013186882658999366,0.015230945195341405,True,148.60512489521057,90.7067870743288,50.78366767617778,195.0,785.0
refine_higher_0.005_R1.695_C0.495,higher,1.695,0.495,0.005,False,mixed-grid isolated coarse points were incorrectly admitted as local minima,143.71209480147965,85.58686089813997,115.54512043185353,72.01545395364352,4.259787768149266,1.5777215062206436,0.9999464648212129,0.9999972962030916,0.9999790961268085,1.0000049968549725,0.0,491.403305212511,309.65611252874396,309.65611252874,575.0840737536735,980.747687629289,628.6805450338045,204.67181979221687,169.19135297637536,58.12523390333968,trace_complete_exploratory,0.012908560148957804,0.013998645639162532,True,148.60512489521057,90.7067870743288,50.155387547779895,152.0,792.0
refine_higher_0.005_R1.695_C0.500,higher,1.695,0.5,0.005,False,mixed-grid isolated coarse points were incorrectly admitted as local minima,143.46846246103078,85.82816611535497,115.5325368885908,72.01487403727674,4.2606675484366665,1.577226207316893,0.9999628164198713,0.999998122041408,0.999986146439412,1.0000031086808545,0.0,496.3954917814468,311.2764605667072,311.27646056670847,582.50568884636,988.0496487373528,637.4308785876501,206.88328138050161,171.38454861946002,57.64029634567581,trace_complete_exploratory,0.013999570641658465,0.014532574924345454,True,148.60512489521057,90.7067870743288,50.18624342405247,150.0,781.0
refine_higher_0.005_R1.695_C0.505,higher,1.695,0.505,0.005,False,mixed-grid isolated coarse points were incorrectly admitted as local minima,143.23474106545075,86.08127859954213,115.53161191693842,72.01521772919654,4.260643920018526,1.5772261356840531,0.999989910672946,0.9999994904380274,0.9999979155925691,0.9999999999982836,0.0,496.6063395058918,308.35895287220364,308.3589528722015,582.8020502784807,988.1712445387229,637.7897040916816,206.97102810387236,171.48805976010848,57.15346246590862,trace_complete_exploratory,0.015576180732523426,0.015492368614431484,True,148.60512489521057,90.7067870743288,50.236351129269025,188.0,781.0
refine_higher_0.005_R1.695_C0.510,higher,1.695,0.51,0.005,False,mixed-grid isolated coarse points were incorrectly admitted as local minima,142.999238523103,86.33024417530375,115.53034728947443,72.01575784016507,4.260557727053755,1.577212008533994,1.0000218494293547,1.000001103506535,1.0000119002668864,0.9999961943259363,0.0,496.861982316703,313.1034275600056,313.10342756000534,583.1562851952544,988.3504300980426,638.216850248546,207.0774128674488,171.6108563565542,56.668994347799256,trace_complete_exploratory,0.017344220939264687,0.01725363536714042,True,148.60512489521057,90.7067870743288,50.580089763987914,157.0,781.0
refine_higher_0.005_R1.695_C0.515,higher,1.695,0.515,0.005,False,mixed-grid isolated coarse points were incorrectly admitted as local minima,142.77331286799773,86.57617506937264,115.52912826424512,72.01601090817775,4.260625419599573,1.577207552409122,1.0000426404537226,1.0000021535582695,1.0000205678346021,0.9999939059627547,0.0,497.0641031932049,314.14314681566646,314.14314681566685,583.4423705089688,988.4599376623187,638.5611401060842,207.161532724732,171.70897406256975,56.19713779862509,trace_complete_exploratory,0.017808676486481545,0.017132585369964204,True,148.60512489521057,90.7067870743288,51.07198705623223,146.0,781.0
refine_higher_0.005_R1.695_C0.520,higher,1.695,0.52,0.005,False,mixed-grid isolated coarse points were incorrectly admitted as local minima,142.54654133846205,86.80264013736526,115.51791387152107,72.01681395783152,4.261679257857484,1.5767160262591942,1.0000838650151351,1.0000042356068253,1.0000387321567112,0.999988855915957,0.0,497.1929973358191,315.79458803254226,315.7945880325411,583.6400065917221,988.4548441988911,638.8101065705766,207.2150816127996,171.7831378671175,55.74390120109679,trace_complete_exploratory,0.021128686884367198,0.01793254975318348,True,148.60512489521057,90.7067870743288,51.94879801950531,174.0,771.0
refine_higher_0.005_R1.695_C0.580,higher,1.695,0.58,0.005,False,mixed-grid isolated coarse points were incorrectly admitted as local minima,140.08369075811106,88.71603172854032,115.46088478849408,72.01620566428161,4.261571176350555,1.5759799700142376,1.0000622228916491,1.0000031425702867,1.00002904027289,0.9999916543122553,0.0,498.9453325849038,327.50493793269425,327.5049379326947,586.1371512035571,989.2143886396747,641.8567144259772,207.94495269118397,172.66764818047025,51.367659029570746,trace_complete_exploratory,0.019348413588716085,0.017569034256723626,True,148.60512489521057,90.7067870743288,76.57794659971022,181.0,757.0
refine_higher_0.005_R1.695_C0.585,higher,1.695,0.585,0.005,False,mixed-grid isolated coarse points were incorrectly admitted as local minima,139.88978006579725,88.85347280920404,115.44964096380625,72.01514451483906,4.261668102636332,1.57574164739665,0.9999974481528124,0.9999998711188289,1.0000002565970205,0.9999993931904116,0.0,494.5055411994514,323.51984934885814,323.5198493488582,579.9059608824703,986.0680742134039,634.34863745013,206.0882126370238,170.5303408100677,51.03630725659322,trace_complete_exploratory,0.013811180375910226,0.008438951059645206,True,148.60512489521057,90.7067870743288,79.39200926089629,189.0,752.0
refine_higher_0.005_R1.695_C0.590,higher,1.695,0.59,0.005,False,mixed-grid isolated coarse points were incorrectly admitted as local minima,139.70429740782774,88.99609417310674,115.4445547787586,72.01463033671054,4.261332635084519,1.575749820068542,0.9999534037061986,0.9999976466518297,0.9999816872116987,1.0000043844937132,0.0,499.14088711359636,324.4584027091805,324.4584027091802,586.4228775028273,989.236134513787,642.2100379365365,208.02677416614796,172.77060857763772,50.708203234721,trace_complete_exploratory,0.010932281893900608,0.009724978414354268,True,148.60512489521057,90.7067870743288,82.15120016244124,148.0,752.0
refine_higher_0.005_R1.695_C0.595,higher,1.695,0.595,0.005,False,mixed-grid isolated coarse points were incorrectly admitted as local minima,139.52704532328647,89.13924049567719,115.44067931920786,72.0142542153338,4.261378948461436,1.5757416688809744,0.9999228294530738,0.9999961024976306,0.9999690896316848,1.0000076485243612,0.0,499.2791625718835,330.2143572886255,330.2143572886242,586.6108839848152,989.3346438580943,642.4369078335251,208.0843635739698,172.83586803479514,50.38780482760929,trace_complete_exploratory,0.009642934325739816,0.007891009647124747,True,148.60512489521057,90.7067870743288,84.8687309904279,143.0,752.0
refine_higher_0.005_R1.695_C0.600,higher,1.695,0.6,0.005,False,mixed-grid isolated coarse points were incorrectly admitted as local minima,139.34523775463677,89.27465788909929,115.43180524620188,72.01468844204416,4.261542827222185,1.5755340559958455,0.9999445377944853,0.9999971988785089,0.9999782363789766,1.0000052381484834,0.0,490.5197766066839,326.0804693322763,326.0804693322747,574.3156133974969,983.2000788001635,627.6169015046509,204.42081003527883,168.61646749501352,50.07057986553748,trace_complete_exploratory,0.012062846221510881,0.008280836131362435,True,148.60512489521057,90.7067870743288,87.79650385935008,168.0,748.0
refine_higher_0.005_R1.695_C0.605,higher,1.695,0.605,0.005,False,mixed-grid isolated coarse points were incorrectly admitted as local minima,139.17103117242277,89.41874457639669,115.43099244967418,72.01439046246941,4.261026836532129,1.5757334308941964,0.9999296231561376,0.9999964456139459,0.9999721118264968,1.0000068187748905,0.0,499.48250990426965,331.6311744777136,331.6311744777134,586.9043617493064,989.3970933546092,642.797230199563,208.16916046490888,172.9408995425945,49.75228659602608,trace_complete_exploratory,0.011533747511720094,0.00830253203007203,True,148.60512489521057,90.7067870743288,90.66117784682322,184.0,752.0
refine_higher_0.005_R1.695_C0.610,higher,1.695,0.61,0.005,False,mixed-grid isolated coarse points were incorrectly admitted as local minima,138.99458471070594,89.55145018680726,115.42108275384014,72.01492061044712,4.261221143471028,1.5755276894494732,0.9999644968921098,0.9999982069137439,0.9999869416751181,1.0000029019299275,0.0,499.5512252046959,332.53810851920286,332.53810851920286,587.0164246276353,989.3743011810673,642.9404480784973,208.19796570104518,172.98379905300902,49.44313452389868,trace_complete_exploratory,0.013759995978460893,0.010033180173579126,True,148.60512489521057,90.7067870743288,93.69728596164623,145.0,747.0
refine_higher_0.005_R1.695_C0.615,higher,1.695,0.615,0.005,False,mixed-grid isolated coarse points were incorrectly admitted as local minima,138.81885230045378,89.68150627169348,115.41142753336752,72.0148262262448,4.26158191228607,1.575217576037015,0.9999573886619717,0.99999784791222,0.9999834457175967,1.0000039382847874,0.0,499.6046242677663,331.2226721221806,331.222672122183,587.0978340091449,989.3038550327647,643.041482770599,208.22050832245196,173.0135731452098,49.137346028760305,trace_complete_exploratory,0.01384186744149929,0.009973250746313056,True,148.60512489521057,90.7067870743288,96.82233202314015,144.0,742.0
refine_higher_0.005_R1.695_C0.620,higher,1.695,0.62,0.005,False,mixed-grid isolated coarse points were incorrectly admitted as local minima,138.65040819582603,89.81658231572617,115.40702579976286,72.01562844383436,4.2614262788935084,1.575210885540129,1.0000070918734905,1.0000003581754298,1.0000053725644562,0.9999979268479684,0.0,495.3819248284924,329.4311137058205,329.43111370582244,581.1750776956999,986.351027131907,635.9063297628646,206.45432541841222,170.98297795815887,48.833825880099866,trace_complete_exploratory,0.01663099958702219,0.013289935295873079,True,148.60512489521057,90.7067870743288,99.88884907724409,160.0,742.0
refine_higher_0.005_R1.700_C0.480,higher,1.7,0.48,0.005,False,mixed-grid isolated coarse points were incorrectly admitted as local minima,144.51148011707423,84.9423259320576,115.64556901717393,72.01543673998471,4.251866461454411,1.582201762933702,1.0000200042518514,1.0000010103157497,1.0000105643114199,0.9999967155649792,0.0,493.1865446397858,305.7812441431984,305.7812441431981,578.0188883946737,982.4458174683582,632.2413864217966,205.480937309121,170.07515035525165,59.56915418501663,trace_complete_exploratory,0.015565901676154681,0.015952490568395206,True,148.60512489521057,90.7067870743288,49.98693983031751,156.0,790.0
refine_higher_0.005_R1.700_C0.485,higher,1.7,0.485,0.005,False,mixed-grid isolated coarse points were incorrectly admitted as local minima,144.26716056739428,85.22293190663123,115.65081061517964,72.01465829420248,4.251187644228835,1.5825078033041085,0.999946123210669,0.9999972789500335,0.9999788287175698,1.0000051001357093,0.0,491.21486643329865,306.5291721381705,306.5291721381692,575.0369109719177,978.9356406152889,628.7434449040613,204.5936454475406,169.22947206102484,59.04422866076305,trace_complete_exploratory,0.012478182639881652,0.013898576552222153,True,148.60512489521057,90.7067870743288,48.89060200968989,163.0,796.0
refine_higher_0.005_R1.700_C0.490,higher,1.7,0.49,0.005,False,mixed-grid isolated coarse points were incorrectly admitted as local minima,144.0185190779847,85.48138866878564,115.64517760508772,72.01482309759825,4.251636948759071,1.5822563923339683,0.999960812819456,0.999998020849467,0.9999852184971094,1.000003397818248,0.0,495.1667351377579,310.9935396318292,310.9935396318307,580.9950981275654,986.041377866133,635.7264230571113,206.3712943168161,170.9163410447305,58.537130409199065,trace_complete_exploratory,0.01377379227574238,0.014395600775557682,True,148.60512489521057,90.7067870743288,48.34174141926309,196.0,791.0
refine_higher_0.005_R1.700_C0.495,higher,1.7,0.495,0.005,False,mixed-grid isolated coarse points were incorrectly admitted as local minima,143.77467208675097,85.7346069433104,115.63971332924372,72.01521988706979,4.252094850917965,1.5820078963671564,0.9999902203066191,0.9999995060760916,0.9999980101311523,0.999999999997741,0.0,490.13094132589504,309.45624641638244,309.4562464163831,573.5365841312037,978.889849312163,626.9409164468644,204.14204077817354,168.7142459233995,58.04006514344057,trace_complete_exploratory,0.015601974379961803,0.015491858529784963,True,148.60512489521057,90.7067870743288,48.05584959004941,158.0,786.0
refine_higher_0.005_R1.700_C0.505,higher,1.7,0.505,0.005,False,mixed-grid isolated coarse points were incorrectly admitted as local minima,143.29567593517257,86.23705629106425,115.63271871479792,72.01593844483568,4.252529383228985,1.5817435791660155,1.0000376499026795,1.0000019015102364,1.0000185758711235,0.999994486983186,0.0,489.07816392178734,305.98002673734527,305.9800267373445,572.0743400227775,979.1407394265311,625.1781333883464,203.70329084627508,168.21095600963747,57.05861964410832,trace_complete_exploratory,0.01760613553216217,0.017125315827442478,True,148.60512489521057,90.7067870743288,48.16874153411132,152.0,781.0
refine_higher_0.005_R1.700_C0.510,higher,1.7,0.51,0.005,False,mixed-grid isolated coarse points were incorrectly admitted as local minima,143.06508168908974,86.47949233940946,115.62713791488986,72.0166097177114,4.253158673750498,1.581493192218136,1.0000741824345063,1.0000037465876026,1.0000348183966705,0.9999899883485626,0.0,495.9286770685114,310.2882928427084,310.2882928427065,582.0805454899412,986.3537551892758,637.0485277156536,206.68822792806583,171.29923567383247,56.585589349680276,trace_complete_exploratory,0.02009094482369278,0.01748243703598007,True,148.60512489521057,90.7067870743288,48.562099501562315,188.0,776.0
refine_higher_0.005_R1.700_C0.515,higher,1.7,0.515,0.005,False,mixed-grid isolated coarse points were incorrectly admitted as local minima,142.83625218474705,86.71641831458116,115.61960882414984,72.01700110385575,4.253581291941322,1.5812523251735202,1.0000943473448856,1.0000047650174193,1.0000435066897795,0.9999875300475066,0.0,488.11554358130167,308.8142984527897,308.8142984527885,570.751608760253,979.446828261674,623.5962398664171,203.30242411404157,167.75948216274287,56.11983387016589,trace_complete_exploratory,0.022424145810873597,0.018258826491447167,True,148.60512489521057,90.7067870743288,49.20293518830054,146.0,771.0
refine_higher_0.005_R1.700_C0.520,higher,1.7,0.52,0.005,False,mixed-grid isolated coarse points were incorrectly admitted as local minima,142.599685087685,86.94732890621158,115.60761496486934,72.00888896429355,4.2529611645102605,1.581204105184797,0.999524734437221,0.9999759966887487,0.9997979773240298,1.0000531096194076,0.0,487.68880365127495,309.74751134420933,309.7475113442082,570.1247849462873,979.6645044437404,622.8337407431527,203.1242231325991,167.54096303822195,55.65235618147342,trace_complete_exploratory,0.01613797631122793,0.005561794949301202,True,148.60512489521057,90.7067870743288,50.19883299963594,140.0,772.0
refine_higher_0.005_R1.700_C0.580,higher,1.7,0.58,0.005,False,mixed-grid isolated coarse points were incorrectly admitted as local minima,140.14507504173682,88.82058309603012,115.55859959976586,72.01461959814675,4.253002461863833,1.5805295755220978,0.9999545733089306,0.9999977057226729,0.9999821458575975,1.0000042697218572,0.0,498.0549641414241,327.02838191401236,327.0283819140119,585.1065048514263,987.329142164909,640.7374083053365,207.57397388941268,172.36852458667227,51.3244919457067,trace_complete_exploratory,0.01165319667239828,0.01045540235854503,True,148.60512489521057,90.7067870743288,75.13020897101096,187.0,757.0
refine_higher_0.005_R1.700_C0.585,higher,1.7,0.585,0.005,False,mixed-grid isolated coarse points were incorrectly admitted as local minima,139.95987070793748,88.96122410715958,115.54989308801837,72.01426636787015,4.253528355683175,1.5802711480164915,0.99991820265057,0.9999958688207361,0.9999671894277284,1.0000081308799436,0.0,498.13787378524484,325.6116466681401,325.61164666813943,585.2386804614034,987.2971445354679,640.9041513683444,207.60887502548348,172.41771964324448,50.9986466007779,trace_complete_exploratory,0.009635507424519574,0.007927339020028512,True,148.60512489521057,90.7067870743288,77.78741003491537,145.0,752.0
refine_higher_0.005_R1.700_C0.590,higher,1.7,0.59,0.005,False,mixed-grid isolated coarse points were incorrectly admitted as local minima,139.77685386180332,89.10538199935641,115.54636756559806,72.01460604176732,4.253233804792925,1.580315165126086,0.9999482385483187,0.9999973857852673,0.9999797335909759,1.000004866859133,0.0,498.26172220329676,329.0626613080165,329.06266130801544,585.4132302805772,987.3791596284505,641.1178342598989,207.6604326465045,172.48014945629598,50.67147186244691,trace_complete_exploratory,0.012112864881260066,0.009234905547401695,True,148.60512489521057,90.7067870743288,80.50286765344481,175.0,752.0
refine_higher_0.005_R1.700_C0.595,higher,1.7,0.595,0.005,False,mixed-grid isolated coarse points were incorrectly admitted as local minima,139.59488943651152,89.24698452985601,115.5408286479154,72.01443736573134,4.25320109602389,1.5802639250660797,0.999924184833406,0.999996170951182,0.9999696979985234,1.0000074122093205,0.0,498.3250163984877,324.6652806166104,324.6652806166071,585.5099609162169,987.350256992187,641.2393330762347,207.68688788497474,172.51595583343897,50.347904906655515,trace_complete_exploratory,0.011769353275411731,0.00850453637906412,True,148.60512489521057,90.7067870743288,83.31536649004678,143.0,752.0
refine_higher_0.005_R1.700_C0.605,higher,1.7,0.605,0.005,False,mixed-grid isolated coarse points were incorrectly admitted as local minima,139.2370913175193,89.52160149407617,115.52652115387876,72.01478010181906,4.2533565968244895,1.579998593220089,0.9999547132028641,0.9999977127880226,0.9999822562828937,1.0000042658792556,0.0,498.52438597583017,326.61126623570317,326.6112662357012,585.8005787454035,987.3748090827598,641.597427459704,207.7701075213658,172.62064471400407,49.71548982344312,trace_complete_exploratory,0.01354479603108416,0.009820739181733984,True,148.60512489521057,90.7067870743288,89.16471797239002,139.0,747.0
refine_higher_0.005_R1.700_C0.610,higher,1.7,0.61,0.005,False,mixed-grid isolated coarse points were incorrectly admitted as local minima,139.05841631856927,89.6545035596817,115.51735354853942,72.01600955292457,4.25360390150722,1.5797797033704644,1.0000402304387388,1.0000020318403413,1.0000196530492036,0.9999941239765733,0.0,498.6032801582825,332.35760929745743,332.35760929745663,585.92105045269,987.3789333896484,641.749707953702,207.80302299446805,172.66555844658143,49.40391275888757,trace_complete_exploratory,0.01740790940766601,0.013985626262311257,True,148.60512489521057,90.7067870743288,92.24694524251449,156.0,742.0
refine_higher_0.005_R1.700_C0.615,higher,1.7,0.615,0.005,False,mixed-grid isolated coarse points were incorrectly admitted as local minima,138.88983154496344,89.7927705315198,115.5131011342604,72.01684370870393,4.253632044186598,1.579767225164685,1.0000840251985197,1.000004243696896,1.0000390430524257,0.9999888345349053,0.0,490.1065918154634,328.1575797485508,328.15757974855114,573.993767815027,981.4523402256466,627.3719529681579,204.24946763490794,168.57181116092357,49.097061013443636,trace_complete_exploratory,0.021362341372793026,0.015943968731136238,True,148.60512489521057,90.7067870743288,95.22235112188447,131.0,743.0
refine_higher_0.005_R1.700_C0.620,higher,1.7,0.62,0.005,False,mixed-grid isolated coarse points were incorrectly admitted as local minima,138.72246395037791,89.93177407330451,115.51124985217314,72.01645253081892,4.2529196602989146,1.5800197686177977,1.000075738672202,1.0000038251854646,1.000035322330302,0.9999899984958585,0.0,498.79825257239304,333.61944267655997,333.61944267655997,586.2022681993271,987.4570730549192,642.0932746276802,207.88411478995744,172.7666467281259,48.790689877073405,trace_complete_exploratory,0.02069629912850246,0.01852495491505124,True,148.60512489521057,90.7067870743288,98.26763250227727,169.0,747.0
refine_higher_0.005_R1.705_C0.480,higher,1.705,0.48,0.005,False,mixed-grid isolated coarse points were incorrectly admitted as local minima,144.58546516475525,85.12543134749332,115.76142025574008,72.01468503299148,4.242138546725776,1.587542452618267,0.9999518946547865,0.99999757043711,0.9999812958491718,1.0000044485119184,0.0,493.91081032466707,310.1099003008725,310.10990030087055,579.4466204425781,984.0243141120153,633.9767934528334,205.84798907341758,170.43538347566746,59.46003381726193,trace_complete_exploratory,0.012981155013534362,0.014028942073650796,True,148.60512489521057,90.7067870743288,47.30919609812335,191.0,806.0
refine_higher_0.005_R1.705_C0.485,higher,1.705,0.485,0.005,False,mixed-grid isolated coarse points were incorrectly admitted as local minima,144.3277418423255,85.37132285268336,115.74629008279614,72.01499757673834,4.243540132213732,1.5867909482482985,0.9999759385701984,0.9999987847762716,0.9999918359181699,1.0000016032122976,0.0,494.0658934093443,312.16971508007043,312.16971508006884,579.6834891653521,984.016213248944,634.272528232588,205.9124659273926,170.52221887422007,58.956418989642145,trace_complete_exploratory,0.014700821739353387,0.014944087316607124,True,148.60512489521057,90.7067870743288,46.76318424156685,183.0,791.0
refine_higher_0.005_R1.705_C0.490,higher,1.705,0.49,0.005,False,mixed-grid isolated coarse points were incorrectly admitted as local minima,144.0826777536855,85.63670690436919,115.74597802263,72.01569099465041,4.243451798551717,1.5867789969706698,1.0000089354302677,1.0000004512843574,1.0000063855465884,0.9999976293077488,0.0,494.30080830042823,311.84171907402504,311.8417190740254,580.0123187982167,984.149134346681,634.6681892326238,206.0102359982323,170.63555833063725,58.445970849316296,trace_complete_exploratory,0.01721108975112884,0.016163407523066553,True,148.60512489521057,90.7067870743288,46.15824107770601,157.0,791.0
refine_higher_0.005_R1.705_C0.495,higher,1.705,0.495,0.005,False,mixed-grid isolated coarse points were incorrectly admitted as local minima,143.83131818966598,85.88189037331989,115.73517395658622,72.01587752550903,4.244443338944803,1.586278382428036,1.000033108836849,1.0000016721634761,1.0000166777287456,0.9999949186915735,0.0,488.8277001576125,309.0927375938037,309.0927375938024,571.9548224347404,976.9642591174913,625.1656641683049,203.59945603781395,168.22855084102895,57.94942781634609,trace_complete_exploratory,0.017495591876581784,0.017146223375178238,True,148.60512489521057,90.7067870743288,46.06885863730913,143.0,781.0
refine_higher_0.005_R1.705_C0.500,higher,1.705,0.5,0.005,False,mixed-grid isolated coarse points were incorrectly admitted as local minima,143.59552696553675,86.14020159915374,115.73476656328836,72.0162538057583,4.244575228518697,1.586272362844599,1.0000573081587834,1.000002894351454,1.000026828743077,0.9999921740097402,0.0,494.6452436412677,306.21113610702565,306.21113610702673,580.5086253164483,984.2552868049224,635.2785352295573,206.1534560881255,170.81406712404092,57.45532536638301,trace_complete_exploratory,0.018565234041545864,0.01718429803572974,True,148.60512489521057,90.7067870743288,45.94977431907202,142.0,781.0
refine_higher_0.005_R1.705_C0.505,higher,1.705,0.505,0.005,False,mixed-grid isolated coarse points were incorrectly admitted as local minima,143.3613331835772,86.38600897085533,115.72861289366564,72.01698670967939,4.245102227223434,1.5860322965017946,1.0000910656908402,1.000004599277315,1.0000423567495287,0.9999878470329207,0.0,491.2893906854819,306.0532627581514,306.0532627581507,575.6089102053234,980.7865083248773,629.4725742686276,204.6900108709487,169.30734070920363,56.97532421272186,trace_complete_exploratory,0.021959973417068568,0.01791367776999664,True,148.60512489521057,90.7067870743288,46.166474934450726,157.0,776.0
refine_higher_0.005_R1.705_C0.510,higher,1.705,0.51,0.005,False,mixed-grid isolated coarse points were incorrectly admitted as local minima,143.12819410648933,86.63327708111612,115.7251706623684,72.01621588742975,4.244958049525768,1.58602210736013,1.0000635839925278,1.000003211312753,1.000029459040849,0.9999914520448723,0.0,491.1632202562646,307.1343293916654,307.13432939166387,575.4324713684798,980.947391749077,629.2603624513783,204.6373019500682,169.24699196255236,56.49491702537321,trace_complete_exploratory,0.019052020366331135,0.017489380574573943,True,148.60512489521057,90.7067870743288,46.590254529246174,155.0,776.0
refine_higher_0.005_R1.705_C0.515,higher,1.705,0.515,0.005,False,mixed-grid isolated coarse points were incorrectly admitted as local minima,142.8975495265879,86.87656288289246,115.72196408123884,72.01542715697671,4.244776191494872,1.5860272002038411,1.0000186102558817,1.000000939911914,1.0000099924634378,0.9999968443414755,0.0,495.21597919779697,308.2342217326406,308.23422173264066,581.3134528641833,984.5519952172823,636.2531449000667,206.39075760075642,171.09511234007397,56.02098664369545,trace_complete_exploratory,0.015376660200786318,0.016191053818886303,True,148.60512489521057,90.7067870743288,47.24703394517225,155.0,776.0
refine_higher_0.005_R1.705_C0.520,higher,1.705,0.52,0.005,False,mixed-grid isolated coarse points were incorrectly admitted as local minima,142.67057761125358,87.07653794882877,115.71419752749684,72.01444126331387,4.244882838112505,1.585798047312602,0.9999426066986139,0.9999971013484146,0.999976832916464,1.0000057762809234,0.0,486.39864454498957,309.49486940231293,309.494869402312,568.5632439363544,977.7788598352981,621.0789162102774,202.58708869005375,167.05924172718125,55.594039662424805,trace_complete_exploratory,0.010519294323728445,0.00793547655071336,True,148.60512489521057,90.7067870743288,48.39756017871499,149.0,771.0
refine_higher_0.005_R1.705_C0.580,higher,1.705,0.58,0.005,False,mixed-grid isolated coarse points were incorrectly admitted as local minima,140.2160745826194,88.92864917528865,115.65908372557692,72.01432888008605,4.245052499776658,1.5850474550414486,0.9999256232354132,0.9999962435977479,0.9999703520357806,1.0000072969985112,0.0,497.1575537048136,326.48846454917646,326.4884645491756,584.0753695972437,985.4311348230281,639.6223705157372,207.20013536023578,172.07167616263115,51.287425407330744,trace_complete_exploratory,0.010477804295078386,0.008076082949017405,True,148.60512489521057,90.7067870743288,73.53793953518885,144.0,757.0
refine_higher_0.005_R1.705_C0.585,higher,1.705,0.585,0.005,False,mixed-grid isolated coarse points were incorrectly admitted as local minima,140.0281427934309,89.06898555919956,115.6501525877259,72.01482595853707,4.245270339456211,1.584840244547599,0.99995692783137,0.9999978246379477,0.9999836110812901,1.0000037877246197,0.0,497.209788781601,322.62384928115824,322.6238492811575,584.1672402908428,985.3644343133734,639.7415233175575,207.2221269357919,172.10776950740376,50.95915723423134,trace_complete_exploratory,0.013267641791458118,0.008327505466979801,True,148.60512489521057,90.7067870743288,76.24701577720832,143.0,753.0
refine_higher_0.005_R1.705_C0.590,higher,1.705,0.59,0.005,False,mixed-grid isolated coarse points were incorrectly admitted as local minima,139.84489366692927,89.21286303150335,115.64524128022816,72.01490685960997,4.245125388262455,1.5848359110176673,0.999967054498125,0.999998336085764,0.999987923941307,1.0000026298781415,0.0,497.3551255671599,328.52692449008214,328.5269244900826,584.3715639455072,985.4638851993842,639.9902394876772,207.28266041148223,172.17972018451223,50.63203063542592,trace_complete_exploratory,0.013826725545868612,0.010069627106020107,True,148.60512489521057,90.7067870743288,78.97346021868682,146.0,752.0
refine_higher_0.005_R1.705_C0.595,higher,1.705,0.595,0.005,False,mixed-grid isolated coarse points were incorrectly admitted as local minima,139.66132512223544,89.34981482966711,115.6359490668509,72.01520541648658,4.245446848108688,1.5845759670049195,0.9999892409294879,0.9999994566126008,0.999997618829077,1.0000000160025997,0.0,497.4319896788648,329.5027699516553,329.502769951653,584.491400281209,985.4437269852784,640.141069145159,207.3148563847248,172.22449931521152,50.31151029256833,trace_complete_exploratory,0.0151187774302457,0.011042809023933842,True,148.60512489521057,90.7067870743288,81.8329280518521,143.0,747.0
refine_higher_0.005_R1.705_C0.600,higher,1.705,0.6,0.005,False,mixed-grid isolated coarse points were incorrectly admitted as local minima,139.48303348226753,89.48966291267155,115.6318494108531,72.01552505236795,4.24534337255631,1.5845204892287297,1.0000005649499362,1.0000000285328254,1.000002584604204,0.9999987264539447,0.0,497.5138319777766,327.75595352236274,327.7559535223604,584.6062854197836,985.4350027377063,640.2795368501578,207.3489827527477,172.26487974710085,49.99337056959598,trace_complete_exploratory,0.016276638139714805,0.012854409486905638,True,148.60512489521057,90.7067870743288,84.69394297097894,181.0,747.0
refine_higher_0.005_R1.705_C0.605,higher,1.705,0.605,0.005,False,mixed-grid isolated coarse points were incorrectly admitted as local minima,139.30819032523988,89.63159685114633,115.62815726154987,72.01640770181646,4.245359395448888,1.5845127983633769,1.0000494974000191,1.0000024998686885,1.0000240848382962,0.9999928660903974,0.0,488.9346167938334,325.9018109929043,325.90181099290464,572.5660152104025,979.4631230545532,625.7691911497759,203.76071263569997,168.13374982240046,49.67659347409355,trace_complete_exploratory,0.019344545313714434,0.01750149516172428,True,148.60512489521057,90.7067870743288,87.58902641434324,186.0,747.0
refine_higher_0.005_R1.705_C0.610,higher,1.705,0.61,0.005,False,mixed-grid isolated coarse points were incorrectly admitted as local minima,139.13157630209764,89.76791882484781,115.62099908595528,72.01619333870659,4.2451226047382935,1.5845507108911976,1.0000616239486764,1.0000031123206414,1.0000287404390347,0.9999917254651622,0.0,497.71056476535205,331.591372726318,331.5913727263189,584.8947490868794,985.5031798869456,640.6366376929814,207.43083929069618,172.37000298055378,49.36365747724983,trace_complete_exploratory,0.019403710653818962,0.017224738734682887,True,148.60512489521057,90.7067870743288,90.62959653595534,183.0,747.0
refine_higher_0.005_R1.705_C0.615,higher,1.705,0.615,0.005,False,mixed-grid isolated coarse points were incorrectly admitted as local minima,138.95758725026593,89.90319003655547,115.61473379752331,72.01565033532046,4.244883716500916,1.5845508847947771,1.0000311554802073,1.0000015735091008,1.000015243482111,0.999995406818205,0.0,497.80300695995925,332.4278266288303,332.42782662883144,585.0268190215264,985.5338581306935,640.7985197079972,207.46940550037914,172.41711346320994,49.05439721371046,trace_complete_exploratory,0.01699571252507326,0.014394861950705717,True,148.60512489521057,90.7067870743288,93.72075080974193,147.0,747.0
refine_higher_0.005_R1.705_C0.620,higher,1.705,0.62,0.005,False,mixed-grid isolated coarse points were incorrectly admitted as local minima,138.78461671911,90.0362863088366,115.6079785048138,72.01461379101212,4.244348708491878,1.584563836484919,0.9999515832439597,0.9999975547092905,0.9999810168509068,1.0000044721649832,0.0,497.8801822654797,328.2529977739328,328.2529977739332,585.1403710746436,985.5306429664196,640.9395060459271,207.50175316421658,172.45819381221037,48.74833041027341,trace_complete_exploratory,0.010706007775922899,0.009749730026754833,True,148.60512489521057,90.7067870743288,96.89195211338358,142.0,748.0
refine_higher_0.005_R1.710_C0.480,higher,1.71,0.48,0.005,False,mixed-grid isolated coarse points were incorrectly admitted as local minima,144.6435103883824,85.26492744643627,115.85192095486596,72.01538407315535,4.234942174053417,1.5915698981604702,1.0000000000755356,1.0000000000038147,1.0000017381916049,0.9999989337383054,0.0,492.9326750584813,304.5702197179137,304.57021971791255,578.3167239386742,981.9635255506762,632.747818631727,205.44004912090213,170.10736300311694,59.37858294194612,trace_complete_exploratory,0.016191413278107802,0.015809134244960887,True,148.60512489521057,90.7067870743288,45.30822571039799,154.0,796.0
refine_higher_0.005_R1.710_C0.485,higher,1.71,0.485,0.005,False,mixed-grid isolated coarse points were incorrectly admitted as local minima,144.38641913450692,85.52654391340442,115.84641435830144,72.01575916846204,4.235405115005413,1.5913152398073789,1.0000240519709716,1.0000012147460082,1.00001264693273,0.9999960006519386,0.0,493.1939357835703,311.694131787355,311.6941317873546,578.683830309631,982.1219564117821,633.1928126624773,205.5488002954641,170.23560093027095,58.8598752211025,trace_complete_exploratory,0.01741603047935314,0.01724299140136054,True,148.60512489521057,90.7067870743288,44.63239750169788,194.0,791.0
refine_higher_0.005_R1.710_C0.490,higher,1.71,0.49,0.005,False,mixed-grid isolated coarse points were incorrectly admitted as local minima,144.14038451040923,85.78493980701613,115.84142869773385,72.01612511269805,4.236020540620478,1.5910593340948993,1.0000502153560893,1.0000025361290952,1.0000239859603128,0.999993021298634,0.0,493.3575483619953,307.58618816490025,307.58618816490025,578.9213772443297,982.1459838900114,633.4834631244202,205.6168306828674,170.31991005982417,58.355444703393104,trace_complete_exploratory,0.018128454388005366,0.017099007960624135,True,148.60512489521057,90.7067870743288,44.158487226429145,194.0,786.0
refine_higher_0.005_R1.710_C0.495,higher,1.71,0.495,0.005,False,mixed-grid isolated coarse points were incorrectly admitted as local minima,143.9012364645588,86.04729329212283,115.84113067793672,72.0166059010487,4.236125275396518,1.5910623646021715,1.0000754132168914,1.0000038087483287,1.0000350176186776,0.9999899222076067,0.0,493.62123197650635,308.15378856932944,308.15378856932955,579.2933365350784,982.3384054952026,633.9328840733679,205.72666334612404,170.44897822763255,57.85394317243596,trace_complete_exploratory,0.01998221085355567,0.017395372286074462,True,148.60512489521057,90.7067870743288,43.8374486744357,189.0,786.0
refine_higher_0.005_R1.710_C0.500,higher,1.71,0.5,0.005,False,mixed-grid isolated coarse points were incorrectly admitted as local minima,143.66183282053947,86.29574928006919,115.83382365928443,72.01673494967449,4.236543450664533,1.5908174414794294,1.000092034034029,1.0000046481835367,1.0000421597795637,0.9999880265906866,0.0,493.76192528080446,304.29764376693845,304.29764376693777,579.4870165549896,982.3519548680372,634.1684944869228,205.78492322331437,170.51805872477013,57.366083540470285,trace_complete_exploratory,0.021187368233142934,0.01879149248006229,True,148.60512489521057,90.7067870743288,43.89339095789274,152.0,781.0
refine_higher_0.005_R1.710_C0.505,higher,1.71,0.505,0.005,False,mixed-grid isolated coarse points were incorrectly admitted as local minima,143.42316731342817,86.54649538935044,115.83059149021452,72.01568875656025,4.236386360244867,1.590806842118486,1.0000348149615483,1.0000017583313905,1.0000167681797696,0.9999949888852435,0.0,493.9942929091749,308.01337569880405,308.013375698803,579.8120669654911,982.5177772447672,634.5612841146212,205.8816698899136,170.63100766204198,56.876671924077726,trace_complete_exploratory,0.01663380253609148,0.016598927538865382,True,148.60512489521057,90.7067870743288,44.16071128349218,195.0,781.0
refine_higher_0.005_R1.710_C0.510,higher,1.71,0.51,0.005,False,mixed-grid isolated coarse points were incorrectly admitted as local minima,143.18241101581216,86.7810770631688,115.81810152443197,72.01231928964854,4.236348199404711,1.5905719737803832,0.9997940710147526,0.9999895995462003,0.999913245568306,1.0000227781885096,0.0,494.21649285700505,312.16818473676574,312.16818473676346,580.1185623316053,982.670780199009,634.9303883922163,205.97420316626997,170.73763019784394,56.40133395264337,trace_complete_exploratory,0.014372862846045109,0.009954817282093131,True,148.60512489521057,90.7067870743288,44.817024909541956,157.0,777.0
refine_higher_0.005_R1.710_C0.515,higher,1.71,0.515,0.005,False,mixed-grid isolated coarse points were incorrectly admitted as local minima,142.96076942988827,87.01610085611739,115.81700157942863,72.0145957201791,4.236957270480166,1.5903637077890094,0.9999445702361702,0.999997200516979,0.9999780687288096,1.0000053357707408,0.0,494.3746077181984,313.47314727181663,313.47314727181424,580.3594952196908,982.7102703054691,635.2321972746447,206.04007562447208,170.82533389708277,55.94466857377088,trace_complete_exploratory,0.011873785157433758,0.009098764311616492,True,148.60512489521057,90.7067870743288,45.479913380209275,191.0,772.0
refine_higher_0.005_R1.710_C0.520,higher,1.71,0.52,0.005,False,mixed-grid isolated coarse points were incorrectly admitted as local minima,142.7372056838443,87.18277390567262,115.81486194382911,72.01467384782633,4.236866067641755,1.5903632462316832,0.9999512260057892,0.9999975366669582,0.9999809909774178,1.000004542651385,0.0,494.5616613971245,314.5894238785389,314.58942387853847,580.62353041543,982.8136478515638,635.5523839754683,206.1179767074207,170.91770973764898,55.55443177817169,trace_complete_exploratory,0.012621628501051418,0.009295558258116898,True,148.60512489521057,90.7067870743288,46.85114468398338,140.0,772.0
refine_higher_0.005_R1.710_C0.580,higher,1.71,0.58,0.005,False,mixed-grid isolated coarse points were incorrectly admitted as local minima,140.28340121589335,89.03574427436976,115.75861964785496,72.01455069228578,4.2369734035241455,1.5895706900414897,0.9999345902542546,0.999996696477486,0.9999735197960916,1.0000066222764379,0.0,487.27176723791524,320.94557018919414,320.94557018919375,570.4210716423256,977.3006869723896,623.2855414302855,203.06694062454594,167.43934839306547,51.24765694152359,trace_complete_exploratory,0.01228779114990175,0.00899286870225069,True,148.60512489521057,90.7067870743288,72.04346903420381,149.0,757.0
refine_higher_0.005_R1.710_C0.585,higher,1.71,0.585,0.005,False,mixed-grid isolated coarse points were incorrectly admitted as local minima,140.09804650579142,89.18134553538634,115.75441358581176,72.01469987008461,4.23683630297305,1.589566201259906,0.999948821332285,0.9999974152188018,0.9999796239802912,1.0000049778252413,0.0,496.36207397048327,324.3384416430143,324.3384416430139,583.1945171381128,983.5308675504969,638.6879665953129,206.8688772834862,171.82697669709006,50.916700970405074,trace_complete_exploratory,0.01306376357422323,0.00957040487385541,True,148.60512489521057,90.7067870743288,74.69735461245344,133.0,757.0
refine_higher_0.005_R1.710_C0.590,higher,1.71,0.59,0.005,False,mixed-grid isolated coarse points were incorrectly admitted as local minima,139.90795754494033,89.3151711531698,115.7412606847893,72.0161316306151,4.237618192998865,1.5890857384077193,1.0000484679551538,1.0000024478765233,1.000023177478365,0.9999932063325749,0.0,491.96413903335275,323.18577846561095,323.18577846561107,577.0351816991213,980.391420227043,631.273590532956,205.02966708050224,169.71797207663818,50.59278639177053,trace_complete_exploratory,0.017851592564539942,0.011938423525620578,True,148.60512489521057,90.7067870743288,77.5773147906298,170.0,748.0
refine_higher_0.005_R1.710_C0.595,higher,1.71,0.595,0.005,False,mixed-grid isolated coarse points were incorrectly admitted as local minima,139.73058561782847,89.45910197685481,115.73708236958444,72.0170071331544,4.237628669147216,1.589074237518889,1.0000926252657083,1.000004678043722,1.0000425626765943,0.9999878332354755,0.0,496.4920832626085,326.43702503776535,326.43702503776535,583.3957154854605,983.4695014740353,638.9440122174842,206.92303223038294,171.9042506944116,50.271483640973656,trace_complete_exploratory,0.022499874541438203,0.019967878580132492,True,148.60512489521057,90.7067870743288,80.31416548825625,154.0,748.0
refine_higher_0.005_R1.710_C0.600,higher,1.71,0.6,0.005,False,mixed-grid isolated coarse points were incorrectly admitted as local minima,139.5534101643157,89.60303684224571,115.73586560561688,72.0160350699892,4.2369291858767655,1.5892989830267013,1.0000395191957474,1.0000019959189772,1.0000192293633228,0.9999943047445644,0.0,496.58951876605784,324.51545081700795,324.51545081700783,583.5290827369702,983.5322702597189,639.1016898869766,206.96353060273253,171.9491961689463,49.95037332206998,trace_complete_exploratory,0.01944153761971279,0.01749480230787981,True,148.60512489521057,90.7067870743288,83.1518041443227,157.0,752.0
refine_higher_0.005_R1.710_C0.605,higher,1.71,0.605,0.005,False,mixed-grid isolated coarse points were incorrectly admitted as local minima,139.37460269810904,89.7420065375911,115.72943139667127,72.01564907079292,4.236666519112679,1.589333830594176,1.0000317369024896,1.0000016028738627,1.0000155026467255,0.9999953741892507,0.0,496.7414933915827,330.2437896968786,330.2437896968794,583.7506469011953,983.629840923649,639.3766673011208,207.02691183333843,172.02986721662802,49.63259616051795,trace_complete_exploratory,0.016942196772390616,0.014444731309424697,True,148.60512489521057,90.7067870743288,86.1333415152518,184.0,752.0
refine_higher_0.005_R1.710_C0.610,higher,1.71,0.61,0.005,False,mixed-grid isolated coarse points were incorrectly admitted as local minima,139.1995557569278,89.87668623130165,115.72215753767895,72.01415176505986,4.236220074684116,1.589306605117682,0.9999175061274364,0.9999958336428014,0.9999666884294593,1.0000083185961057,0.0,488.2503779071812,325.83086886242427,325.8308688624247,571.819733433134,977.7284759224653,624.993190323461,203.47552342427733,167.93405736505537,49.322869525626146,trace_complete_exploratory,0.008812292868441318,0.007553596423861109,True,148.60512489521057,90.7067870743288,89.1537982246117,168.0,752.0
refine_higher_0.005_R1.710_C0.615,higher,1.71,0.615,0.005,False,mixed-grid isolated coarse points were incorrectly admitted as local minima,139.02613122013398,90.00974100537225,115.71336598171467,72.01425701121994,4.236648765159319,1.5890843425742371,0.9999148593403426,0.9999956999666835,0.9999657831555537,1.0000084968401128,0.0,496.8735449925467,326.9621959764079,326.96219597640703,583.949533573124,983.6020071435723,639.6261553753873,207.08230597172872,172.10328312747163,49.01639021476173,trace_complete_exploratory,0.009478428777498493,0.0078323805288818,True,148.60512489521057,90.7067870743288,92.24299304940509,143.0,748.0
refine_higher_0.005_R1.710_C0.620,higher,1.71,0.62,0.005,False,mixed-grid isolated coarse points were incorrectly admitted as local minima,138.85616947299124,90.14443986726177,115.70782665220172,72.01429551141334,4.236439217468317,1.5890793814027726,0.9999205959265467,0.9999959896932613,0.9999682131019126,1.000007860102417,0.0,496.9797639787274,327.78359990209685,327.78359990209844,584.1039893301382,983.6319194551584,639.8160607096765,207.12663261177676,172.15863324713848,48.711729605729474,trace_complete_exploratory,0.01003989890418211,0.007874527871820192,True,148.60512489521057,90.7067870743288,95.35836620571567,139.0,748.0
refine_higher_0.005_R1.715_C0.480,higher,1.715,0.48,0.005,False,mixed-grid isolated coarse points were incorrectly admitted as local minima,144.69898744441093,85.4122894857176,115.94665203815693,72.01594041599202,4.227435464280727,1.595848253009879,1.0000393360934727,1.0000019866713887,1.0000190637882378,0.9999943237873129,0.0,492.07300619500376,304.57181677244205,304.57181677244216,577.3374689466398,980.0720061383274,631.6932777423654,205.08162512292313,169.82802723197256,59.28669795869334,trace_complete_exploratory,0.017632342071976836,0.017079702429441568,True,148.60512489521057,90.7067870743288,43.28961450034935,174.0,791.0
refine_higher_0.005_R1.715_C0.485,higher,1.715,0.485,0.005,False,mixed-grid isolated coarse points were incorrectly admitted as local minima,144.45249292228155,85.68355734668171,115.94702721356629,72.01641597177208,4.227616724177404,1.595845062089578,1.0000658702390886,1.0000033267797521,1.0000310795414293,0.9999910499110272,0.0,492.28338300782644,305.6699975438444,305.669997543844,577.6355169143314,980.1760456253684,632.0551370762964,205.16912423198795,169.93233934939485,58.76893557559984,trace_complete_exploratory,0.019160465033763785,0.01719498299236477,True,148.60512489521057,90.7067870743288,42.477189199309805,161.0,791.0
refine_higher_0.005_R1.715_C0.490,higher,1.715,0.49,0.005,False,mixed-grid isolated coarse points were incorrectly admitted as local minima,144.2070348632728,85.9412965007438,115.94094318208082,72.01698800117605,4.228100857626671,1.5956016338809529,1.0000949974609235,1.0000047978515618,1.000043799062682,0.9999874988486868,0.0,492.4948972438626,306.82537086982995,306.8253708698279,577.9328890331836,980.2780745048872,632.4158269007062,205.25700766544506,170.03819193888057,58.26573836252901,trace_complete_exploratory,0.022121627066013616,0.019018335066661507,True,148.60512489521057,90.7067870743288,42.05309633595772,159.0,786.0
refine_higher_0.005_R1.715_C0.495,higher,1.715,0.495,0.005,False,mixed-grid isolated coarse points were incorrectly admitted as local minima,143.96188414249374,86.20043439089628,115.93803591078596,72.01594973345972,4.227959639942706,1.5955922891294796,1.0000491790649715,1.0000024837911603,1.0000234440624165,0.9999932448874894,0.0,492.7225414445928,305.66379500132723,305.6637950013225,578.2489727373936,980.4339258930983,632.799587203808,205.35172503263846,170.14825293746725,57.76144975159747,trace_complete_exploratory,0.01778697912146754,0.016976388778587648,True,148.60512489521057,90.7067870743288,41.86689919516978,161.0,786.0
refine_higher_0.005_R1.715_C0.500,higher,1.715,0.5,0.005,False,mixed-grid isolated coarse points were incorrectly admitted as local minima,143.71681492684115,86.4468905052479,115.9300919788796,72.01490984490374,4.2281199157212495,1.5953585429525927,0.999981484368353,0.9999990648670873,0.9999939120275714,1.0000011088163985,0.0,485.8005029129301,303.70895552311435,303.70895552311157,568.1596756551799,973.4732334643272,620.8356609554796,202.33846704923332,167.03099121498207,57.26992442159326,trace_complete_exploratory,0.012947192780842443,0.015334450196817784,True,148.60512489521057,90.7067870743288,42.04229312612706,149.0,781.0
refine_higher_0.005_R1.715_C0.505,higher,1.715,0.505,0.005,False,mixed-grid isolated coarse points were incorrectly admitted as local minima,143.48457411066536,86.69340614485645,115.92499440938168,72.01458486016303,4.228546653652258,1.5951506990374968,0.9999434676683233,0.9999971448317323,0.9999775912785163,1.0000054539905885,0.0,493.1351992719756,310.4769454653525,310.4769454653522,578.8403227831816,980.6561620385022,633.5202621580837,205.52363298144007,170.35555242415455,56.79116796580891,trace_complete_exploratory,0.011815886260336583,0.013113157974274259,True,148.60512489521057,90.7067870743288,42.327266822158805,146.0,777.0
refine_higher_0.005_R1.715_C0.510,higher,1.715,0.51,0.005,False,mixed-grid isolated coarse points were incorrectly admitted as local minima,143.2535417564947,86.93827372915199,115.92251308941805,72.01434683920994,4.22857279935699,1.5950987401744203,0.9999198530406261,0.9999959521737688,0.999967024653423,1.0000082041191574,0.0,484.83331960243976,306.20560512507353,306.20560512507313,566.8101512234672,973.8032527146364,619.2100089868327,201.9354516771283,166.56554285418088,56.315268027342725,trace_complete_exploratory,0.010392030385872886,0.012774211985416173,True,148.60512489521057,90.7067870743288,42.841134923363555,175.0,776.0
refine_higher_0.005_R1.715_C0.515,higher,1.715,0.515,0.005,False,mixed-grid isolated coarse points were incorrectly admitted as local minima,143.02458159708135,87.1207792479641,115.91593196353026,72.01474336026148,4.228869813359672,1.5948918554360798,0.9999557207853706,0.9999977636760308,0.9999829597711485,1.0000039960591358,0.0,493.49800343857703,313.01446870019265,313.0144687001891,579.357401042053,980.8274121424206,634.1499706213857,205.67472270203592,170.53773007158878,55.90380234911726,trace_complete_exploratory,0.01320031456859283,0.009526196116866004,True,148.60512489521057,90.7067870743288,44.001915633043815,153.0,772.0
refine_higher_0.005_R1.715_C0.520,higher,1.715,0.52,0.005,False,mixed-grid isolated coarse points were incorrectly admitted as local minima,142.80268053200138,87.28872275800124,115.91482477615511,72.01570428573004,4.228746185094645,1.5948728139835573,1.0000089978032354,1.0000004544345078,1.0000063850440344,0.9999976176381189,0.0,483.9047559520957,308.5744591340697,308.5744591340697,565.7727856851552,974.0820770838021,617.7724807896336,201.62991303765793,166.1230718691949,55.51395777400013,trace_complete_exploratory,0.016965151311865156,0.00978076671611916,True,148.60512489521057,90.7067870743288,45.35152425868989,190.0,772.0
refine_higher_0.005_R1.715_C0.580,higher,1.715,0.58,0.005,False,mixed-grid isolated coarse points were incorrectly admitted as local minima,140.3467987371624,89.13806369413712,115.85432039663908,72.01610513250363,4.229379941766172,1.5938698644870457,1.0000492427249554,1.0000024870063098,1.000023397438105,0.9999931147109093,0.0,495.3272046491465,326.05248901800996,326.05248901800917,581.9729773248006,981.5582408855512,637.3418524599767,206.43754517507057,171.46351804736946,51.208735043025285,trace_complete_exploratory,0.01786913520680855,0.01477633411175816,True,148.60512489521057,90.7067870743288,70.66084397626256,149.0,752.0
refine_higher_0.005_R1.715_C0.585,higher,1.715,0.585,0.005,False,mixed-grid isolated coarse points were incorrectly admitted as local minima,140.16471293797076,89.28406930246285,115.85041245854626,72.01659373425314,4.229420940370352,1.5938253174895094,1.0000582568319891,1.0000029422642447,1.0000279807481856,0.9999918071269912,0.0,486.58012735745274,321.61826098347194,321.6182609834711,569.6913812460983,975.4603119801989,622.5386818057981,202.77917683137838,167.2491453980129,50.88064363550791,trace_complete_exploratory,0.020247929228560224,0.019004970894485496,True,148.60512489521057,90.7067870743288,73.26467986629984,143.0,752.0
refine_higher_0.005_R1.715_C0.590,higher,1.715,0.59,0.005,False,mixed-grid isolated coarse points were incorrectly admitted as local minima,139.98021177914805,89.42771178109776,115.84436517726868,72.01645289191569,4.229179666691525,1.5938628707538731,1.000076936389759,1.0000038856762505,1.0000355118704307,0.9999898417098623,0.0,495.5362545196329,327.5105350840333,327.51053508403334,582.2773117314312,981.625486300141,637.717768105721,206.5246078717575,171.57448139732037,50.552499998050294,trace_complete_exploratory,0.020428554873802796,0.018756323121948526,True,148.60512489521057,90.7067870743288,76.02515986538128,155.0,752.0
refine_higher_0.005_R1.715_C0.595,higher,1.715,0.595,0.005,False,mixed-grid isolated coarse points were incorrectly admitted as local minima,139.795325996346,89.56812426119221,115.83779515342552,72.01539781952805,4.228856572205098,1.5938650965976595,1.0000147248077604,1.0000007436771605,1.0000084146017274,0.999997216749215,0.0,495.64481500654665,328.00946847476246,328.0094684747619,582.4234258891058,981.6652314135615,637.8912232238341,206.56989973169124,171.623817090025,50.2272017351538,trace_complete_exploratory,0.01568605126223588,0.013083768467438972,True,148.60512489521057,90.7067870743288,78.90910964045528,160.0,753.0
refine_higher_0.005_R1.715_C0.600,higher,1.715,0.6,0.005,False,mixed-grid isolated coarse points were incorrectly admitted as local minima,139.61757723480184,89.7086719918616,115.83289218586548,72.01440635213281,4.228379500669084,1.593892753129962,0.9999381171741681,0.9999968746047572,0.9999753891612676,1.00000600192342,0.0,495.729686154961,324.01732055643214,324.01732055643333,582.5537596252522,981.6807455615149,638.0568145517248,206.605519169797,171.67278672243933,49.908905242940236,trace_complete_exploratory,0.009729108378365936,0.008115978347248642,True,148.60512489521057,90.7067870743288,81.7722466659668,142.0,753.0
refine_higher_0.005_R1.715_C0.605,higher,1.715,0.605,0.005,False,mixed-grid isolated coarse points were incorrectly admitted as local minima,139.4425411280329,89.84814779634429,115.82762289556342,72.01424484514254,4.228375561691969,1.593868323381793,0.9999258877987502,0.9999962569595333,0.9999703306235064,1.0000073373227596,0.0,495.8576412254336,329.7414872751424,329.74148727514034,582.7284836916433,981.7671605045183,638.267983383998,206.65873499922083,171.73368618929362,49.59439333168861,trace_complete_exploratory,0.008893533305950996,0.007854009605736678,True,148.60512489521057,90.7067870743288,84.69020270024541,186.0,752.0
refine_higher_0.005_R1.715_C0.610,higher,1.715,0.61,0.005,False,mixed-grid isolated coarse points were incorrectly admitted as local minima,139.26839381508773,89.98572571874779,115.82237619236196,72.01428519505981,4.228265705031094,1.5938633088833225,0.9999240957061618,0.999996166449808,0.9999696386647956,1.0000075012848173,0.0,495.94865493446633,330.2363106016038,330.23631060160665,582.8596991070915,981.7898005130428,638.4295251578933,206.69669373517445,171.78090977331777,49.28266809633995,trace_complete_exploratory,0.00982295684761425,0.007868464500134564,True,148.60512489521057,90.7067870743288,87.69447674104397,143.0,753.0
refine_higher_0.005_R1.715_C0.615,higher,1.715,0.615,0.005,False,mixed-grid isolated coarse points were incorrectly admitted as local minima,139.0968760052983,90.12211755514532,115.81700375406956,72.0143329436581,4.22807959801372,1.593859624256302,0.9999324820740418,0.9999965900037389,0.9999731798108875,1.0000065761288268,0.0,496.0351547634157,331.14200113338836,331.14200113338916,582.9856593426239,981.8091376310705,638.5848054372865,206.7327760938012,171.826323690637,48.974758450152976,trace_complete_exploratory,0.010569182953446443,0.008033462205503383,True,148.60512489521057,90.7067870743288,90.74863539918009,186.0,752.0
refine_higher_0.005_R1.715_C0.620,higher,1.715,0.62,0.005,False,mixed-grid isolated coarse points were incorrectly admitted as local minima,138.92453097443632,90.25165736697232,115.8066412615978,72.01447753394984,4.228383474884836,1.5936001798486557,0.9999266820957313,0.9999962970755434,0.9999700964354402,1.0000075331785299,0.0,487.6525184410476,326.9908787949269,326.9908787949282,571.2218602990577,975.9347457708816,624.4067868454915,203.2269271245925,167.78968391898474,48.672873607464,trace_complete_exploratory,0.011888027539754376,0.008597390192818466,True,148.60512489521057,90.7067870743288,93.92104170944963,142.0,748.0
refine_higher_0.005_R1.720_C0.480,higher,1.72,0.48,0.005,False,mixed-grid isolated coarse points were incorrectly admitted as local minima,144.76572848872195,85.5694454927257,116.04658534045788,72.01697972846755,4.219637136263568,1.6003867547702095,1.000091572290737,1.000004624863167,1.0000427709842816,0.9999878480078119,0.0,491.18435678779684,304.09124636203694,304.09124636203615,576.3246386609137,978.1628725824532,630.5966888733142,204.71086489636565,169.53627646782968,59.19628299599624,trace_complete_exploratory,0.021687172323481718,0.01803225926271068,True,148.60512489521057,90.7067870743288,41.133243292225906,148.0,791.0
refine_higher_0.005_R1.720_C0.485,higher,1.72,0.485,0.005,False,mixed-grid isolated coarse points were incorrectly admitted as local minima,144.51258564381465,85.82975497216955,116.0396092327386,72.01646773677605,4.220027234448937,1.6001329548428804,1.000078242391497,1.0000039516359338,1.0000358392992315,0.999989746658738,0.0,491.3885865482097,305.58380265619996,305.5838026562003,576.6033209346137,978.2644854348157,630.9361967260263,204.79580440425838,169.63473298440317,58.68283067164509,trace_complete_exploratory,0.019976737360536845,0.018104567591123555,True,148.60512489521057,90.7067870743288,40.534319649708124,150.0,786.0
refine_higher_0.005_R1.720_C0.490,higher,1.72,0.49,0.005,False,mixed-grid isolated coarse points were incorrectly admitted as local minima,144.2618914380255,86.09249946964837,116.0366867076913,72.01516725766825,4.219768440958585,1.6001373153175698,1.0000022181023076,1.0000001120253699,1.0000028541059764,0.9999987296814082,0.0,485.54999214004175,303.91043533317134,303.91043533317065,568.0291992806654,971.2921474273104,620.8025271282802,202.23442701132498,167.04261850258968,58.16939196837711,trace_complete_exploratory,0.014171146298082249,0.015764301836782124,True,148.60512489521057,90.7067870743288,40.155326962319286,188.0,786.0
refine_higher_0.005_R1.720_C0.495,higher,1.72,0.495,0.005,False,mixed-grid isolated coarse points were incorrectly admitted as local minima,144.01868690242196,86.35289934807534,116.03496350061968,72.0146666195617,4.219565621307318,1.6001450551850855,0.9999615487742528,0.9999980580189016,0.9999851439427687,1.0000035026854364,0.0,491.8756496896682,302.0323758289994,302.032375828997,577.2924171047737,978.5768266019768,631.7705119267897,204.99871992642704,169.87441514779957,57.66578755434662,trace_complete_exploratory,0.011398224331287565,0.014780665640628854,True,148.60512489521057,90.7067870743288,39.99175179451529,147.0,786.0
refine_higher_0.005_R1.720_C0.500,higher,1.72,0.5,0.005,False,mixed-grid isolated coarse points were incorrectly admitted as local minima,143.78336496513415,86.59986823573983,116.02962269486844,72.01432238878824,4.220176489788016,1.5998854560088378,0.9999186781746003,0.9999958928371018,0.9999664894264075,1.0000083838580203,0.0,484.55237146284196,303.277885985293,303.2778859852933,566.63207500349,971.6563085905234,619.1161961533445,201.81870865925788,166.5592185918639,57.18349672939432,trace_complete_exploratory,0.009933984465163803,0.0127613550831569,True,148.60512489521057,90.7067870743288,40.11615117004743,155.0,781.0
refine_higher_0.005_R1.720_C0.505,higher,1.72,0.505,0.005,False,mixed-grid isolated coarse points were incorrectly admitted as local minima,143.5476225963732,86.84731068716428,116.02344491703406,72.0147511237751,4.2204794078415455,1.5996770831306242,0.9999564382660338,0.9999977999124263,0.9999832511853421,1.0000039258330433,0.0,492.2649643814435,310.0885097791097,310.0885097791079,577.8461420473749,978.7824099099635,632.4471099524067,205.16079446123973,170.07046528927395,56.70031190920892,trace_complete_exploratory,0.013231868456131224,0.014337566811732927,True,148.60512489521057,90.7067870743288,40.473887485825706,191.0,777.0
refine_higher_0.005_R1.720_C0.510,higher,1.72,0.51,0.005,False,mixed-grid isolated coarse points were incorrectly admitted as local minima,143.3193489170372,87.06276167223025,116.02275213506296,72.01538715794808,4.220408931989421,1.599664255972669,1.0000000000812768,1.000000000004105,1.000001648650148,0.9999989639668379,0.0,492.4235674199721,305.86417166249896,305.8641716624977,578.0744571987943,978.8230756742074,632.7253088747166,205.22691523026225,170.15117055630702,56.25658724480694,trace_complete_exploratory,0.016006207251848537,0.009340425562442078,True,148.60512489521057,90.7067870743288,41.21834882257421,174.0,777.0
refine_higher_0.005_R1.720_C0.515,higher,1.72,0.515,0.005,False,mixed-grid isolated coarse points were incorrectly admitted as local minima,143.0884906382418,87.23093042112399,116.02093628211988,72.01580126100961,4.220354758092871,1.5996620703757882,1.0000266236656392,1.0000013446295775,1.0000138238111225,0.999995699321279,0.0,492.5961307926814,306.87640607012077,306.8764060701203,578.3159462707024,978.9208554527136,633.0177650690052,205.2988714347175,170.23559412343843,55.85756021711782,trace_complete_exploratory,0.017214458719223558,0.010446195001676983,True,148.60512489521057,90.7067870743288,42.51483299878941,149.0,777.0
refine_higher_0.005_R1.720_C0.520,higher,1.72,0.52,0.005,False,mixed-grid isolated coarse points were incorrectly admitted as local minima,142.86688842951995,87.39882034304534,116.01927603096216,72.01602642801863,4.220403695793317,1.5996573325976606,1.000044298266622,1.000002237286195,1.000021249932572,0.9999937270428968,0.0,492.82772987387295,313.062520098164,313.06252009816467,578.6408868704278,979.0707694869916,633.4075287269975,205.39531734991792,170.3464689172989,55.4680680864746,trace_complete_exploratory,0.017696375471700776,0.014610609587663248,True,148.60512489521057,90.7067870743288,43.87000163145973,194.0,777.0
refine_higher_0.005_R1.720_C0.580,higher,1.72,0.58,0.005,False,mixed-grid isolated coarse points were incorrectly admitted as local minima,140.4141150575719,89.24388922719896,115.95158397981672,72.01619921310441,4.221422107985228,1.5983916940365648,1.0000629424358927,1.0000031789109045,1.0000290104288778,0.9999916219379931,0.0,494.41026879123245,325.23912567206935,325.23912567206816,580.9097020932636,979.6447930656927,636.1881088636015,206.0552910022727,171.15703907394624,51.17022583037294,trace_complete_exploratory,0.019155832125676397,0.01743282550465608,True,148.60512489521057,90.7067870743288,69.23271227143043,186.0,753.0
refine_higher_0.005_R1.720_C0.585,higher,1.72,0.585,0.005,False,mixed-grid isolated coarse points were incorrectly admitted as local minima,140.22978218833674,89.39409149138905,115.9511686811451,72.01560630851256,4.220735997457478,1.598651088510418,1.0000325062276039,1.0000016417286681,1.0000158952986742,0.9999952465997152,0.0,485.7455324583243,325.88078684650634,325.8807868465064,568.7388080891645,973.6457622063817,621.5123134067278,202.43124144636158,166.97711556292364,50.835690696947694,trace_complete_exploratory,0.016827027422607443,0.014556239301882101,True,148.60512489521057,90.7067870743288,71.86953515105408,188.0,757.0
refine_higher_0.005_R1.720_C0.590,higher,1.72,0.59,0.005,False,mixed-grid isolated coarse points were incorrectly admitted as local minima,140.04317454782858,89.53163122465878,115.94102691914392,72.01441058683773,4.220668283639566,1.5984213706065091,0.9999394830733599,0.9999969435895639,0.9999760533364412,1.0000058289664429,0.0,494.64984710681654,324.42819714049386,324.42819714049074,581.2524488436795,979.7442227004929,636.6046198236894,206.15539351712275,171.27705282280692,50.5115433231698,trace_complete_exploratory,0.010344059976375775,0.008388512022222017,True,148.60512489521057,90.7067870743288,74.68798502204808,149.0,753.0
refine_higher_0.005_R1.720_C0.595,higher,1.72,0.595,0.005,False,mixed-grid isolated coarse points were incorrectly admitted as local minima,139.86363520659435,89.67412696199857,115.93608418080667,72.01426853116612,4.220763056643564,1.5983960720184325,0.9999210463612316,0.9999960124424869,0.999968353965761,1.0000078360236233,0.0,494.76122607059796,327.5195075950983,327.5195075951007,581.4101864712161,979.7971181906887,636.7972278857316,206.20181717939545,171.33245931837553,50.189508244595785,trace_complete_exploratory,0.009468343145840663,0.00789997905941675,True,148.60512489521057,90.7067870743288,77.48002888378146,142.0,753.0
refine_higher_0.005_R1.720_C0.600,higher,1.72,0.6,0.005,False,mixed-grid isolated coarse points were incorrectly admitted as local minima,139.688330785366,89.8183262777036,115.93600688074808,72.01375085841293,4.220194845885215,1.5986003222157252,0.9999100564193693,0.9999954573949178,0.9999628609204406,1.0000094981995358,0.0,486.2419665871729,323.03797680193827,323.0379768019375,569.4386261550658,973.8950750333024,622.3623903480291,202.63848044413612,167.22227637775114,49.87000450766239,trace_complete_exploratory,0.006766634115848547,0.006529497592836719,True,148.60512489521057,90.7067870743288,80.29857978449876,188.0,757.0
refine_higher_0.005_R1.720_C0.605,higher,1.72,0.605,0.005,False,mixed-grid isolated coarse points were incorrectly admitted as local minima,139.50942522039142,89.95431108038518,115.92600834874024,72.01437038212943,4.220401713470129,1.5983881560448971,0.9999289088570814,0.9999964095382361,0.9999717654121347,1.000006920855941,0.0,494.9554577579172,329.0367395309437,329.0367395309417,581.6882241390333,979.8715780399142,637.1392944198416,206.28282692460036,171.4326629713065,49.55511414000624,trace_complete_exploratory,0.010937448212985146,0.008179921055258887,True,148.60512489521057,90.7067870743288,83.29797269596654,150.0,753.0
refine_higher_0.005_R1.720_C0.610,higher,1.72,0.61,0.005,False,mixed-grid isolated coarse points were incorrectly admitted as local minima,139.3361051989357,90.09245377499964,115.92090325785144,72.01448242531721,4.220237505744956,1.5983853767004434,0.9999369463119459,0.9999968154703013,0.9999752638556011,1.0000059794100544,0.0,495.043388398664,329.8590697821302,329.8590697821295,581.8173233392602,979.8923395884751,637.2982869800735,206.31951077831388,171.47952097559886,49.24365142393607,trace_complete_exploratory,0.011892135951654836,0.008636731495315075,True,148.60512489521057,90.7067870743288,86.29213153259582,149.0,752.0
refine_higher_0.005_R1.720_C0.615,higher,1.72,0.615,0.005,False,mixed-grid isolated coarse points were incorrectly admitted as local minima,139.16502859251975,90.22913784492177,115.915676088492,72.0146041189211,4.220068607337273,1.5983830355378843,0.9999443756155577,0.9999971906876546,0.9999785187003218,1.0000050981367123,0.0,495.12737296510693,330.60192112835887,330.60192112835614,581.9421212485086,979.909667386924,637.454162334272,206.35455212185508,171.5251385777563,48.93589074759798,trace_complete_exploratory,0.01256623403585877,0.009110360893245684,True,148.60512489521057,90.7067870743288,89.34356699042999,146.0,752.0
refine_higher_0.005_R1.720_C0.620,higher,1.72,0.62,0.005,False,mixed-grid isolated coarse points were incorrectly admitted as local minima,138.99025990470727,90.35884059747448,115.9058682372512,72.01571044765484,4.220146042675341,1.5981580502959585,1.0000162006008202,1.0000008182121634,1.0000093289746803,0.9999968687868371,0.0,495.1802411813635,331.44125449472926,331.441254494728,582.0247810687749,979.8661981207244,637.5588168066586,206.37664967983378,171.55672169467977,48.63141930723279,trace_complete_exploratory,0.0165532945562461,0.012823637087720385,True,148.60512489521057,90.7067870743288,92.56669553636121,148.0,748.0
