case_id,route,target,R,C,requested_systolic_mmHg,requested_diastolic_mmHg,achieved_systolic_mmHg,achieved_diastolic_mmHg,status,wall_s,systolic_mmHg,diastolic_mmHg,map_mmHg,heart_rate_per_min,cardiac_output_L_min,svr_mmHg_s_mL,baroreceptor_heart_rate_scale,baroreceptor_heart_elastance_scale,baroreceptor_resistance_scale,baroreceptor_compliance_scale,aorta_inflow_mL_s,BrainVasculature_inflow_mL_min,LeftKidneyVasculature_inflow_mL_min,RightKidneyVasculature_inflow_mL_min,GutVasculature_inflow_mL_min,LiverVasculature_inflow_mL_min,MuscleVasculature_inflow_mL_min,SkinVasculature_inflow_mL_min,MyocardiumVasculature_inflow_mL_min,pulse_pressure_mmHg,stroke_volume_mL,stationarity_sbp_bin_median_range_mmHg,stationarity_dbp_bin_median_range_mmHg,stationarity_pass,tissue_tuning_simulated_s,dynamic_stabilization_wall_s,dynamic_stabilization_simulated_s,cvp_out_of_range_warning_n,outside_reference_warning_seen,J,refinement_step
refine_higher_0.02_R1.800_C0.540,modifier,higher,1.8,0.54,150.0,90.0,148.60512489521057,90.7067870743288,ok,147.56433610798558,143.008314332764,89.69539455169273,117.54240515491752,72.01436193079743,4.094115492502015,1.6727873711385584,0.9999332709258684,0.9999966298447405,0.9999735102566683,1.000006489718388,0.0,479.8464580577819,308.7990224254704,308.79902242547007,563.89859510258,950.4414833317114,617.5729464004833,199.98612611537152,166.1583702520124,53.31291978107127,56.851374958182305,0.009700761694944049,0.008137342839063422,True,,145.0,789.0,0,False,32.34720330675758,0.02
refine_higher_0.02_R1.800_C0.520,modifier,higher,1.8,0.52,150.0,90.0,148.60512489521057,90.7067870743288,ok,153.5510815080197,143.85663674385788,89.04327458773248,117.56216061928303,72.0160614613333,4.09406117332639,1.673068056837169,1.0000504745675092,1.0000025492205826,1.0000239649806417,0.9999930452472116,0.0,479.281491457123,302.3790596670059,302.3790596670059,563.0994001021814,950.1566952621852,616.6005279279764,199.75056372879806,165.87698570199194,54.81336215612539,56.849279039295475,0.017370600147643245,0.014530251063490596,True,,151.0,795.0,0,False,25.31541351659874,0.02
refine_higher_0.02_R1.800_C0.420,modifier,higher,1.8,0.42,150.0,90.0,148.60512489521057,90.7067870743288,ok,153.58845346499584,149.01277174080482,84.44322031289205,117.59128901482589,72.0149068769243,4.091943144995746,1.6743084073923598,0.9999769505947073,0.9999988358886218,0.9999917549531915,1.000001763982552,0.0,474.43172956992953,279.5275766106042,279.52757661060224,556.0992652088362,945.0856075630862,608.2335354055001,197.66868866433578,163.61791285254782,64.56955142791277,56.82077950873425,0.013376153896075493,0.014847913111580624,True,,151.0,817.0,0,False,39.398444525698196,0.02
refine_higher_0.02_R1.800_C0.480,modifier,higher,1.8,0.48,150.0,90.0,148.60512489521057,90.7067870743288,ok,157.09573501700652,145.70829279492855,87.6331693519732,117.57471944909247,72.01490976056483,4.094458539037414,1.6730408734747921,0.9999874964017106,0.9999993685051372,0.9999963242761524,1.0000005058660002,0.0,477.83688332279644,291.50984781363223,291.50984781363303,561.0686556344032,949.3282231485744,614.1398454186233,199.14841688403408,165.16742299743697,58.07512344295536,56.8557060288025,0.012501284582242533,0.009503235064826754,True,,155.0,794.0,0,False,17.838762120402762,0.02
refine_higher_0.02_R1.820_C0.440,modifier,higher,1.82,0.44,150.0,90.0,148.60512489521057,90.7067870743288,ok,157.46844369199243,148.0563703324019,86.31386565880543,117.96575211711608,72.01644823669443,4.06275034207074,1.6922649386973883,1.0000742686403807,1.0000037509414328,1.0000344519682993,0.9999902052672821,0.0,472.8340720782036,284.2873096735465,284.2873096735466,554.8838062395246,941.3741230952137,607.1338776433495,197.0633766569517,163.23796348114172,61.742504673596486,56.41420038819206,0.01869605388279183,0.01765593814431554,True,,155.0,814.0,0,False,19.59889013316721,0.02
refine_higher_0.02_R1.800_C0.460,modifier,higher,1.8,0.46,150.0,90.0,148.60512489521057,90.7067870743288,ok,160.48355689199525,146.7422793243697,86.89753781853273,117.59212874671738,72.01470849549393,4.093246876745638,1.673817591195861,0.9999584357870561,0.999997900797327,0.9999836326364544,1.0000039328201482,0.0,476.9999709276582,285.6159730672919,285.61597306729107,559.8862415065239,948.895703575121,612.7047054504488,198.79945508570154,164.75291668525293,59.844741505836964,56.83903972202787,0.01228835933454775,0.012469672880257576,True,,158.0,808.0,0,False,17.98057351358442,0.02
refine_higher_0.02_R1.800_C0.440,modifier,higher,1.8,0.44,150.0,90.0,148.60512489521057,90.7067870743288,ok,160.77615289701498,147.83734547595662,85.73363281146844,117.60266961369337,72.01516386978969,4.091603160947514,1.674638673957896,1.0000080770918016,1.0000004079339289,1.000005281214173,0.9999981265440323,0.0,476.06901308617523,290.31750113425704,290.3175011342567,558.5655852413222,948.3916154794316,611.1027400967512,198.41086608853257,164.2914511126511,62.103712664488185,56.815855732072265,0.013873899186307881,0.016056201473816145,True,,159.0,823.0,0,False,25.32174855883611,0.02
refine_higher_0.02_R1.820_C0.460,modifier,higher,1.82,0.46,150.0,90.0,148.60512489521057,90.7067870743288,ok,163.65357798099285,146.96982775782604,87.2964558713546,117.97024572490244,72.01450362480034,4.062182268957295,1.6925632592951747,0.9999449880733633,0.9999972216198671,0.9999785647713297,1.000005140665918,0.0,473.8845295324995,288.59705092551417,288.5970509255121,556.3361229833051,942.1105252358454,608.8824036620283,197.50098496837143,163.73981523114816,59.67337188647144,56.40783542883938,0.01113353066767786,0.008803431148763252,True,,161.0,819.0,0,False,14.304555641517519,0.02
refine_higher_0.02_R1.800_C0.560,modifier,higher,1.8,0.56,150.0,90.0,148.60512489521057,90.7067870743288,ok,193.30670623501646,142.2038104225429,90.31637009494618,117.51309994133779,72.01538338659654,4.095070284146182,1.6719418278814553,1.0000000000637912,1.0000000000032219,1.000000495665915,0.9999993275733381,0.0,480.2400806187545,313.30713381993655,313.3071338199351,564.4822289448763,950.4849031431115,618.2953769692306,200.15074752180993,166.37010703986758,51.88744032759671,56.86382674883259,0.015114901849671014,0.013885075660212465,True,,190.0,774.0,0,False,41.12925239577493,0.02
refine_higher_0.02_R1.820_C0.520,modifier,higher,1.82,0.52,150.0,90.0,148.60512489521057,90.7067870743288,ok,194.85302583599696,144.09256605420944,89.43077542064954,117.92442329920607,72.01551151971034,4.064535945812298,1.6909063320271775,1.000009366281192,1.0000004730445042,1.0000061606959731,0.9999977944516698,0.0,466.9529338662147,298.40389273353014,298.40389273352946,546.6354996480045,936.8412966183538,597.2194916544051,194.59968861729254,160.43429772253663,54.6617906335599,56.43972888673923,0.01637602333249788,0.012925320097821213,True,,192.0,790.0,0,False,21.991393033822686,0.02
refine_higher_0.02_R1.820_C0.500,modifier,higher,1.82,0.5,150.0,90.0,148.60512489521057,90.7067870743288,ok,200.67299875701428,144.99261509857593,88.7538793589094,117.94730417964391,72.01391403165113,4.063413668483517,1.6917049965690447,0.9999275896481516,0.9999963429115233,0.9999702973818301,1.000007545846239,0.0,466.1148118746062,293.47444783112905,293.47444783112826,545.4310857310104,936.4951323551923,595.7505096637024,194.2494249589455,160.00960568304845,56.238735739666524,56.42539671843957,0.00774248525382859,0.007896582927784834,True,,198.0,804.0,0,False,16.86407557572587,0.02
refine_higher_0.02_R1.820_C0.480,modifier,higher,1.82,0.48,150.0,90.0,148.60512489521057,90.7067870743288,ok,201.34162702501635,146.0812548963683,88.31643731580414,118.20580206338855,72.01508583389914,4.038394364354626,1.7063143838217651,0.9999886534322877,0.9999994269410251,0.9999970822828798,1.000000219581867,0.0,466.4791081647106,272.69691513205885,272.69691513205777,545.6785200502534,938.2567720063232,595.9065607117165,194.3979933889899,160.02701211920265,57.76481758056417,56.07706104341907,0.014307606213066038,0.00817104155409254,True,,,,0,False,12.08369173913494,0.02
refine_higher_0.02_R1.820_C0.420,modifier,higher,1.82,0.42,150.0,90.0,148.60512489521057,90.7067870743288,ok,205.34962135500973,149.23235528309564,85.06721032695121,117.97446258045963,72.01448965486415,4.060412352238803,1.693344018307305,0.999942741350554,0.9999971081490185,0.9999767811843245,1.0000058098352147,0.0,471.7612175989999,277.1655545949003,277.16555459489916,553.3665627104879,940.7530931384852,605.295324351706,196.6159288391431,162.7081902547081,64.16514495614443,56.383269140678365,0.011283829081094154,0.013075821766847184,True,,202.0,833.0,0,False,32.19824384904845,0.02
refine_higher_0.02_R1.820_C0.400,modifier,higher,1.82,0.4,150.0,90.0,148.60512489521057,90.7067870743288,ok,206.68655506600044,150.49084191082224,83.70360079052504,117.96668145020514,72.01592002063596,4.059618918272603,1.6936030340262032,1.0000527973607611,1.0000026665333717,1.0000249141747235,0.9999928368627176,0.0,471.96897663712735,270.40306729662274,270.4030672966224,553.2835132046312,939.7864046363006,605.3996009548376,196.58396712603746,163.03331403127595,66.7872411202972,56.37113178737883,0.017005938941764498,0.01678320068245398,True,,204.0,838.0,0,False,52.60054678862448,0.02
refine_higher_0.02_R1.800_C0.580,modifier,higher,1.8,0.58,150.0,90.0,148.60512489521057,90.7067870743288,ok,243.9204011450056,141.57569663857686,91.55019612565238,117.7537111040376,72.01606401055214,4.0694227836301415,1.6863492628990464,1.000050508850868,1.0000025509520638,1.0000238606089664,0.9999930300738066,0.0,477.7832590973916,295.10763281415325,295.10763281415245,560.7693108841717,950.134126628028,613.6880299063322,199.11490888187456,165.0386730569296,50.02550051292448,56.507153501666934,0.01702187101693653,0.01732177314490002,True,,,,0,False,50.124200443014935,0.02
refine_higher_0.02_R1.820_C0.540,modifier,higher,1.82,0.54,150.0,90.0,148.60512489521057,90.7067870743288,ok,268.73482521699043,143.4888999264213,90.76679231527314,118.34748913204938,72.01157343366225,4.021443500519835,1.7158589149078147,0.999761665289655,0.9999879628934174,0.9998994708249715,1.0000262731865273,0.0,478.85126183408903,276.3761847322371,276.3761847322353,562.8709290014708,947.5790785974671,616.5562903652428,199.56725195328892,165.90478106996432,52.722107611148175,55.84440540275693,0.016337466998010086,0.005569341804175565,True,,,,0,False,26.17935856020339,0.02
refine_higher_0.02_R1.820_C0.580,modifier,higher,1.82,0.58,150.0,90.0,148.60512489521057,90.7067870743288,ok,144.01179464900633,141.6622129157954,91.68135144122779,117.8581007842455,72.01502151207774,4.064973595410793,1.6897817208278845,0.9999757852593318,0.9999987770332979,0.9999917087130163,1.0000015887095426,0.0,477.1595370182568,314.87275528312614,314.8727552831258,561.0132913133416,943.4904964136284,614.5921049003146,198.86718893264816,165.3962734529008,49.98086147456762,56.44619011505885,0.012546794003981177,0.013119602864108515,True,,142.0,770.0,0,False,49.153802459135726,0.02
refine_higher_0.02_R1.820_C0.560,modifier,higher,1.82,0.56,150.0,90.0,148.60512489521057,90.7067870743288,ok,150.45174593100091,142.43505311166751,90.88396415206378,117.8851933814588,72.01413012971592,4.064666450091178,1.6902952535245541,0.9999430730784838,0.9999971249029538,0.9999768239902684,1.000005850355961,0.0,476.8499347561183,306.52363127971563,306.52363127971535,560.5584846746592,943.4484520980736,614.0277954539619,198.73786112798854,165.23051635847446,51.55108895960373,56.44262372911638,0.012126102536370809,0.013454366857217792,True,,148.0,779.0,0,False,38.10117753094883,0.02
refine_higher_0.02_R1.840_C0.420,modifier,higher,1.84,0.42,150.0,90.0,148.60512489521057,90.7067870743288,ok,160.24465414800216,149.44268654822525,85.65907966839451,118.33879673913249,72.01449311810181,4.030814885102296,1.7115462548178504,0.9999441429210476,0.9999971789354063,0.9999773360845254,1.0000056507350275,0.0,468.6276991284912,275.42616807523893,275.42616807523973,549.7957767329838,933.9432495609024,601.4496812049028,195.3102477201826,161.6887938153732,63.78360687983074,55.972273226888774,0.011201102444999833,0.014074365418238699,True,,158.0,834.0,0,False,26.180859578524576,0.02
refine_higher_0.02_R1.820_C0.600,modifier,higher,1.82,0.6,150.0,90.0,148.60512489521057,90.7067870743288,ok,176.162867231993,140.93179083178987,92.43125178304754,117.83269034715353,72.01392377713442,4.0648396381785235,1.6894709261230125,0.9999347501623153,0.9999967045536526,0.9999732346970556,1.0000068008204157,0.0,477.39839825562274,315.7289182647677,315.72891826476723,561.3715583749333,942.563352334881,615.0365803612435,198.96688794236655,165.52749910817357,48.500539048742326,56.445190387878505,0.007870594211112802,0.009732063086602238,True,,173.0,765.0,0,False,61.8538341804688,0.02
refine_higher_0.02_R1.840_C0.520,modifier,higher,1.84,0.52,150.0,90.0,148.60512489521057,90.7067870743288,ok,153.4767733940098,144.32543527953484,89.8245870445302,118.29008516781795,72.01520726855419,4.034364230691652,1.7093448632479467,0.9999949315487731,0.9999997440176149,0.999999205682057,0.9999999999956857,0.0,472.7429040608802,301.24410813209875,301.24410813209715,555.5881788790784,936.2869539943522,608.467282466549,197.0262198790275,163.7116390700085,54.50084823500464,56.0210042254961,0.01493407041618866,0.011258935729870245,True,,151.0,795.0,0,False,19.09402009909925,0.02
refine_higher_0.02_R1.840_C0.540,modifier,higher,1.84,0.54,150.0,90.0,148.60512489521057,90.7067870743288,ok,148.6460934499919,143.47335850415743,90.59626873004147,118.26943238254204,72.01557838935202,4.035030593766268,1.7087530899242238,1.0000164646423637,1.000000831547593,1.000008901107081,0.9999971039484896,0.0,473.17890553617576,305.5073797173039,305.5073797173031,556.2166941414539,936.4166770026259,609.2389280656757,197.20798007176847,163.93623137489763,52.87708977411596,56.02996857084014,0.01478241418172388,0.015110768559722487,True,,147.0,785.0,0,False,26.347240596766518,0.02
refine_higher_0.02_R1.840_C0.480,modifier,higher,1.84,0.48,150.0,90.0,148.60512489521057,90.7067870743288,ok,191.50066188600613,146.18065805759707,88.43977370638915,118.33588886805352,72.0153663267407,4.031954549213275,1.7110401984693793,1.0000002318620052,1.0000000117102021,1.0000020880600753,0.9999989132722702,0.0,471.57016927890595,291.211431685187,291.21143168518773,553.9094865068348,935.8101028353267,606.4165013938957,196.5367349206772,163.116500549141,57.740884351207924,55.98741983648192,0.01516242689496039,0.012183621419652013,True,,188.0,825.0,0,False,11.017389057104669,0.02
refine_higher_0.02_R1.840_C0.580,modifier,higher,1.84,0.58,150.0,90.0,148.60512489521057,90.7067870743288,ok,152.74292526300997,141.89803033380832,92.25113579181512,118.23160434804346,72.01577743286505,4.034412905697941,1.7084790828659866,1.0000284876039036,1.000001438767874,1.0000140876183552,0.999995653707701,0.0,473.842166873863,312.0688066952434,312.068806695243,557.1662251686314,936.0691053631219,610.4020131274631,197.48446743516112,164.27588077123585,49.646894541993206,56.021236588870046,0.016424636046423302,0.015234456853008282,True,,150.0,781.0,0,False,47.370130416793174,0.02
refine_higher_0.02_R1.840_C0.400,modifier,higher,1.84,0.4,150.0,90.0,148.60512489521057,90.7067870743288,ok,208.73339713001042,150.70152245427394,84.30683845055007,118.33649838011412,72.01552366813243,4.029456537676391,1.7120593219770812,1.0000138137314034,1.0000006976632034,1.0000079228513923,0.9999973374630909,0.0,467.3105311704253,268.50649761316083,268.5064976131592,547.7655010895792,930.9613257420672,599.0987341239559,194.70237495987953,161.10816023713753,66.39468400372387,55.95261038779983,0.014839447221362434,0.016896823270698746,True,,206.0,843.0,0,False,45.3542251126541,0.02
refine_higher_0.02_R1.840_C0.460,modifier,higher,1.84,0.46,150.0,90.0,148.60512489521057,90.7067870743288,ok,210.0195539839915,147.31055531574646,87.94319821967699,118.57080658105981,72.01686526328955,4.008908319780174,1.7247241669653033,1.00009610297225,1.0000048536854682,1.0000441981784804,0.9999875179571214,0.0,462.2117963641556,266.2298032606136,266.229803260614,540.5335730450264,930.6682422658712,590.1670330184461,192.61906452981495,158.46500304393493,59.36735709606947,55.66624297133503,0.020504881167624944,0.017073709456582264,True,,,,0,False,9.31333375362961,0.02
refine_higher_0.02_R1.840_C0.560,modifier,higher,1.84,0.56,150.0,90.0,148.60512489521057,90.7067870743288,ok,173.88731662998907,142.65915599751239,91.44165555076212,118.24753741016433,72.01390363590669,4.035012148966757,1.7084446999131087,0.9999306940861155,0.9999964997013188,0.9999715341988971,1.0000072418989245,0.0,473.5065179898056,304.67697887554283,304.6769788755435,556.6913429020775,936.5002614809123,609.8229166230395,197.34475285006738,164.10748600707174,51.217500446750265,56.031015474001734,0.008246306642490708,0.011928232037107023,True,,171.0,780.0,0,False,35.89457781004953,0.02
refine_higher_0.02_R1.840_C0.440,modifier,higher,1.84,0.44,150.0,90.0,148.60512489521057,90.7067870743288,ok,225.66675974900136,148.41173147410137,87.1980963659741,118.6116420002493,72.01478570630998,4.00417927456661,1.7273365556704894,0.9999673638403249,0.9999983517091079,0.9999877892264555,1.0000027588520606,0.0,462.4145559065961,258.19182820881775,258.1918282088178,540.4291241136059,930.2422240740441,590.194491502364,192.59353200854568,158.73155305010727,61.21363510812728,55.602182736423266,0.012623207524995905,0.00734653048361622,True,,,,0,False,12.348311502222966,0.02
refine_higher_0.02_R1.840_C0.600,modifier,higher,1.84,0.6,150.0,90.0,148.60512489521057,90.7067870743288,ok,191.24946352400002,141.16630768259915,92.9879581535956,118.1988575020254,72.01380817114475,4.034674490934385,1.7078849309386517,0.9999152896401069,0.999995721698995,0.9999650432311614,1.0000089345322036,0.0,466.26641431132157,311.15039875113666,311.1503987511347,546.5618416201019,931.1520695660699,597.6375613013593,194.3163663021748,160.64632644273547,48.178349529003555,56.02640095557453,0.006430144204244925,0.009717169186615138,True,,188.0,771.0,0,False,60.53974301552705,0.02
refine_higher_0.02_R1.840_C0.500,modifier,higher,1.84,0.5,150.0,90.0,148.60512489521057,90.7067870743288,ok,215.64422664200538,145.3680406769663,89.46021100075166,118.59076119885783,72.01580052156947,4.0051944645925905,1.7265909695196988,1.0000338632865315,1.0000017102669974,1.0000167349710447,0.9999949651550761,0.0,469.1459495109235,273.4901900697348,273.49019006973396,550.229860696377,935.5225417431609,601.8448904963714,195.51595850797014,161.79524399943074,55.90782967621465,55.61549598262111,0.016644717488759397,0.009965253487109749,True,,,,0,False,12.032666143221084,0.02
refine_higher_0.02_R1.860_C0.440,modifier,higher,1.86,0.44,150.0,90.0,148.60512489521057,90.7067870743288,ok,157.47388747998048,148.4953210888167,87.2830209475466,118.70977787671939,72.01549317262169,4.001358076843104,1.7300526809598626,1.0000131678940285,1.0000006650451536,1.000007811958211,0.9999974107336635,0.0,457.63456328903624,273.5837304067663,273.58373040676594,534.8222408803424,921.0769001696284,584.0256905057721,190.6099798193939,157.06678203734094,61.21230014127009,55.5624616393561,0.014971021388930694,0.013097351399636636,True,,155.0,840.0,0,False,11.734231366799754,0.02
refine_higher_0.02_R1.860_C0.400,modifier,higher,1.86,0.4,150.0,90.0,148.60512489521057,90.7067870743288,ok,211.49278436001623,150.906625794049,84.91292936340376,118.70444997097138,72.01542722589517,3.9992876861672353,1.7308504061466208,1.0000071877136616,1.000000363015842,1.0000050758572172,0.9999981542067119,0.0,464.40439459406923,271.70593158057346,271.7059315805727,544.6827544955818,926.5575264567149,595.7293728574975,193.5500269843404,160.12762731370645,65.99369643064524,55.53376325356547,0.014835478823044923,0.015609464418957941,True,,208.0,854.0,0,False,38.86569356179968,0.02
refine_higher_0.02_R1.860_C0.460,modifier,higher,1.86,0.46,150.0,90.0,148.60512489521057,90.7067870743288,ok,165.89863110598526,147.40691461196877,88.05946290591969,118.69589054570521,72.01502961022534,4.002887987061724,1.729180925384816,0.999996967047251,0.9999998468205678,0.999999683886037,0.9999999980854775,0.0,467.5574597036051,279.9952515342411,279.9952515342401,549.092939017188,928.5005307041174,601.0573057696765,194.8645559048556,161.6602986685059,59.347451706049085,55.58406361459523,0.013319234705988947,0.012296291332560827,True,,164.0,825.0,0,False,8.44403313550938,0.02
refine_higher_0.02_R1.860_C0.480,modifier,higher,1.86,0.48,150.0,90.0,148.60512489521057,90.7067870743288,ok,157.10275688100955,146.39405205075138,88.80952539622157,118.68385468393828,72.0145807667371,4.003815912140404,1.7286361084422,0.9999541947470638,0.9999976866033883,0.9999816825305805,1.0000044818229759,0.0,468.35178452140565,290.1058354860688,290.10583548606775,550.2124267929039,928.9722928051411,602.4164793346913,195.19588803157512,162.05201549764251,57.58452665452981,55.597295290924365,0.011254870331754319,0.009114093618194374,True,,155.0,815.0,0,False,8.48844499871907,0.02
refine_higher_0.02_R1.860_C0.420,modifier,higher,1.86,0.42,150.0,90.0,148.60512489521057,90.7067870743288,ok,216.16684444900602,149.76329389193378,86.6987939967256,118.94869794435412,72.01607760561524,3.9760200581475638,1.744975002925415,1.000058500189797,1.0000029545550397,1.0000271123140294,0.9999922056699633,0.0,460.14759492454215,256.9291823873979,256.9291823873961,538.0989159483411,922.4211085227441,587.8524091942272,191.65035886998072,158.1397469222723,63.064499895208186,55.21017237180862,0.01740688861957551,0.016900775479641084,True,,,,0,False,17.40536393508606,0.02
refine_higher_0.02_R1.860_C0.520,modifier,higher,1.86,0.52,150.0,90.0,148.60512489521057,90.7067870743288,ok,151.988397514011,144.54972634203173,90.26001408713809,118.6517504919808,72.01390411275081,4.004751882530767,1.7277327949280414,0.9999352191976814,0.9999967282423061,0.9999733888728071,1.0000067712530025,0.0,469.5324087314465,296.94321436763784,296.9432143676355,551.8925159406034,929.5094442361832,604.4617689387512,195.68841665469913,162.64386151082067,54.289712254893644,55.610814770722655,0.007326496178023945,0.009577306250449169,True,,150.0,800.0,0,False,16.64586352720828,0.02
refine_higher_0.02_R1.860_C0.540,modifier,higher,1.86,0.54,150.0,90.0,148.60512489521057,90.7067870743288,ok,156.73295119701652,143.69601656858967,91.160772708492,118.63483977630469,72.01442435709995,4.004961185064601,1.7274191546316104,0.9999497232676953,0.9999974607710955,0.9999796116720723,1.0000050962464087,0.0,469.9035471381599,298.60321686668954,298.60321686668954,552.4249350570119,929.6322225521965,605.1138360071157,195.84309920474112,162.8344992116127,52.535243860097665,55.613319426190046,0.012362054445162585,0.014194650249635288,True,,154.0,795.0,0,False,24.305447518525174,0.02
refine_higher_0.02_R1.860_C0.500,modifier,higher,1.86,0.5,150.0,90.0,148.60512489521057,90.7067870743288,ok,204.58404238999356,145.45346455514525,89.53870751074051,118.67982111169965,72.01667030856736,4.003829460047544,1.7286228167695037,1.000084058857758,1.0000042453968558,1.0000388091756696,0.9999889849187,0.0,469.03275432155897,294.2961270079938,294.29612700799134,551.1763932622935,929.3378806341715,603.5830065436842,195.47964897862897,162.38843968464252,55.91475704440474,55.59587027409727,0.01943194456754327,0.02013941218807247,True,,202.0,816.0,0,False,11.297372766013263,0.02
refine_higher_0.02_R1.860_C0.580,modifier,higher,1.86,0.58,150.0,90.0,148.60512489521057,90.7067870743288,ok,190.8443532359961,142.12547471873327,92.80767739980098,118.59521279966248,72.01411355241058,4.004260359055598,1.727156413452496,0.9999537200460488,0.9999976626285865,0.9999812548295084,1.0000047025604233,0.0,470.5780519378511,309.77613361580416,309.77613361580416,553.3949774075054,928.5688881933929,606.303945209431,196.1243210503537,163.1823000470417,49.31779731893229,55.603827659995694,0.0094552891009414,0.010526049607065602,True,,188.0,791.0,0,False,46.399606569184805,0.02
refine_higher_0.02_R1.880_C0.440,modifier,higher,1.88,0.44,150.0,90.0,148.60512489521057,90.7067870743288,ok,165.16863329100306,148.70035187156202,87.65215166374246,119.06169496235493,72.01454768761019,3.9726239200896223,1.748245850265365,0.9999545930302327,0.9999977067186993,0.9999817786875134,1.000004472071005,0.0,463.65579094751706,277.14573266562047,277.1457326656202,544.4091833556181,921.4561295513911,595.8465036715422,193.23850582527746,160.24374165831898,61.04820020781956,55.16418623251446,0.011243863509093899,0.009006724875234795,True,,163.0,841.0,0,False,9.339865668633037,0.02
refine_higher_0.02_R1.860_C0.560,modifier,higher,1.86,0.56,150.0,90.0,148.60512489521057,90.7067870743288,ok,196.35961971699726,142.88526115459456,92.00877477482658,118.61425534241364,72.01422868454021,4.004729127452425,1.7271998081039586,0.9999464499588203,0.9999972954524654,0.9999785896621471,1.0000052910698711,0.0,470.2901431966807,306.64200355995354,306.64200355995274,552.9739912590642,929.7328840861345,605.7836352407244,196.00422737958985,163.02920031565895,50.87648637976798,55.61024814964306,0.00701928583902145,0.010468465827216278,True,,193.0,791.0,0,False,34.41201318346121,0.02
refine_higher_0.02_R1.860_C0.600,modifier,higher,1.86,0.6,150.0,90.0,148.60512489521057,90.7067870743288,ok,191.71091501999763,141.40943406918305,93.56254565455019,118.57659300750939,72.01545495881543,4.003848440976128,1.7271072085913024,1.0000000001012235,1.0000000000051124,1.0000011037540384,0.9999992234369537,0.0,463.2112777738932,308.18341774549276,308.1834177454916,543.0661566488772,924.5909932199029,593.8627758918187,193.04318001836452,159.6423368225508,47.84688841463286,55.597072090509876,0.015406581224226557,0.01777908213334456,True,,190.0,791.0,0,False,59.933323532284646,0.02
refine_higher_0.02_R1.880_C0.460,modifier,higher,1.88,0.46,150.0,90.0,148.60512489521057,90.7067870743288,ok,160.03608511399943,147.62828504006757,88.44547309337965,119.06146994809164,72.0167261268477,3.9734124429278093,1.747950347013007,1.000088871245549,1.0000044884467463,1.000040910429212,0.9999884658782054,0.0,464.519025405896,282.4028087724687,282.40280877246647,545.6261971949425,921.9534547605933,597.3194319806174,193.59828881038237,160.66802876246413,59.18281194668792,55.17346672950923,0.019120866919763557,0.02076762174402802,True,,157.0,836.0,0,False,6.067757023031906,0.02
refine_higher_0.02_R1.880_C0.480,modifier,higher,1.88,0.48,150.0,90.0,148.60512489521057,90.7067870743288,ok,157.85179818500183,146.61561055666178,89.19822690990992,119.04934411099839,72.01392173994631,3.973537682761924,1.7476444807238072,0.9999380922299808,0.9999968733449489,0.9999745920788379,1.00000645890122,0.0,465.29548587140573,287.3807000995512,287.3807000995507,546.7101277683314,922.411265019233,598.6289418090964,193.92220019066818,161.04459417810153,57.41738364675186,55.17735441642796,0.006777009295234393,0.006168437812021921,True,,156.0,831.0,0,False,6.2339210729627395,0.02
refine_higher_0.02_R1.880_C0.420,modifier,higher,1.88,0.42,150.0,90.0,148.60512489521057,90.7067870743288,ok,192.89750834699953,149.86449639995112,86.84563844279677,119.07873634198339,72.01532490114423,3.9699319503089123,1.7496744734400451,1.0000124154518,1.000000627043019,1.0000067608881757,0.999997754674128,0.0,462.7089065808092,270.0083955764041,270.00839557640376,543.070934852133,920.9265616699195,594.2216939047187,192.84332030167963,159.7752336020573,63.01885795715435,55.12621036922983,0.014063706538962606,0.014039232782991462,True,,190.0,865.0,0,False,16.494485341734176,0.02
refine_higher_0.02_R1.880_C0.400,modifier,higher,1.88,0.4,150.0,90.0,148.60512489521057,90.7067870743288,ok,207.38817939598812,151.1062695706248,85.50372474532753,119.06281007208041,72.0153468756313,3.9700526476708284,1.749363663646045,1.000002510589824,1.0000001267974663,1.0000030457545948,0.9999986988302628,0.0,461.4367131490395,269.9311515880963,269.93115158809655,541.31190378695,920.0286159252271,592.1067942864335,192.31335793800469,159.16928687699408,65.60254482529726,55.127869543237914,0.014779008220273226,0.015509110416786598,True,,204.0,860.0,0,False,33.32758228682504,0.02
refine_higher_0.02_R1.880_C0.520,modifier,higher,1.88,0.52,150.0,90.0,148.60512489521057,90.7067870743288,ok,154.72021531200153,144.7679516862788,90.8310448175107,119.01517536685795,72.0155800787627,3.9750397043566057,1.7464933278876869,1.000019176238623,1.0000009684969002,1.0000101490721796,0.9999967964727913,0.0,466.36157213608953,296.7614128066713,296.76141280666934,548.2334068157573,922.8656826170746,600.4889232108144,194.36674529921902,161.5840843922525,53.93690686876809,55.196940717677286,0.014414687254770797,0.015263294864041654,True,,153.0,811.0,0,False,14.73933822208442,0.02
refine_higher_0.02_R1.880_C0.500,modifier,higher,1.88,0.5,150.0,90.0,148.60512489521057,90.7067870743288,ok,162.7014011660067,145.6703136579504,89.91316206985081,119.02879378476852,72.0153822055747,3.9747835333308674,1.7468057943065975,1.000004475468096,1.0000002260337422,1.0000039383200254,0.9999984601689351,0.0,465.83623079726294,288.02786398196656,288.0278639819667,547.4897612530982,922.6109814245067,599.5842865507173,194.1478996789857,161.32251034122874,55.75715158809959,55.193535208692964,0.015040538723980035,0.01234999872852427,True,,161.0,816.0,0,False,9.242957646081218,0.02
refine_higher_0.02_R1.880_C0.580,modifier,higher,1.88,0.58,150.0,90.0,148.60512489521057,90.7067870743288,ok,147.1612372759846,142.35041272942013,93.36173581131594,118.95518261737449,72.01384635905855,3.9744023026310473,1.7459036315477314,0.9999358384105566,0.9999967595156855,0.9999735257163361,1.0000067673633668,0.0,467.3543387921766,307.20597088083497,307.20597088083537,549.6610865708454,921.1614763273195,602.2393779240685,194.7807647629146,162.09579474758078,48.98867691810419,55.18941847398089,0.006165133576075732,0.009143346224590232,True,,145.0,802.0,0,False,46.170177072916495,0.02
refine_higher_0.02_R1.880_C0.560,modifier,higher,1.88,0.56,150.0,90.0,148.60512489521057,90.7067870743288,ok,162.21526986302342,143.1135816957765,92.56804697438756,118.97809254309396,72.01559750644846,3.975410513665179,1.7458287288968595,1.0000094369711663,1.0000004766147068,1.0000058187136265,0.9999978641323152,0.0,466.9828353201544,299.8874088832632,299.88740888326436,549.1304620322234,922.2247389708825,601.5920619047433,194.62589365120527,161.90742639636704,50.54553472138895,55.20207637393011,0.015546159894284983,0.018155553106808497,True,,159.0,801.0,0,False,33.62133512681722,0.02
refine_higher_0.02_R1.880_C0.540,modifier,higher,1.88,0.54,150.0,90.0,148.60512489521057,90.7067870743288,ok,179.33732548201806,143.9148829740082,91.7327074250296,119.00039452998126,72.01405828317098,3.9745969645520747,1.7464786681543898,0.9999479901388093,0.999997373239335,0.9999788412949273,1.0000053312216577,0.0,466.7791154209077,300.300688243965,300.300688243965,548.8212628052697,923.0651017187386,601.2041406844362,194.54080521809965,161.79191390282222,52.182175548978606,55.19195917168441,0.009145855656868207,0.010071905136314285,True,,176.0,811.0,0,False,23.050881845386037,0.02
refine_higher_0.02_R1.880_C0.600,modifier,higher,1.88,0.6,150.0,90.0,148.60512489521057,90.7067870743288,ok,189.145320954005,141.63583592420943,94.10906005675452,118.93381895345725,72.01425444059059,3.973823434754796,1.7458729950967387,0.9999472325001771,0.9999973349747562,0.999978464807793,1.000005412610089,0.0,467.208279073379,307.89684528846374,307.89684528846533,549.2154751631956,920.0498854410632,601.8475665676638,194.64004037554656,162.18356836185328,47.526775867454916,55.18106749314569,0.00965055040023799,0.011855571685046584,True,,186.0,802.0,0,False,60.14645020826201,0.02
refine_higher_0.02_R1.900_C0.420,modifier,higher,1.9,0.42,150.0,90.0,148.60512489521057,90.7067870743288,ok,195.08413183898665,150.0612575755083,87.19372971894325,119.41566643973341,72.01608737634578,3.9432021917114035,1.7669961888149268,1.0000529938275289,1.0000026764559358,1.0000250398763482,0.9999928113000047,0.0,451.06156008612953,264.4871198486443,264.4871198486412,527.1912105061929,907.2675836634112,575.6987662972379,187.8735818985931,154.83056349144942,62.86752785656506,54.75446300081248,0.016065495000020746,0.017221884016464628,True,,192.0,851.0,0,False,14.461894364859639,0.02
refine_higher_0.02_R1.900_C0.520,modifier,higher,1.9,0.52,150.0,90.0,148.60512489521057,90.7067870743288,ok,158.45099440900958,144.97995059494033,91.39169612349535,119.37209276358053,72.015849438775,3.945690364835061,1.7652591380141696,1.0000375339102803,1.0000018956520353,1.000018111530332,0.9999946430250561,0.0,454.84825663249995,289.8892330872095,289.8892330872088,532.8481030079752,910.5113267819285,582.372148748673,189.5563508859562,156.49469848728705,53.58825447144498,54.78919426187605,0.015939905895550055,0.016903654300861604,True,,155.0,822.0,0,False,13.610989112969987,0.02
refine_higher_0.02_R1.900_C0.460,modifier,higher,1.9,0.46,150.0,90.0,148.60512489521057,90.7067870743288,ok,163.5910867859784,147.83697203704656,88.82110379087386,119.414208715225,72.01527784158918,3.9437639426166022,1.7667523307803608,1.0000000001272433,1.0000000000064264,1.0000009209650278,0.9999992758396025,0.0,461.52315891822616,280.21028400767636,280.2102840076765,542.1973490245241,915.505307666651,593.6166848415796,192.34999306423984,159.68395390267608,59.0158682461727,54.762878944821054,0.01473985960208779,0.011615591078367515,True,,161.0,847.0,0,False,4.14586025900692,0.02
refine_higher_0.02_R1.900_C0.560,modifier,higher,1.9,0.56,150.0,90.0,148.60512489521057,90.7067870743288,ok,156.92185130299185,143.3325460709278,93.13118476499835,119.33914147335088,72.01415733819958,3.9447541947223095,1.7652230401624391,0.9999459499614879,0.9999972702000746,0.9999779727509903,1.0000055762713569,0.0,463.9253873152423,297.0081328932767,297.008132893276,545.6100398864585,915.0092447672891,597.7754325313706,193.35150428493534,160.89026406237596,50.20136130592945,54.77748182481103,0.01058418332647193,0.01168676407796454,True,,155.0,822.0,0,False,33.67779162079883,0.02
refine_higher_0.02_R1.900_C0.480,modifier,higher,1.9,0.48,150.0,90.0,148.60512489521057,90.7067870743288,ok,165.74430034600664,146.83163789050877,89.57202100873982,119.39853643502911,72.01588711295328,3.9452562802404416,1.7658346036485386,1.0000397839163453,1.000002009288706,1.0000192271324497,0.9999943219444212,0.0,462.19543678907235,285.90086229626627,285.9008622962631,543.1545259038603,915.8201981499506,594.7818426314918,192.63042737284005,160.0207066378635,57.25961688176895,54.78313797693704,0.015595366094629526,0.015717365556284335,True,,164.0,831.0,0,False,4.4329501794584205,0.02
refine_higher_0.02_R1.900_C0.580,modifier,higher,1.9,0.58,150.0,90.0,148.60512489521057,90.7067870743288,ok,159.9017034629942,142.5758698308486,93.91448512947241,119.31424624600388,72.01410023709067,3.944642263691825,1.764905028538367,0.9999489600633551,0.9999974222254215,0.9999791141692642,1.0000052885010993,0.0,464.17813628620866,304.3155096015876,304.3155096015853,545.9777302023664,913.8700970028776,598.2446332701636,193.4538448743138,161.02852076215848,48.66138470137619,54.77597096547694,0.008334553381388332,0.010223829597464373,True,,157.0,817.0,0,False,46.64124344410646,0.02
refine_higher_0.02_R1.900_C0.540,modifier,higher,1.9,0.54,150.0,90.0,148.60512489521057,90.7067870743288,ok,180.30579470697558,144.12500827441693,92.27232074476522,119.34684208076607,72.0138766008476,3.946209033019789,1.7646397502972107,0.9999353411759945,0.9999967344028278,0.9999733805526447,1.0000067884026618,0.0,463.56982328333015,296.3916459623919,296.39164596239027,545.112880610637,916.1660374165068,597.1725359658478,193.20364935047138,160.7152540914371,51.8526875296517,54.797897562056015,0.006296679837276997,0.009506231578669144,True,,177.0,812.0,0,False,22.52234060918154,0.02
refine_higher_0.02_R1.900_C0.440,modifier,higher,1.9,0.44,150.0,90.0,148.60512489521057,90.7067870743288,ok,219.367192026024,148.91479282937792,88.04588778387088,119.43600364749364,72.01397846813423,3.941272755824563,1.7681900294469555,0.9999396407053815,0.9999969515507774,0.9999753217408227,1.0000062482977055,0.0,460.75950952974216,269.04900936238016,269.0490093623779,541.1095590585035,915.1359515564741,592.2926154883692,192.03112245265555,159.30109475691853,60.868905045507034,54.72927395017557,0.007133546961256343,0.00688548848854964,True,,216.0,871.0,0,False,7.176279263410935,0.02
refine_higher_0.02_R1.920_C0.460,modifier,higher,1.92,0.46,150.0,90.0,148.60512489521057,90.7067870743288,ok,159.92501507000998,148.0407909199159,89.18814256990179,119.7605158202621,72.01397929724713,3.915357360169435,1.7851892939018594,0.9999414328296647,0.9999970420621032,0.9999760360478157,1.000006073016678,0.0,458.5061393499293,273.9040424748039,273.90404247480285,538.7375107802786,909.0557384014838,589.8756388305894,191.0928367577593,158.68884393434902,58.85264835001412,54.36940713980385,0.007643418196124685,0.007047524541462735,True,,158.0,852.0,0,False,2.624753966498249,0.02
refine_higher_0.02_R1.920_C0.440,modifier,higher,1.92,0.44,150.0,90.0,148.60512489521057,90.7067870743288,ok,173.83275867599878,149.11112052564738,88.38462682354874,119.75963833752357,72.0164115307585,3.9160678680010244,1.7848881120648006,1.0000730797747195,1.0000036908977126,1.000033865158318,0.999990406455999,0.0,457.6081566646244,271.37810843208405,271.37810843208297,537.4867391591365,908.4531780408456,588.3702698242057,190.71851442933792,158.25729120521078,60.72649370209864,54.377436819779,0.017223366979948196,0.019030781155535692,True,,171.0,847.0,0,False,5.648459808324052,0.02
refine_higher_0.02_R1.920_C0.400,modifier,higher,1.92,0.4,150.0,90.0,148.60512489521057,90.7067870743288,ok,220.6347422960098,151.49689689763673,86.68867344684273,119.77766388217208,72.01437827291585,3.9112864363800925,1.787276910877053,0.9999449050962417,0.9999972174291035,0.9999782045267172,1.0000053213264124,0.0,449.15246431366097,259.9081779116419,259.90817791164005,525.2658857267623,900.1457060127016,573.7980518191064,187.0791571296176,154.35736489460908,64.808223450794,54.31257660181873,0.008539653627650523,0.01397633158896383,True,,218.0,886.0,0,False,24.507582437405127,0.02
refine_higher_0.02_R1.920_C0.420,modifier,higher,1.92,0.42,150.0,90.0,148.60512489521057,90.7067870743288,ok,215.8367260750092,150.25892893949876,87.56473334788417,119.76980659635527,72.01474625904672,3.9137049696936086,1.7861028632660083,0.999973835759911,0.9999986785737328,0.9999900868980638,1.0000022696968738,0.0,456.7387941896949,266.81190910177384,266.81190910177344,536.2571467945731,907.9927164401274,586.8753637177513,190.35590861633125,157.82522125291507,62.69419559161459,54.345882933690916,0.012143367401336036,0.009966392225464915,True,,213.0,867.0,0,False,12.607569436768568,0.02
refine_higher_0.02_R1.920_C0.520,modifier,higher,1.92,0.52,150.0,90.0,148.60512489521057,90.7067870743288,ok,156.6213583080098,145.1867513652275,91.94794039294207,119.72480033641233,72.0142103111179,3.9162322518915604,1.7842980486849729,0.9999558849706818,0.9999977719682156,0.9999821302871696,1.000004480422988,0.0,460.1184166389569,287.39536435453067,287.3953643545284,541.0167891008475,909.8667564213615,592.6458022594697,191.76492214232252,159.49055380193033,53.238810972285435,54.38138160472133,0.011259145424304506,0.013562893642244944,True,,154.0,837.0,0,False,13.225739150793565,0.02
refine_higher_0.02_R1.920_C0.500,modifier,higher,1.92,0.5,150.0,90.0,148.60512489521057,90.7067870743288,ok,171.83965203599655,146.0815331204947,90.99062598603375,119.73541952221207,72.01406447792125,3.916470240749686,1.7843296648266573,0.9999468947465202,0.9999973179164915,0.9999784314950393,1.0000054227187367,0.0,459.70842209796376,287.97842985414303,287.9784298541415,540.4298209716616,909.6930075642828,591.9277150109723,191.59404265362656,159.2813826714672,55.09090713446095,54.38479648583693,0.006400705592028544,0.010149475432498889,True,,170.0,837.0,0,False,6.4490799732114334,0.02
refine_higher_0.02_R1.920_C0.480,modifier,higher,1.92,0.48,150.0,90.0,148.60512489521057,90.7067870743288,ok,177.250090394984,147.04378663325716,89.98350060905268,119.75312947166826,72.01553029689956,3.9157350237192237,1.7849440535622374,1.0000187915083787,1.000000949066079,1.0000098768277121,0.9999968688711349,0.0,459.20621147972474,283.21797891229437,283.2179789122951,539.7187531820896,909.4543274807845,591.06260353556,191.38461818575004,159.03066931807416,57.06028602420447,54.37348038090897,0.014644021495058723,0.015275904760045478,True,,174.0,847.0,0,False,2.960920479091314,0.02
refine_higher_0.02_R1.920_C0.560,modifier,higher,1.92,0.56,150.0,90.0,148.60512489521057,90.7067870743288,ok,160.31759724699077,143.54430272040472,93.66851483953874,119.68460614079281,72.01402386912758,3.916198645521074,1.783717287732691,0.9999490178992578,0.999997425146427,0.9999791804361035,1.000005266766943,0.0,460.7894737186582,299.01210741663436,299.01210741663283,541.9803786103525,907.8042494706525,593.8283607380528,192.04476658786706,159.83590780833606,49.87578788086597,54.381055732117595,0.008346904304431746,0.00984362627306723,True,,158.0,828.0,0,False,34.383752440222096,0.02
refine_higher_0.02_R1.920_C0.600,modifier,higher,1.92,0.6,150.0,90.0,148.60512489521057,90.7067870743288,ok,163.03302685101517,142.1037267814113,95.19584358127616,119.64140301056254,72.01390179935316,3.9147906539716,1.7837372943138894,0.9999445865575105,0.99999720134129,0.9999771423295375,1.0000058418650952,0.0,458.761428791158,304.85045794724795,304.85045794724834,538.9298176361706,905.6830833638882,590.2978581782302,191.12110799469048,159.0230757410173,46.90788320013513,54.361596249555845,0.006113913583760677,0.009248800331107532,True,,161.0,829.0,0,False,62.41980575667915,0.02
refine_higher_0.02_R1.940_C0.400,modifier,higher,1.94,0.4,150.0,90.0,148.60512489521057,90.7067870743288,ok,173.4980399160122,151.68702418032942,87.05386750845928,120.11305807674746,72.01593838270982,3.884415966179284,1.8052010588749086,1.000046671753098,1.0000023571592478,1.0000222749299534,0.9999935658294552,0.0,452.7343152904508,258.3722829712643,258.3722829712658,531.4004492112097,900.9770532901011,581.439283523596,188.6867996621905,156.342459997254,64.63315667187014,53.938281627833184,0.015221328235725196,0.01621430174162697,True,,171.0,882.0,0,False,22.84192455832848,0.02
refine_higher_0.02_R1.940_C0.440,modifier,higher,1.94,0.44,150.0,90.0,148.60512489521057,90.7067870743288,ok,171.54735533500207,149.31272362993678,88.75917039127712,120.1124068755039,72.01540878452158,3.8862874735338657,1.8043356166756537,1.000011228059249,1.0000005670737002,1.0000065581958415,0.9999977360520963,0.0,454.7693651426737,270.9430020066002,270.94300200659745,534.252433240862,902.2905241205996,584.883077122309,189.53546885188663,157.33066659165252,60.55355323865966,53.96466588368729,0.014595323218685508,0.012420858207022434,True,,169.0,868.0,0,False,4.293906713487363,0.02
refine_higher_0.02_R1.920_C0.540,modifier,higher,1.92,0.54,150.0,90.0,148.60512489521057,90.7067870743288,ok,211.83928968099644,144.34494385013608,92.84299170587117,119.71082568633446,72.01439355172555,3.915841400918469,1.7842875592969556,0.999953734048064,0.9999976633357607,0.9999812073771124,1.0000047282438527,0.0,460.499761206396,291.0179175310808,291.0179175310801,541.5609247898692,908.993500172324,593.3087987628758,191.92377686445542,159.68316948042127,51.501952144264905,54.37581583056518,0.010744377281866946,0.013401772323049954,True,,209.0,837.0,0,False,22.71251276463504,0.02
refine_higher_0.02_R1.940_C0.420,modifier,higher,1.94,0.42,150.0,90.0,148.60512489521057,90.7067870743288,ok,193.98580682798638,150.45149600170853,87.92038619656715,120.11176667873951,72.01400170220563,3.8856708963427975,1.8045724452401128,0.9999440145141857,0.9999971724502111,0.9999771319710936,1.0000057846197854,0.0,453.8240578811669,262.8270723650211,262.82707236501767,532.9305819534662,901.684620714786,583.288605364952,189.14140784827066,156.87315344925435,62.531109805141384,53.95715839276555,0.007617914136517356,0.006123113452161988,True,,191.0,872.0,0,False,11.17311611450143,0.02
refine_higher_0.02_R1.920_C0.580,modifier,higher,1.92,0.58,150.0,90.0,148.60512489521057,90.7067870743288,ok,207.57244055400952,142.8103297560639,94.46618102340963,119.6716471993764,72.0154614666227,3.9153305369173514,1.7839699549454517,1.0000038903624249,1.0000001964829515,1.0000034253512018,0.9999985644999727,0.0,460.0856464997685,297.6031439467486,297.60314394674737,540.7531286803376,906.6758687060224,592.4851485759194,191.67272075116574,159.64654831284912,48.344148732654276,54.36791568338427,0.01523160102576071,0.01781327093794971,True,,205.0,833.0,0,False,47.7126935690633,0.02
refine_higher_0.02_R1.940_C0.480,modifier,higher,1.94,0.48,150.0,90.0,148.60512489521057,90.7067870743288,ok,163.9823612019827,147.2363703947869,90.53514626130102,120.09842587013166,72.01409484462403,3.8871992712410877,1.8036976612558224,0.9999419946943016,0.9999970704391077,0.9999764361543964,1.0000059269184745,0.0,447.46258497334,276.32813104302386,276.32813104302045,523.9864303519176,897.0672723571197,572.517738782806,186.47753636170484,153.81797405728247,56.701224133485866,53.97831187947332,0.009618748951254474,0.011309651585193592,True,,162.0,858.0,0,False,1.9029494511269056,0.02
refine_higher_0.02_R1.940_C0.500,modifier,higher,1.94,0.5,150.0,90.0,148.60512489521057,90.7067870743288,ok,160.84675035701366,146.28858160999062,91.55421376453707,120.08953403005229,72.01636289353128,3.887618282919106,1.8034267339785965,1.0000706861281998,1.0000035700064744,1.0000324797864075,0.9999906998638176,0.0,456.67695647572793,285.46921589058826,285.46921589058786,536.9391072768046,903.3444772023373,588.1403634514422,190.3305219466135,158.27155183518684,54.73436784545355,53.982430196683865,0.017349658198384077,0.017657037627614613,True,,159.0,853.0,0,False,6.084504787574976,0.02
refine_higher_0.02_R1.940_C0.540,modifier,higher,1.94,0.54,150.0,90.0,148.60512489521057,90.7067870743288,ok,153.7083489529905,144.5550120988989,93.39172726873315,120.05913704596092,72.01627512103198,3.88726385126256,1.803143082839445,1.000065945675812,1.0000033305896872,1.0000306919777084,0.9999912843627377,0.0,457.43933340529793,292.6920459503433,292.69204595034176,538.0269507240478,901.876848994606,589.4691903108895,190.6482871385154,158.6582569897984,51.163284830165765,53.97757444035459,0.017702548853833378,0.01695269402571853,True,,152.0,849.0,0,False,23.612317510375444,0.02
refine_higher_0.02_R1.940_C0.520,modifier,higher,1.94,0.52,150.0,90.0,148.60512489521057,90.7067870743288,ok,168.7779244989797,145.38918539702357,92.49444952497153,120.07062750274632,72.01396826451254,3.887592338967501,1.8031141231529815,0.9999479895664912,0.9999973732104288,0.999978657488572,1.0000054257375957,0.0,457.0970836243813,289.4772932907735,289.47729329077276,537.5278042857162,903.1431785279726,588.8575705291082,190.50570096310886,158.47986916287206,52.89473587205204,53.98386497308538,0.007432108585305741,0.009669266079953331,True,,167.0,848.0,0,False,13.538003893437203,0.02
refine_higher_0.02_R1.940_C0.460,modifier,higher,1.94,0.46,150.0,90.0,148.60512489521057,90.7067870743288,ok,217.59905746000004,148.24284368464785,89.5606834455542,120.1072013332614,72.01493568429558,3.886530287505232,1.804089404669647,0.9999869799655541,0.9999993424225029,0.9999961022237543,1.0000005582291183,0.0,455.5353061424063,276.25728740560817,276.25728740560703,535.3273243819754,902.7357139214901,586.1852677051522,189.85475152453483,157.70670021183875,58.68216023909365,53.968392119980386,0.011272755909772059,0.009262328894280358,True,,215.0,863.0,0,False,1.444801203417084,0.02
refine_higher_0.02_R1.940_C0.580,modifier,higher,1.94,0.58,150.0,90.0,148.60512489521057,90.7067870743288,ok,169.58649768098257,143.03760679341988,94.99671080675739,120.01436497764217,72.01476717112646,3.8865847427001023,1.8027882917158935,0.9999749446265861,0.9999987345771006,0.999990066157622,1.00000242617288,0.0,455.9706259035879,295.3174111273379,295.3174111273395,535.7455908341892,899.6308468688744,586.8664335309634,189.9583878208797,158.11015393916793,48.04089598666249,53.96927457204063,0.0120481904933456,0.012972635001730737,True,,167.0,844.0,0,False,49.40070344382097,0.02
refine_higher_0.02_R1.940_C0.600,modifier,higher,1.94,0.6,150.0,90.0,148.60512489521057,90.7067870743288,ok,184.8034371920221,142.33528965013755,95.72473329276326,119.9855282517077,72.01385786043116,3.8861520988000446,1.8025384914369085,0.9999392766170363,0.9999969331624767,0.9999749319986424,1.0000064111483802,0.0,454.6439560494281,302.1591942893441,302.1591942893425,533.9175383274044,898.7057093369658,584.673996595789,189.40580296663603,157.48480256309057,46.61055635737429,53.96394824912353,0.005358293299821071,0.009115718415429797,True,,182.0,840.0,0,False,64.49061825146045,0.02
refine_higher_0.02_R1.940_C0.560,modifier,higher,1.94,0.56,150.0,90.0,148.60512489521057,90.7067870743288,ok,210.05591500701848,143.76953585155252,94.21385558208623,120.03360484934295,72.01388848859547,3.8870458515861306,1.802831538980891,0.9999414342628647,0.999997042134487,0.999975860664881,1.0000061640615838,0.0,457.4660510765882,296.25459895552535,296.2545989555249,537.8275311861389,900.7448407333562,589.3681126413571,190.58184386324012,158.80209436287436,49.55568026946629,53.9763361369065,0.0060375248808384185,0.009293069927593933,True,,207.0,844.0,0,False,35.682450917249625,0.02
refine_higher_0.02_R1.960_C0.400,modifier,higher,1.96,0.4,150.0,90.0,148.60512489521057,90.7067870743288,ok,221.3308126119955,151.868220687719,87.39198506350178,120.44022445350178,72.01528647244245,3.857721366876619,1.8231065498909922,1.000003061068342,1.0000001545994113,1.000002987313483,0.9999987226860598,0.0,449.8493559308898,257.38907112564095,257.3890711256382,528.1190659543454,894.7250509635002,577.906353641173,187.48514033281725,155.40513639799752,64.47623562421722,53.568090274178445,0.01405921289563139,0.01164655771775358,True,,218.0,878.0,0,False,21.635706522069142,0.02
refine_higher_0.02_R1.960_C0.420,modifier,higher,1.96,0.42,150.0,90.0,148.60512489521057,90.7067870743288,ok,172.08554132000427,150.64680538992695,88.28129016061608,120.45489886001356,72.01538340505694,3.8575449133626236,1.8234362315193908,1.0000139581260439,1.0000007049558604,1.0000076892631315,0.9999974840047188,0.0,450.9274691973965,258.45653437219806,258.4565343721977,529.6137352193825,895.4706147855585,579.7050664014414,187.93427177130596,155.92039190068635,62.36551522931087,53.565567951857155,0.012672746395253398,0.012915900024125904,True,,170.0,883.0,0,False,10.051494520935288,0.02
refine_higher_0.02_R1.960_C0.480,modifier,higher,1.96,0.48,150.0,90.0,148.60512489521057,90.7067870743288,ok,164.13099769200198,147.432554934656,91.10856798723165,120.45271268285582,72.01397105122996,3.857441204911058,1.8234820918002685,0.9999463340488239,0.9999972895984242,0.9999780006074952,1.0000055864388542,0.0,453.27593613195256,277.6534724052839,277.6534724052831,532.8840984984546,896.9815373665838,583.6503068077742,188.91275274604604,157.05486893674504,56.323986947424345,53.56517837583093,0.007537095311107578,0.009804204420262863,True,,162.0,884.0,0,False,1.5363482143679903,0.02
refine_higher_0.02_R1.980_C0.400,modifier,higher,1.98,0.4,150.0,90.0,148.60512489521057,90.7067870743288,ok,115.12509250600124,151.98519320739413,87.451968341167,120.53282575681749,72.01567719210409,3.8620252019360235,1.8224523589266783,0.9999687873573406,0.9999984236039061,0.9999877218388125,1.000002957319315,0.0,436.4708913158212,269.7688881542813,269.7688881542818,510.01407740181867,879.4000243253059,556.7807221567107,181.80397682339242,149.71982707302513,64.53322486622713,53.62756211587026,0.011721146868524102,0.009260803591160993,True,,113.0,600.0,0,False,22.018706780768444,0.02
refine_higher_0.02_R1.960_C0.440,modifier,higher,1.96,0.44,150.0,90.0,148.60512489521057,90.7067870743288,ok,193.7033941450063,149.5132977463618,89.13966148206116,120.47017698807468,72.01411437370317,3.856099518912781,1.8243719083309677,0.9999501587486956,0.9999974827650862,0.9999798114543834,1.0000050629689254,0.0,451.9558143158793,263.051157877798,263.0511578777969,531.0329391660409,896.2275517597716,581.4087191992323,188.36249423661917,156.4084402453724,60.37363626430063,53.54644089493772,0.009385313466907519,0.008130174956278324,True,,191.0,898.0,0,False,3.280660549508351,0.02
refine_higher_0.02_R1.960_C0.500,modifier,higher,1.96,0.5,150.0,90.0,148.60512489521057,90.7067870743288,ok,170.75579341000412,146.48445356804967,92.09943611136819,120.43240606213827,72.01452816436844,3.858862730208953,1.822516899311698,0.9999583069348608,0.9999978942896394,0.9999826711812598,1.0000044335045168,0.0,453.67592894768484,278.5914175595778,278.59141755957654,533.4651611270775,897.0905110823721,584.3642254994459,189.07974877882575,157.26359944531129,54.38501745668148,53.584503412996774,0.011223999116282357,0.011996619062870195,True,,168.0,868.0,0,False,6.436718218209081,0.02
refine_higher_0.02_R1.980_C0.420,modifier,higher,1.98,0.42,150.0,90.0,148.60512489521057,90.7067870743288,ok,121.91118122299667,150.75509026585684,88.33301701753608,120.53907573701042,72.01398906550739,3.862232881247495,1.8224482107165612,0.9998954767228694,0.9999947210466098,0.9999556746030476,1.0000116474017842,0.0,437.1782185195067,275.81757890759644,275.81757890759525,511.29604848595,880.4512223813052,558.1567953652504,182.19551416272236,149.87228792923509,62.42207324832076,53.631703108881005,0.0044985220889657285,0.006004883007591388,True,,119.0,600.0,0,False,10.257135377503879,0.02
refine_higher_0.02_R1.960_C0.460,modifier,higher,1.96,0.46,150.0,90.0,148.60512489521057,90.7067870743288,ok,191.7943171809893,148.4477962529918,90.01436461731589,120.45505063815196,72.01610941201614,3.85816993744761,1.823170584881187,1.0000571807253569,1.0000028879154232,1.000026762003598,0.9999923188249632,0.0,452.6492069128656,273.7561134924406,273.75611349244264,532.0200730504405,896.5705952312821,582.6087684993784,188.651813932587,156.75504686240316,58.4334316356759,53.57370689624981,0.015950229271879834,0.01723085006351255,True,,189.0,878.0,0,False,0.5042011606381974,0.02
refine_higher_0.02_R1.980_C0.440,modifier,higher,1.98,0.44,150.0,90.0,148.60512489521057,90.7067870743288,ok,125.0137999500148,149.62035368584287,89.17798256819961,120.54354798123384,72.01335924197316,3.8624083071310644,1.8224118278148866,0.9998286068171429,0.9999913437786436,0.9999285909006677,1.0000184007113506,0.0,438.47776260824116,281.31014276191627,281.310142761919,513.1080623917562,881.3217093029185,560.3412614735848,182.73768459063132,150.49805222535315,60.44237111764326,53.63460818641897,0.011146338690309676,0.008027759469698026,True,,122.0,600.0,0,False,3.367932715289656,0.02
refine_higher_0.02_R1.960_C0.600,modifier,higher,1.96,0.6,150.0,90.0,148.60512489521057,90.7067870743288,ok,159.65661935898243,142.55180297916527,96.21445555701084,120.30556197106601,72.01338156624425,3.8600670362672305,1.8200277559427218,0.9999098118797777,0.9999954450444333,0.9999619008804776,1.000009972002307,0.0,447.9370574433939,297.1285959190649,297.1285959190629,525.4894298965517,891.9531648584547,574.8113175747098,186.67911807677717,154.56443021612728,46.33734742215444,53.6020799511602,0.006460260994401779,0.008822043194371076,True,,157.0,830.0,0,False,66.97711833440327,0.02
refine_higher_0.02_R1.960_C0.560,modifier,higher,1.96,0.56,150.0,90.0,148.60512489521057,90.7067870743288,ok,188.86753809297807,143.99191327671352,94.75009385512702,120.37606072231338,72.0132531072168,3.858344570596889,1.8219064813634387,0.999909560569316,0.9999954323519855,0.999961585579151,1.000010106871256,0.0,453.3553098223671,293.5208184302933,293.52081843029174,532.8102748527281,893.7940491296932,583.7324955560737,188.86913817851354,157.28197469351528,49.2418194215865,53.578256836313166,0.006597114591642139,0.00807875766570021,True,,186.0,859.0,0,False,37.630051160685,0.02
refine_higher_0.02_R1.980_C0.460,modifier,higher,1.98,0.46,150.0,90.0,148.60512489521057,90.7067870743288,ok,131.16620167699875,148.55131511221185,90.06047346487905,120.5394979621542,72.01269250120625,3.8622018183536317,1.8224257598234779,0.9998099406069494,0.9999904010407543,0.9999183680639192,1.000021710634032,0.0,439.59884762376487,286.2959674606048,286.29596746060474,514.6731673216302,882.0733893156382,562.2277819755079,183.2056253245551,151.03772685098397,58.4908416473328,53.6322373766116,0.011344298462034885,0.007060481789721962,True,,128.0,600.0,0,False,0.42061677450633067,0.02
refine_higher_0.02_R1.960_C0.520,modifier,higher,1.96,0.52,150.0,90.0,148.60512489521057,90.7067870743288,ok,215.2675074019935,145.59246705774797,93.04225862496791,120.41559627118461,72.01392701470232,3.8588419535557055,1.822259556077617,0.9999406198058902,0.9999970010002982,0.9999755976632168,1.000006211827893,0.0,454.0814155771762,282.6522584526214,282.65225845261875,534.0465851949541,896.110343963642,585.0754883640151,189.24890953226713,157.4703451929422,52.55020843278005,53.584662210795514,0.00630727927176622,0.010796911273544652,True,,212.0,864.0,0,False,14.53053460946948,0.02
refine_higher_0.02_R1.960_C0.540,modifier,higher,1.96,0.54,150.0,90.0,148.60512489521057,90.7067870743288,ok,213.8996936919866,144.77136254598656,93.92019951503855,120.39659164692434,72.01440254743575,3.8590172874304165,1.8219134829725423,0.9999548294687285,0.9999977186600364,0.9999815777849306,1.0000046110867813,0.0,454.4057863173131,290.5327011935357,290.53270119353374,534.5134335595712,894.8894327817011,585.6480132833625,189.3841107240736,157.63752009380983,50.851163030948015,53.58674308085094,0.009963897263304489,0.011916655986013325,True,,211.0,859.0,0,False,25.02375326443571,0.02
refine_higher_0.02_R1.960_C0.580,modifier,higher,1.96,0.58,150.0,90.0,148.60512489521057,90.7067870743288,ok,211.68846022698563,143.2577213937197,95.51421615377703,120.34812426843307,72.01401842999881,3.858777125842065,1.8213029944461174,0.9999452018814914,0.9999972324182576,0.9999775615531828,1.0000056853598733,0.0,451.9086121046729,296.96089524350054,296.9608952435005,530.8019211983426,892.6706180712819,581.319785127861,188.26628654882404,156.59329626294553,47.743505239942664,53.58369398026285,0.00978244056889821,0.011360465433611466,True,,209.0,850.0,0,False,51.70609856168127,0.02
refine_higher_0.02_R1.980_C0.480,modifier,higher,1.98,0.48,150.0,90.0,148.60512489521057,90.7067870743288,ok,188.24151029300992,147.61855820187768,91.6352767553129,120.78017975787095,72.01409669800967,3.8306195469323367,1.841725045965243,0.9999533279171748,0.9999976428241004,0.9999810820925512,1.0000047468487836,0.0,450.282919608063,276.1429794184537,276.14297941845666,529.4288515642975,890.7270816827745,579.89655352417,187.66565700502707,156.05290549239825,55.983281446564774,53.19263481143141,0.006315162902325255,0.010290331385789386,True,,185.0,884.0,0,False,1.8354069280877479,0.02
refine_higher_0.02_R2.000_C0.440,modifier,higher,2.0,0.44,150.0,90.0,148.60512489521057,90.7067870743288,ok,116.98527490798733,149.80681949691612,89.52170920989889,120.86616728475816,72.01233253432173,3.8362622653746947,1.840223200013912,0.9997745261013282,0.9999886124293613,0.9999058953244686,1.0000247563062428,0.0,435.7783237532987,279.9858591464499,279.98585914644946,510.04362766617544,875.3784529423456,557.0505047307834,181.6132030397589,149.6265285481889,60.28511028701723,53.2722955966785,0.012416167483053187,0.0051335970581050105,True,,115.0,600.0,0,False,2.848479460530037,0.02
refine_higher_0.02_R1.980_C0.520,modifier,higher,1.98,0.52,150.0,90.0,148.60512489521057,90.7067870743288,ok,172.75225562497508,145.80497628133566,93.5821687703261,120.7541200785964,72.01372001206167,3.8305722492710843,1.841376839215118,0.9999350872920496,0.9999967215804071,0.9999728193396118,1.00000705474074,0.0,451.10185988053206,280.08231386893476,280.0823138689336,530.596866281582,889.2053123945286,581.32270443436,188.00710164839325,156.46756827345246,52.22280751100955,53.192256262133064,0.0077578822694022165,0.01082101903286059,True,,171.0,879.0,0,False,16.10865215746192,0.02
refine_higher_0.02_R1.980_C0.500,modifier,higher,1.98,0.5,150.0,90.0,148.60512489521057,90.7067870743288,ok,182.4336501689977,146.67760992775766,92.63801979155896,120.76762710110899,72.01426254616227,3.830963920103733,1.841375513124276,0.9999590633313047,0.9999979324914803,0.9999833501290272,1.0000042026028908,0.0,450.6963402829166,276.2470268180799,276.24702681808026,530.0224118627584,890.4554663818673,580.6232372593308,187.8380893846566,156.26462308648502,54.0395901361987,53.19729432274649,0.011284505090088714,0.01375159837657236,True,,179.0,879.0,0,False,7.444973757855168,0.02
refine_higher_0.02_R2.000_C0.460,modifier,higher,2.0,0.46,150.0,90.0,148.60512489521057,90.7067870743288,ok,118.88654386400594,148.73766002454477,90.58337973431608,120.86639877964487,72.01234059366668,3.8363915137165483,1.8401653457257274,0.9997619467950261,0.9999879771108602,0.9998965366462614,1.000026972601894,0.0,436.8285250543338,284.91044012928,284.9104401292773,511.5163691266646,876.0403261225663,558.8265285362031,182.05143233472802,150.13604178519643,58.154280290228684,53.27408444288159,0.016760272809790422,0.010281924275417964,True,,117.0,600.0,0,False,0.03279493207664814,0.02
refine_higher_0.02_R2.000_C0.480,modifier,higher,2.0,0.48,150.0,90.0,148.60512489521057,90.7067870743288,ok,112.59783432501717,147.72661232865198,91.67250176897412,120.86062918104489,72.01330137490797,3.8361512934638706,1.8402413610181159,0.9998160185141265,0.9999907080057647,0.9999234481498989,1.000019819361842,0.0,437.70934432713443,289.3931273584132,289.39312735841247,512.7464143840964,876.5989775113499,560.3115131873757,182.41887737667818,150.56167617002157,56.054110559677866,53.270037898866896,0.010473246413823745,0.008021172057098624,True,,110.0,600.0,0,False,1.704389201055242,0.02
refine_higher_0.02_R2.000_C0.420,modifier,higher,2.0,0.42,150.0,90.0,148.60512489521057,90.7067870743288,ok,140.3648116600234,150.94350700722907,88.67460063891389,120.86712114520557,72.01327052397059,3.836175965570761,1.8402281226574622,0.9998366829989341,0.9999917516666128,0.9999319577497989,1.0000175690651438,0.0,434.51755143655123,274.543973955743,274.54397395573955,508.28497245240504,874.5213681079673,554.9292269773629,181.087204510449,149.01891195535285,62.268906368315186,53.27040332509045,0.011547613071883234,0.0068446077922033055,True,,137.0,600.0,0,False,9.597812610092511,0.02
refine_higher_0.02_R1.980_C0.600,modifier,higher,1.98,0.6,150.0,90.0,148.60512489521057,90.7067870743288,ok,158.4822317279759,142.77318059631358,96.7064057835128,120.62843226777821,72.01404397076945,3.833884884119129,1.8378227799115316,0.9999485843310512,0.9999974032490427,0.9999789547876016,1.0000053350332143,0.0,445.75942219918284,295.80306141620474,295.8030614162043,523.0825738783608,885.963369564095,572.3863978318461,185.73886532115057,154.02687041461178,46.06677481280077,53.2380168189875,0.009260212093664677,0.012098803092612798,True,,156.0,826.0,0,False,70.0069989610278,0.02
refine_higher_0.02_R1.980_C0.560,modifier,higher,1.98,0.56,150.0,90.0,148.60512489521057,90.7067870743288,ok,171.25917841499904,144.20767021339412,95.25879815466475,120.7031505698457,72.01389505264382,3.8315860861673654,1.840105714767395,0.9999480035562502,0.9999973739169831,0.9999785152203023,1.000005531947885,0.0,449.2981263093667,291.7324041413655,291.7324041413643,527.8606606849595,886.8504931894148,578.1718668029057,187.17903124585655,155.76006519165284,48.94887205872938,53.206205321436755,0.007942368853292692,0.009376988085520566,True,,168.0,860.0,0,False,40.058412554130555,0.02
refine_higher_0.02_R1.980_C0.540,modifier,higher,1.98,0.54,150.0,90.0,148.60512489521057,90.7067870743288,ok,208.45138775001396,144.98400023445467,94.45408263339355,120.73300084769296,72.0131481954429,3.8306291157035743,1.8409990988828877,0.999893293420917,0.9999946107788343,0.999955641439379,1.000011413685312,0.0,443.85169346863626,283.7015104644755,283.7015104644736,520.4210662718872,885.9524165568048,569.0619434103808,184.97457550101126,152.9791201269619,50.529917601061115,53.19346829980671,0.011467798208940394,0.009623879797089785,True,,205.0,874.0,0,False,27.154767815720923,0.02
refine_higher_0.02_R2.000_C0.520,modifier,higher,2.0,0.52,150.0,90.0,148.60512489521057,90.7067870743288,ok,173.94780291398638,146.01723839596494,94.10182343031181,121.08361413934108,72.01510423048504,3.803779013576606,1.8598832228595368,0.9999985367871398,0.99999992610036,0.9999998485520853,0.9999999999927147,0.0,444.2607406303224,278.0602099799728,278.06020997997234,521.7229566052006,880.9667706842265,571.0286130217135,185.1505472369081,153.60127900281637,51.91541496565313,52.8191836174058,0.013137586371357202,0.01617494007174969,True,,172.0,885.0,0,False,18.22342839142418,0.02
refine_higher_0.02_R1.980_C0.580,modifier,higher,1.98,0.58,150.0,90.0,148.60512489521057,90.7067870743288,ok,214.25618458900135,143.46997911337354,96.0083147181282,120.66723653097903,72.01312080764204,3.8325006613716424,1.8390883746857876,0.9998957227470204,0.9999947334720709,0.9999567222803352,1.0000111264371783,0.0,447.8946241150667,291.9795615893878,291.97956158938695,525.9242221829411,886.017956166871,575.850860931299,186.59457219059416,155.0985060690051,47.461664395245336,53.219477483955075,0.010791102707287337,0.009353195090426425,True,,211.0,845.0,0,False,54.47591755868784,0.02
refine_higher_0.02_R2.000_C0.560,modifier,higher,2.0,0.56,150.0,90.0,148.60512489521057,90.7067870743288,ok,168.10608131298795,144.4213440084989,95.75481072512902,121.02313425280244,72.01501349579472,3.8058207588638684,1.8579308117500453,0.9999945772282031,0.9999997261226357,0.9999984472069733,1.0000002223061402,0.0,445.2599499043487,286.5876790597976,286.58767905979454,522.9467183275463,879.9663804960776,572.6567409540304,185.4972346359957,154.25143904817207,48.66653328336987,52.84760182800087,0.013164729493524874,0.016097098639406227,True,,165.0,856.0,0,False,42.98656528705228,0.02
refine_higher_0.02_R2.000_C0.580,modifier,higher,2.0,0.58,150.0,90.0,148.60512489521057,90.7067870743288,ok,176.59925690302043,143.6839510767559,96.50618078489268,120.98869866276006,72.0131148992734,3.8060495570532655,1.857257781025622,0.9998975375904073,0.9999948251308293,0.9999573959493278,1.0000109638300474,0.0,443.95966162391636,293.87158501528006,293.8715850152804,521.1507342584766,879.8909073325517,570.5031630265241,184.9555639850151,153.63758871871931,47.177770291863226,52.85217230745935,0.010785410864173173,0.009365263583845262,True,,173.0,846.0,0,False,57.85091916157148,0.02
refine_higher_0.02_R2.000_C0.540,modifier,higher,2.0,0.54,150.0,90.0,148.60512489521057,90.7067870743288,ok,204.32436285199947,145.19643993402744,94.97156785594436,121.0617806910745,72.01414429137625,3.80359039173953,1.8596219436186767,0.999963445538198,0.9999981538150604,0.9999850609213008,1.0000037788194664,0.0,446.81459156165954,285.95749557511755,285.9574955751157,525.0822355539683,881.2155335713269,575.2126502368328,186.14447223422897,154.97983674893675,50.22487207808308,52.817268457010776,0.008957754421061281,0.010179316216564871,True,,201.0,881.0,0,False,29.80748827983341,0.02
refine_intermediate_0.02_R1.600_C0.560,modifier,intermediate,1.6,0.56,140.0,90.0,139.95366838673382,89.7625889323308,ok,168.67786526700365,139.6162701200127,85.75212293791965,113.62158784120187,72.01171202547775,4.413770153328532,1.4949611990027156,0.999725638049983,0.9999861433358577,0.9998847656517982,1.000029806350316,0.0,510.7419998277254,323.0015408094041,323.0015408093984,597.5628395843233,1021.0275922732594,653.2304367827335,212.72409538557923,175.7868898366749,53.86414718209305,61.292392989725606,0.013217139029677583,0.006479472601640168,True,,166.0,874.0,0,False,16.19767508271462,0.02
refine_intermediate_0.02_R1.600_C0.580,modifier,intermediate,1.6,0.58,140.0,90.0,139.95366838673382,89.7625889323308,ok,173.52591681000195,138.86072552034707,86.64955829011494,113.64918713280453,72.01122172458314,4.4100876067191495,1.4966439403180714,0.9996864227374951,0.9999841627645198,0.9998676762264633,1.0000344241994967,0.0,517.6962023421363,322.2507486039436,322.2507486039424,607.7151975070393,1028.8050693925359,665.2489960064909,215.76269918282077,178.89864562111794,52.211167230232135,61.24167179923899,0.015040620985928399,0.0065510193344948675,True,,171.0,915.0,0,False,10.88548388856058,0.02
refine_intermediate_0.02_R1.620_C0.500,modifier,intermediate,1.62,0.5,140.0,90.0,139.95366838673382,89.7625889323308,ok,161.0320393370057,142.52637848581526,83.54620150817863,114.06027739673229,72.01216692837227,4.380587465065693,1.5125872640175917,0.9997639902652804,0.9999880803164285,0.9999016464946398,1.000025507285873,0.0,510.48757199471106,313.5486927247949,313.54869272479334,598.6154404120184,1014.0242186645912,654.8213130695078,212.75985014557983,176.002749435861,58.98017697763663,60.83121300075436,0.011992119493754672,0.006588558615604256,True,,159.0,859.0,0,False,45.2623098610729,0.02
refine_intermediate_0.02_R1.600_C0.520,modifier,intermediate,1.6,0.52,140.0,90.0,139.95366838673382,89.7625889323308,ok,242.14265824999893,141.42260714100127,84.11930073122213,113.77686850580055,72.01129154203217,4.404373071962365,1.5003451237819327,0.9996991068140514,0.9999848033744473,0.9998726617482414,1.0000331989138411,0.0,516.0638202633369,317.52716902440534,317.52716902440557,605.2847475686452,1028.7000689509402,662.2301349633874,215.08464831634242,178.01221322988098,57.30330640977914,61.162256330197636,0.014891010771435731,0.006443202457774078,True,,,,0,False,34.00448278456116,0.02
refine_intermediate_0.02_R1.600_C0.620,modifier,intermediate,1.6,0.62,140.0,90.0,139.95366838673382,89.7625889323308,ok,185.16334207600448,137.41799177386466,87.8965720011928,113.6256605682782,72.01255562010316,4.407949814588139,1.4970852147273728,0.999828151180878,0.9999913207667106,0.999928428109976,1.0000187652098007,0.0,518.8312163685218,328.07661935189196,328.0766193518913,609.30949015338,1029.39473648207,667.1844960390019,216.23429355786334,179.4586770357269,49.52141977267186,61.21085103328297,0.010300482170890746,0.005385928106122151,True,,183.0,926.0,0,False,9.911675072345355,0.02
refine_intermediate_0.02_R1.600_C0.540,modifier,intermediate,1.6,0.54,140.0,90.0,139.95366838673382,89.7625889323308,ok,206.2981522489863,140.43327609484186,84.83169673561358,113.6130753294062,72.01224281513679,4.415745248056099,1.4941179014155845,0.9997694188184364,0.9999883544857786,0.9999035816308144,1.0000250265053636,0.0,512.5475673308713,324.26971393977675,324.26971393977647,600.1052850770689,1020.4424750426717,656.3067569469288,213.47698717343008,176.66988191843797,55.60157935922828,61.319368421725095,0.011377802779293233,0.006827997061463975,True,,203.0,854.0,0,False,24.543721409323453,0.02
refine_intermediate_0.02_R1.600_C0.660,modifier,intermediate,1.6,0.66,140.0,90.0,139.95366838673382,89.7625889323308,ok,187.59348693597713,136.15237501330327,88.9736426223145,113.63691049760047,72.01211462933972,4.4025300332505815,1.4991487490105646,0.9997566040175863,0.9999877072736147,0.9998979974742428,1.0000265247261875,0.0,519.8983373107867,330.69031419766804,330.69031419766736,610.7897160545133,1030.1100608546008,668.9650171120234,216.677829653851,179.97082643852826,47.17873239098877,61.13596380152499,0.01109419910875431,0.005331568981176815,True,,185.0,976.0,0,False,15.072267590975372,0.02
refine_intermediate_0.02_R1.600_C0.680,modifier,intermediate,1.6,0.68,140.0,90.0,139.95366838673382,89.7625889323308,ok,205.41237749400898,135.55193113191999,89.46742261555045,113.6248953521824,72.01091879319434,4.400349966804345,1.49971147050693,0.9996575073416194,0.9999827023909904,0.9998550000005422,1.0000379255269105,0.0,511.73294950527566,332.1784326795222,332.1784326795214,599.3050375534095,1024.4432580440912,655.1192606339279,213.261467840596,176.03108508332917,46.08450851636954,61.10670493514404,0.017145951128469505,0.0077261606198248955,True,,202.0,991.0,0,False,19.462414014977746,0.02
refine_intermediate_0.02_R1.600_C0.640,modifier,intermediate,1.6,0.64,140.0,90.0,139.95366838673382,89.7625889323308,ok,210.59794103098102,136.77151161674286,88.44654112579697,113.63402911755432,72.01238280853559,4.405259410637496,1.498135873990526,0.999778758976176,0.9999888262109173,0.9999072159025655,1.0000241036824986,0.0,510.3335948118296,329.3074190587316,329.3074190587316,597.3523023754123,1023.5489032851149,652.7622612594233,212.6786805075692,175.35367906318697,48.32497049094589,61.17363762771286,0.010216785737469536,0.005279178369789861,True,,208.0,951.0,0,False,11.858103537881858,0.02
refine_intermediate_0.02_R1.620_C0.540,modifier,intermediate,1.62,0.54,140.0,90.0,139.95366838673382,89.7625889323308,ok,180.39001772500342,140.75595896601843,85.57898793813169,114.10104607452206,72.01086725806262,4.37561817403876,1.514964686965482,0.9996588871499232,0.9999827720782791,0.999855725759113,1.0000376774427795,0.0,507.1535096587822,318.62007812673573,318.62007812673414,593.459819420355,1012.7775824152391,648.7979236727704,211.22962246779383,174.60530072822058,55.17697102788674,60.763303382502286,0.01347998371628023,0.005760845081951516,True,,178.0,915.0,0,False,18.14618745227261,0.02
refine_intermediate_0.02_R1.620_C0.520,modifier,intermediate,1.62,0.52,140.0,90.0,139.95366838673382,89.7625889323308,ok,219.69044437701814,141.60786458567378,84.58188323516445,114.07382128924166,72.01132288029949,4.378775545499666,1.5134528626422374,0.9996976492465229,0.9999847297599255,0.9998724020298566,1.0000332014976363,0.0,509.0587863939335,316.7494976372303,316.74949763723146,596.1610015623919,1012.755958013974,652.0756678164962,212.02425868993788,175.54748724347593,57.025981350509326,60.806764413677925,0.015067287458151668,0.006327337692937363,True,,217.0,879.0,0,False,29.57607658523923,0.02
refine_intermediate_0.02_R1.620_C0.580,modifier,intermediate,1.62,0.58,140.0,90.0,139.95366838673382,89.7625889323308,ok,187.37287978400127,139.17355271562187,87.27185357745502,114.1137481504308,72.01194229236494,4.371930675803662,1.5164794042595104,0.9997807181241394,0.9999889251577856,0.9999079179112331,1.0000239546871252,0.0,514.0983638276671,323.3522405635461,323.35224056354684,603.6013661883296,1021.0327943562071,660.8100676707461,214.2622687037516,177.72103837051844,51.90169913816685,60.711189514286936,0.015301814585257034,0.006875741737616181,True,,185.0,951.0,0,False,6.812343068342644,0.02
refine_intermediate_0.02_R1.620_C0.560,modifier,intermediate,1.62,0.56,140.0,90.0,139.95366838673382,89.7625889323308,ok,205.6254661550047,139.86972166858075,86.3360065362708,114.0040163926027,72.00934646838252,4.381566185673919,1.5114589354520873,0.9995444979238775,0.9999769948446398,0.9998067033013613,1.000050959715062,0.0,505.18599827560934,321.1348322686643,321.13483226866424,590.8189128190302,1012.5199404025409,645.6704139690129,210.40931242371087,173.71922378478018,53.53371513230995,60.847187213367555,0.014226148486898182,0.007716712128726044,True,,203.0,835.0,0,False,11.748513968476953,0.02
refine_intermediate_0.02_R1.620_C0.600,modifier,intermediate,1.62,0.6,140.0,90.0,139.95366838673382,89.7625889323308,ok,220.94789860901074,138.45711362613343,87.86835606394422,114.1259858240967,72.01251824899079,4.3691869722789765,1.517579988293582,0.9998032807878503,0.9999900646862554,0.999917701950336,1.0000213814668575,0.0,514.7423738852033,319.9633847031762,319.96338470317437,604.4965631273653,1021.4521866508701,661.8903834102318,214.53016314521244,178.0311798271719,50.588757562189215,60.67260357667339,0.009136613216810474,0.0048437290955689605,True,,219.0,976.0,0,False,5.827794311151743,0.02
refine_intermediate_0.02_R1.620_C0.680,modifier,intermediate,1.62,0.68,140.0,90.0,139.95366838673382,89.7625889323308,ok,141.66017131801345,135.65840965853926,89.63899887861088,113.78138656493358,72.01594332541319,4.386563173676352,1.5068119647204192,1.0000535923642486,1.0000027066850627,1.0000249735463083,0.9999927993748035,0.0,514.7152348668316,347.89906484394464,347.89906484394294,604.832156528117,1019.1170642909362,662.5102848405227,214.51718165771126,178.2555028879649,46.01941077992838,60.91100069126512,0.019713168189923636,0.01636443805551835,True,,139.0,731.0,0,False,18.46452204351011,0.02
refine_intermediate_0.02_R1.620_C0.640,modifier,intermediate,1.62,0.64,140.0,90.0,139.95366838673382,89.7625889323308,ok,198.09853096900042,137.11377134137112,88.97607515875559,114.1231764924785,72.01115172337484,4.364807666239454,1.5192032494285665,0.9996684606737763,0.999983255589584,0.999860270242062,1.0000362849919666,0.0,515.8179612984892,323.549116185048,323.5491161850484,605.9901988911859,1022.136854488195,663.6922227709777,214.97712886468685,178.5507521161193,48.13769618261553,60.61294065961503,0.01761604630308966,0.007483889899987162,True,,,,0,False,8.683619144283334,0.02
refine_intermediate_0.02_R1.620_C0.620,modifier,intermediate,1.62,0.62,140.0,90.0,139.95366838673382,89.7625889323308,ok,247.204134745989,137.77298408738767,88.44067934495175,114.13238984551242,72.01234921777869,4.3666654844685135,1.518626359374628,0.9997773688027896,0.9999887560001413,0.9999066676567983,1.0000242457790673,0.0,510.7851056332846,321.5250357244314,321.52503572443175,598.9126116127768,1018.7529150882215,655.1510063534805,212.87349535681193,176.11406621685995,49.33230474243592,60.63773133220398,0.010486519551903939,0.005228751477787341,True,,,,0,False,6.502828970619488,0.02
refine_intermediate_0.02_R1.620_C0.700,modifier,intermediate,1.62,0.7,140.0,90.0,139.95366838673382,89.7625889323308,ok,178.2745209610148,135.0731227041876,90.09333063065301,113.75016238455171,72.01464391578759,4.385718021457422,1.506634335140391,0.999937312158365,0.9999968339473903,0.9999754255529238,1.0000059276849802,0.0,514.97751742823,352.93512936001434,352.9351293600126,605.2251068188266,1019.1127363452783,662.999421622497,214.62703963253054,178.3988469123745,44.97979207353458,60.90036391190087,0.012018348628856756,0.009443511573707042,True,,175.0,726.0,0,False,23.92911623042968,0.02
refine_intermediate_0.02_R1.640_C0.600,modifier,intermediate,1.64,0.6,140.0,90.0,139.95366838673382,89.7625889323308,ok,146.92534334299853,138.57682192771279,88.06462883830152,114.30746338957897,72.01472921340354,4.353728931786623,1.5256889976350358,0.9999502703650831,0.9999974884022769,0.9999807425175398,1.000004559995283,0.0,509.5691750051001,336.88929187860947,336.8892918786074,598.482623683316,1010.9207966337262,655.32411104199,212.37279256010837,176.2733008950487,50.51219308941127,60.456089738046224,0.01318179166875666,0.00942899311093015,True,,145.0,746.0,0,False,4.7787746526347075,0.02
refine_intermediate_0.02_R1.640_C0.500,modifier,intermediate,1.64,0.5,140.0,90.0,139.95366838673382,89.7625889323308,ok,179.5977005629975,142.82613419296553,84.2766236286746,114.52961401295373,72.01044014282634,4.34165297781926,1.5330266146062563,0.9996308268837504,0.9999813548931195,0.9998434243087468,1.0000410124658552,0.0,505.7557676591947,308.5829267943516,308.58292679435,592.4615192979049,1005.2774789447496,648.1307776930489,210.64898528383924,174.50569666530822,58.54951056429093,60.29199334440916,0.01903713360485426,0.006971140407884491,True,,176.0,910.0,0,False,38.34687512089001,0.02
refine_intermediate_0.02_R1.640_C0.540,modifier,intermediate,1.64,0.54,140.0,90.0,139.95366838673382,89.7625889323308,ok,182.66100489799283,141.05631050495543,86.27318280305211,114.55768103573354,72.0123330912061,4.338350541382852,1.534664877233641,0.9997788648643742,0.9999888315588065,0.9999075773429054,1.0000239888883384,0.0,501.78868167541657,308.9853844059187,308.98538440591796,586.8829827507186,1005.1624105069396,641.3848817018509,208.9944063091977,172.57018563956,54.783127701903325,60.2445491647685,0.011441330470006505,0.006939104076423064,True,,180.0,946.0,0,False,13.39177477592394,0.02
refine_intermediate_0.02_R1.640_C0.560,modifier,intermediate,1.64,0.56,140.0,90.0,139.95366838673382,89.7625889323308,ok,186.78839871799573,140.2730174129785,87.18988885932178,114.60494083767459,72.01211294670796,4.333192522356533,1.5372415117037073,0.9997943891714278,0.9999896156147181,0.9999137757096235,1.000022381030281,0.0,510.02856539742913,314.58348607877014,314.5834860787694,598.7892305721052,1013.2248524812269,655.5059896963544,212.56606301988495,176.28837337208498,53.08312855365672,60.17310623232622,0.014444349654610278,0.006026032428692929,True,,,,0,False,6.720769466224025,0.02
refine_intermediate_0.02_R1.640_C0.520,modifier,intermediate,1.64,0.52,140.0,90.0,139.95366838673382,89.7625889323308,ok,203.4570549140044,141.86130605851778,85.18948995948051,114.46810727082911,72.0108260216418,4.346099726683679,1.5306046606591182,0.9996482445663882,0.9999822345740602,0.9998512107458868,1.000038845566384,0.0,503.5405503474643,316.1830166283325,316.1830166283305,589.4280923063084,1003.5286274734634,644.5069492215029,209.72515325204938,173.47384109401054,56.67181609903727,60.35342137830112,0.019035432226729654,0.006562237391293024,True,,200.0,855.0,0,False,24.552315702293694,0.02
refine_intermediate_0.02_R1.640_C0.620,modifier,intermediate,1.64,0.62,140.0,90.0,139.95366838673382,89.7625889323308,ok,150.5283894019958,137.87161917941552,88.60399207629247,114.28374892292747,72.01608964942835,4.353645892770591,1.5254140761421244,1.0000423892993948,1.0000021408737072,1.0000206922245718,0.9999938484667907,0.0,509.9726801938773,339.97788692499404,339.97788692499364,599.0722132038351,1010.9866413393535,656.0508109757184,212.5405701909005,176.4855049925945,49.26762710312305,60.45379461678601,0.01798172109070606,0.01447899904965766,True,,148.0,741.0,0,False,5.6772755765166885,0.02
refine_intermediate_0.02_R1.640_C0.640,modifier,intermediate,1.64,0.64,140.0,90.0,139.95366838673382,89.7625889323308,ok,146.06677273398964,137.19843558316617,89.11813211049707,114.25399838050436,72.01514127439832,4.35319638185615,1.5251818684818141,0.9999930752988431,0.9999996502676165,0.9999991807498032,0.9999998571557878,0.0,510.2835928487526,338.0967457322322,338.0967457322306,599.5323862194188,1010.9824663902233,656.6221362337637,212.6703084020077,176.6547082398817,48.0803034726691,60.44834884471343,0.01391467185038664,0.010132425283899238,True,,143.0,736.0,0,False,8.006632397063289,0.02
refine_intermediate_0.02_R1.620_C0.660,modifier,intermediate,1.62,0.66,140.0,90.0,139.95366838673382,89.7625889323308,ok,239.27132334798807,136.5297442819308,89.54256102704038,114.16397796232965,72.01486207017791,4.359842853733402,1.5215224785369559,0.9999535420418268,0.9999976536384767,0.9999822611124249,1.0000041373101336,0.0,516.4717793134585,323.16857676493896,323.168576764937,606.8632704280265,1022.7741461197907,664.7252495544659,215.24914232861323,178.8442356454375,46.98718325489041,60.54087626363527,0.013433445097319918,0.008400548613977321,True,,,,0,False,11.771668554557756,0.02
refine_intermediate_0.02_R1.640_C0.660,modifier,intermediate,1.64,0.66,140.0,90.0,139.95366838673382,89.7625889323308,ok,144.8434781889955,136.56260549835005,89.613844701005,114.22673079374519,72.0146838634427,4.352672152689499,1.5249848741795053,0.9999432098492489,0.9999971318105688,0.999977688277256,1.000005375838934,0.0,510.613674974374,345.9575946995842,345.95759469958506,600.0190501915603,1011.0489779277272,657.2255164441724,212.80823658572896,176.8318383332153,46.94876079734506,60.44145331448265,0.012543552631967714,0.009511372985656408,True,,143.0,731.0,0,False,11.521432359326393,0.02
refine_intermediate_0.02_R1.640_C0.700,modifier,intermediate,1.64,0.7,140.0,90.0,139.95366838673382,89.7625889323308,ok,138.55893678299617,135.3767276876331,90.5529040206499,114.17148642230747,72.01433857328148,4.350754678164966,1.52490418898219,0.9999153743553186,0.9999957259775405,0.9999661789830012,1.0000083419431975,0.0,503.00279222206757,345.5324289378631,345.5324289378626,589.3697424673298,1005.4047783555219,644.4181285379407,209.62458897261055,173.19443270132587,44.82382366698319,60.41511682756979,0.01193576086220105,0.008490597682239809,True,,136.0,731.0,0,False,21.572984101909526,0.02
refine_intermediate_0.02_R1.640_C0.680,modifier,intermediate,1.64,0.68,140.0,90.0,139.95366838673382,89.7625889323308,ok,185.39729853600147,135.9597796993513,90.09540651429471,114.2029641140624,72.0158910882529,4.351992186630654,1.524907714399536,1.0000187940382883,1.0000009491938526,1.000010603296626,0.9999964818941763,0.0,510.83115794407837,343.4802187219192,343.480218721916,600.3514168594822,1010.9667954146773,657.6437661582046,212.89898743674928,176.95687855830812,45.86437318505658,60.43099822645315,0.01793583086831063,0.01435587944257577,True,,182.0,731.0,0,False,16.061914390066505,0.02
refine_intermediate_0.02_R1.640_C0.580,modifier,intermediate,1.64,0.58,140.0,90.0,139.95366838673382,89.7625889323308,ok,261.67831546100206,139.6461828486602,87.99343146777285,114.78995529269939,72.01577953616663,4.318511337415297,1.5452184603670074,1.0000115220507872,1.0000005819217552,1.0000076567102898,0.9999972554491965,0.0,511.6989866851277,307.3076944304976,307.3076944304968,600.9304295991303,1015.4243928957494,657.9847625636653,213.26230111577854,176.98034520311114,51.65275138088735,59.96618192887188,0.017192363039896463,0.012375970123571278,True,,,,0,False,3.2244654905255357,0.02
refine_intermediate_0.02_R1.660_C0.500,modifier,intermediate,1.66,0.5,140.0,90.0,139.95366838673382,89.7625889323308,ok,174.6736765950045,143.10161108453917,84.94698007255128,114.9624768373162,72.01094836034709,4.306299103627482,1.5520509509075096,0.9996549749681682,0.9999825744933428,0.9998545474652395,1.0000378310311389,0.0,500.3632008386121,305.70434513219254,305.7043451321925,585.841121900205,996.3955258408446,640.6640470184717,208.40212288819055,172.4550451512671,58.15463101198789,59.800616457354565,0.018990269732938714,0.006350161881755412,True,,173.0,926.0,0,False,33.09963191905298,0.02
refine_intermediate_0.02_R1.660_C0.540,modifier,intermediate,1.66,0.54,140.0,90.0,139.95366838673382,89.7625889323308,ok,150.1755296990159,141.21007366881778,86.62888992853365,114.78987462388423,72.01675623718646,4.319962783822614,1.5447141460998284,1.0000695454473978,1.0000035123963338,1.000033085589004,0.9999903696739307,0.0,504.15207800804774,318.0714058535471,318.07140585354915,591.7906294197035,1002.2775804552143,647.7452869293932,210.1161205000127,174.18621308057365,54.58118374028413,59.98552294683838,0.021300817465430555,0.017201117259858734,True,,148.0,765.0,0,False,11.398623679247711,0.02
refine_intermediate_0.02_R1.660_C0.580,modifier,intermediate,1.66,0.58,140.0,90.0,139.95366838673382,89.7625889323308,ok,145.50664477501414,139.59958708689285,87.9482320300905,114.74620681129049,72.01610750049788,4.320140103012446,1.544012877662069,1.0000449843392865,1.0000022719363273,1.0000216947466818,0.9999935529842012,0.0,505.299412569872,326.1376718613653,326.1376718613658,593.4323134484908,1002.7232564458939,649.7495875221309,210.5930134925173,174.76686894746553,51.65135505680236,59.988525525106716,0.018062082728732776,0.012141246518410753,True,,143.0,751.0,0,False,3.4172645356041094,0.02
refine_intermediate_0.02_R1.660_C0.640,modifier,intermediate,1.66,0.64,140.0,90.0,139.95366838673382,89.7625889323308,ok,140.7293001700018,137.49205309837876,89.56859621691511,114.67102943080569,72.01640691574862,4.319437969315919,1.5432920718860261,1.0000602029470866,1.0000030405528817,1.0000287991047574,0.9999916524833105,0.0,506.4466068845487,335.9699449010327,335.9699449010319,595.1059519803684,1002.958345182456,651.8150768588512,211.07162916566193,175.3717097878486,47.92345688146365,59.97852648173898,0.019127805240430007,0.0132574084638577,True,,139.0,737.0,0,False,6.097183001497731,0.02
refine_intermediate_0.02_R1.660_C0.680,modifier,intermediate,1.66,0.68,140.0,90.0,139.95366838673382,89.7625889323308,ok,143.82354006098467,136.25116856663152,90.5431818503064,114.61314792081751,72.01442202374456,4.3178823933028525,1.5430433603935987,0.9999171005092302,0.9999958131570306,0.9999668803819177,1.0000081318819398,0.0,498.88671808927234,341.1510596626889,341.1510596626881,584.5243593257492,997.3993049516757,639.0884095965787,207.90933508219757,171.75716629574282,45.707986716325124,59.95857873967471,0.01199006690703186,0.008331179299972291,True,,142.0,732.0,0,False,14.31783022145125,0.02
refine_intermediate_0.02_R1.660_C0.620,modifier,intermediate,1.66,0.62,140.0,90.0,139.95366838673382,89.7625889323308,ok,171.33006664499408,138.15847667089696,89.04950321493823,114.69641067174595,72.0146555148004,4.319623191274666,1.5435291242990667,0.9999411035045218,0.9999970254295208,0.9999763200703546,1.0000058245970145,0.0,506.18900319868885,335.44903232272236,335.4490323227239,594.7138120612124,1002.9931339065131,651.3215647228294,210.9641639001822,175.22483315582716,49.10897345595873,59.98255716694917,0.013258340658609313,0.00937714367415765,True,,168.0,741.0,0,False,3.731204536958586,0.02
refine_intermediate_0.02_R1.660_C0.520,modifier,intermediate,1.66,0.52,140.0,90.0,139.95366838673382,89.7625889323308,ok,226.10448432300473,142.25712583971645,86.11549146419128,115.07068692704495,72.01081539729611,4.297354717562722,1.5569548364348318,0.999692973646217,0.9999844936184952,0.9998704840453441,1.0000338412721543,0.0,505.0850194149505,303.2079921285879,303.2079921285883,592.7633350110559,1004.8333130619451,648.73731927431,210.50627726855066,174.43525031859582,56.14163437552517,59.676517948775796,0.018574212642249677,0.007260990045807603,True,,,,0,False,18.607236179810915,0.02
refine_intermediate_0.02_R1.660_C0.700,modifier,intermediate,1.66,0.7,140.0,90.0,139.95366838673382,89.7625889323308,ok,150.92734159799875,135.66996767782425,91.07334963363712,114.5836549943983,72.0169853899885,4.317595303558906,1.542797861499818,1.00008710721013,1.0000043993540464,1.000040251762,0.9999884159134362,0.0,507.0884790498968,343.816609769698,343.816609769696,596.0811792644809,1002.7877154492835,653.0437251121773,211.33967617471495,175.73819732543726,44.596618044187124,59.95245816217016,0.022416384698459524,0.019374323110895375,True,,148.0,727.0,0,False,20.06818537960146,0.02
refine_intermediate_0.02_R1.660_C0.600,modifier,intermediate,1.66,0.6,140.0,90.0,139.95366838673382,89.7625889323308,ok,189.6548746849876,138.85730108982006,88.50907661065841,114.72042981155015,72.01514236298581,4.3198387458272975,1.543774445762267,0.9999968500084798,0.9999998409095187,1.0000000000364833,0.9999995517790192,0.0,505.80349444488,334.8532157355578,334.85321573555746,594.1424798990261,1002.9345701366062,650.6191675202948,210.8029802133272,175.02048778039472,50.348224479161644,59.98514484708703,0.014931925524194867,0.011879034908758968,True,,187.0,746.0,0,False,2.773314390326507,0.02
refine_intermediate_0.02_R1.660_C0.560,modifier,intermediate,1.66,0.56,140.0,90.0,139.95366838673382,89.7625889323308,ok,192.03851713097538,140.38707073085118,87.37127674532013,114.7756981436384,72.01467668616526,4.319139554848112,1.5447646268399382,0.9999505060372329,0.9999975003049106,0.9999807869882684,1.000004569273053,0.0,504.87207379922177,327.26583884575035,327.26583884574666,592.796784734281,1002.7167534859959,648.9636619932922,210.41570391891923,174.53650572892957,53.01579398553105,59.97582372924632,0.0131520227431281,0.009325634028442664,True,,189.0,766.0,0,False,5.906211567632167,0.02
refine_intermediate_0.02_R1.680_C0.520,modifier,intermediate,1.68,0.52,140.0,90.0,139.95366838673382,89.7625889323308,ok,154.02180298001622,142.3542199327263,86.3493491969278,115.22254618944743,72.01469108328158,4.285133572001041,1.563626479595613,0.9999473078952461,0.9999973387825867,0.9999793785003112,1.0000049456782079,0.0,499.9208381298347,311.2712499982931,311.27124999829266,586.759518697912,994.2997797619223,642.17835200988,208.35255793568916,172.67795113611822,56.00487073579849,59.50360277246052,0.012781220195932974,0.01391723670111844,True,,152.0,781.0,0,False,17.412853216300757,0.02
refine_intermediate_0.02_R1.660_C0.660,modifier,intermediate,1.66,0.66,140.0,90.0,139.95366838673382,89.7625889323308,ok,184.71145148400683,136.85406706471932,90.0667341084729,114.64324386905352,72.01459214431975,4.3181381563693595,1.543309933569262,0.9999479617885161,0.9999973718075009,0.9999799562414977,1.0000047341443783,0.0,506.81807252067404,343.4742556747384,343.47425567473766,595.63619420739,1003.0857164764304,652.465432136783,211.226454689428,175.561719180819,46.787332956246416,59.961988644130074,0.011641704251189822,0.010330297279082856,True,,182.0,737.0,0,False,9.700032643604592,0.02
refine_intermediate_0.02_R1.680_C0.500,modifier,intermediate,1.68,0.5,140.0,90.0,139.95366838673382,89.7625889323308,ok,182.74577259502257,143.2798733326621,85.36579459368164,115.23659794284471,72.01658434446578,4.2852848363421385,1.5638144826337985,1.0000724611103802,1.0000036596520403,1.0000340146241178,0.9999902454305716,0.0,499.10780730567046,318.23542524964205,318.23542524964296,585.6169116358449,993.8675642598336,640.7935637987052,208.0143331186556,172.2782641008873,57.914078738980464,59.504138877859,0.020016237321669905,0.01713419711272479,True,,180.0,785.0,0,False,30.395439798695058,0.02
refine_intermediate_0.02_R1.680_C0.540,modifier,intermediate,1.68,0.54,140.0,90.0,139.95366838673382,89.7625889323308,ok,147.03490875000716,141.47604829225614,87.1877603217296,115.19847014763768,72.01593043405893,4.286263684363198,1.5628705620057177,1.0000349866297555,1.0000017670015051,1.0000174781041786,0.9999947293210295,0.0,500.5144691897299,316.1291156164888,316.12911561648787,587.6172919273095,994.4979769974018,643.231882558091,208.59932296298797,172.98485793109614,54.28828797052654,59.5182712842667,0.01754804752823702,0.01133036756426975,True,,145.0,766.0,0,False,8.947382950708645,0.02
refine_intermediate_0.02_R1.680_C0.560,modifier,intermediate,1.68,0.56,140.0,90.0,139.95366838673382,89.7625889323308,ok,146.76160506901215,140.64939275691134,87.79509219801338,115.17281963894608,72.0151596353647,4.286690655606623,1.5623825391095303,0.99999899613644,0.9999999492998203,1.0000008568655807,0.9999992538696633,0.0,491.61580086903996,320.36998599974606,320.3699859997464,575.13120127671,988.1702496958691,628.1905469579679,204.87596792578753,168.70701660974632,52.85430055889796,59.52483723304205,0.014089386879390986,0.008724640493738889,True,,145.0,756.0,0,False,4.3550757988086195,0.02
refine_intermediate_0.02_R1.680_C0.580,modifier,intermediate,1.68,0.58,140.0,90.0,139.95366838673382,89.7625889323308,ok,170.92516864297795,139.87239758382825,88.37906128522214,115.14788276386551,72.01477220275386,4.286959820660587,1.5619377005233746,0.9999520292423221,0.999997577234461,0.9999814743433592,1.0000043659361486,0.0,501.6296456812599,327.04679092335095,327.0467909233503,589.2169569673822,994.9087607831038,645.1874142018507,209.06388114569774,173.5526337908781,51.49333629860611,59.52889510767143,0.013176368124987903,0.009504232545396007,True,,168.0,747.0,0,False,1.9207536937189542,0.02
refine_intermediate_0.02_R1.680_C0.600,modifier,intermediate,1.68,0.6,140.0,90.0,139.95366838673382,89.7625889323308,ok,164.19099281201488,139.1420890105383,88.9523414384884,115.13216325063888,72.0168319001831,4.286653830046459,1.5618939348023282,1.0000823441957016,1.0000041587977635,1.0000384578787922,0.9999889720120938,0.0,502.04561266638314,327.721005829438,327.72100582943915,589.825868796994,995.0219940673253,645.939583870128,209.23718468181931,173.77399588779366,50.18974757204991,59.52294369166162,0.021391156400284217,0.016168531256113283,True,,161.0,747.0,0,False,1.3151620851437784,0.02
refine_intermediate_0.02_R1.680_C0.660,modifier,intermediate,1.68,0.66,140.0,90.0,139.95366838673382,89.7625889323308,ok,142.3514371989877,137.14465013402338,90.50712071897975,115.04767170222424,72.01673005257913,4.285571776098211,1.561157881182151,1.000089406805415,1.0000045154952242,1.00004100560738,0.9999882937210289,0.0,502.9437981804375,336.8681348530947,336.8681348530935,591.1521346694242,995.0497915105736,647.5867907488546,209.61211935536642,174.2580064593882,46.63752941504363,59.50800283447098,0.021536585920387097,0.015767139136542596,True,,140.0,732.0,0,False,8.444911125391116,0.02
refine_intermediate_0.02_R1.680_C0.620,modifier,intermediate,1.68,0.62,140.0,90.0,139.95366838673382,89.7625889323308,ok,168.94113938498776,138.43948541914835,89.49437903724096,115.10749853229242,72.01486651156439,4.285545244364933,1.5619084743934608,0.999972385610904,0.9999986053338834,0.9999901205625984,1.0000020949376636,0.0,502.49300157106654,335.491451393228,335.49145139322707,590.4541360893786,995.2193986514541,646.7036483211941,209.42365785383376,173.99493485158558,48.945106381907394,59.5091743130114,0.013271302433594201,0.01108788334262556,True,,166.0,747.0,0,False,2.364686607150041,0.02
refine_intermediate_0.02_R1.680_C0.680,modifier,intermediate,1.68,0.68,140.0,90.0,139.95366838673382,89.7625889323308,ok,146.09520268501365,136.5373431486631,91.08184830853239,115.02541685812544,72.01419819953719,4.283968169414312,1.5614090449343059,0.9999212751232638,0.9999960239961252,0.9999683644059049,1.0000078563769574,0.0,503.26059036588435,343.6578314844727,343.6578314844727,591.6018875310215,995.1798955714203,648.138746342742,209.74428844135858,174.41933785773497,45.45549484013071,59.487827074659336,0.009255636639977638,0.010495328155258221,True,,144.0,737.0,0,False,13.411723433974803,0.02
refine_intermediate_0.02_R1.680_C0.640,modifier,intermediate,1.68,0.64,140.0,90.0,139.95366838673382,89.7625889323308,ok,175.60216285299975,137.77589984055317,90.00854910496348,115.07590895396747,72.01498945331886,4.285702531104786,1.5614454509851399,0.9999672479644977,0.9999983458567934,0.9999882028390858,1.0000025498556315,0.0,502.7642312150606,336.36270843253,336.36270843253124,590.8691824404473,995.1612892041908,647.2241520299391,209.53723392010144,174.14857073790574,47.76735073558969,59.5112568041524,0.014036256637098177,0.010289280086539065,True,,173.0,737.0,0,False,4.803172247255316,0.02
refine_intermediate_0.02_R1.700_C0.520,modifier,intermediate,1.7,0.52,140.0,90.0,139.95366838673382,89.7625889323308,ok,148.04864341998473,142.599685087685,86.94732890621158,115.60761496486934,72.00888896429355,4.2529611645102605,1.581204105184797,0.9995247344372209,0.9999759966887487,0.9997979773240296,1.0000531096194076,0.0,487.68880365127495,309.74751134420933,309.7475113442082,570.1247849462873,979.6645044437404,622.8337407431527,203.12422313259907,167.54096303822195,55.65235618147342,59.061613443572796,0.01613797631122793,0.005561794949301202,True,,145.0,772.0,0,False,14.927093396377348,0.02
refine_intermediate_0.02_R1.680_C0.700,modifier,intermediate,1.68,0.7,140.0,90.0,139.95366838673382,89.7625889323308,ok,152.63373816298554,135.95071727886798,91.66860482378887,114.99375533107448,72.01470371750318,4.283504546423106,1.5611409889431727,0.9999434752929321,0.9999971452168132,0.9999775897522686,1.0000053180720267,0.0,503.36506247266186,343.70594782128717,343.70594782128563,591.7832800017836,994.3487451552304,648.3754154436076,209.78824551777166,174.4917487229468,44.282112455079115,59.4809715974989,0.013202628947681205,0.011314383078911305,True,,150.0,732.0,0,False,19.656514150455052,0.02
refine_intermediate_0.02_R1.700_C0.560,modifier,intermediate,1.7,0.56,140.0,90.0,139.95366838673382,89.7625889323308,ok,144.9148177380266,140.9258074467612,88.23447858426317,115.5840507351698,72.01660791954076,4.253548159929311,1.5807607766565537,1.0000743081203534,1.0000037529353722,1.0000349104373,0.9999899770987077,0.0,497.55781157053275,323.54898069270644,323.5489806927069,584.4024648210845,987.1304255580133,639.8791860038234,207.3667110273442,172.11902594081772,52.69132886249804,59.06343387738436,0.020162374294017127,0.0176864678357731,True,,143.0,762.0,0,False,3.2801755879023,0.02
refine_intermediate_0.02_R1.700_C0.580,modifier,intermediate,1.7,0.58,140.0,90.0,139.95366838673382,89.7625889323308,ok,147.77553487499245,140.14507504173682,88.82058309603012,115.55859959976586,72.01461959814675,4.253002461863833,1.5805295755220978,0.9999545733089306,0.9999977057226729,0.9999821458575973,1.0000042697218572,0.0,498.0549641414241,327.02838191401236,327.0283819140119,585.1065048514263,987.329142164909,640.7374083053365,207.57397388941268,172.36852458667227,51.3244919457067,59.05748701577924,0.01165319667239828,0.01045540235854503,True,,146.0,757.0,0,False,0.9240115032039787,0.02
refine_intermediate_0.02_R1.700_C0.660,modifier,intermediate,1.7,0.66,140.0,90.0,139.95366838673382,89.7625889323308,ok,144.56084362897673,137.42168372618673,91.04691150230124,115.45313914592019,72.01564507318557,4.251805976278449,1.57953499879634,1.0000016630758273,1.000000083993728,1.000003399441935,0.9999984020754694,0.0,499.30506769164583,339.130261176458,339.1302611764577,586.960035960981,987.4239710837012,643.040328179156,208.09594671301585,173.0465468089538,46.374772223885486,59.04003181471986,0.015965972181049892,0.01633025930280496,True,,142.0,738.0,0,False,8.060430784981273,0.02
refine_intermediate_0.02_R1.700_C0.640,modifier,intermediate,1.7,0.64,140.0,90.0,139.95366838673382,89.7625889323308,ok,148.67645024799276,138.0575708421526,90.44873329024627,115.48139071443083,72.01425285947059,4.252369031024499,1.5797716721265347,0.9999134781195096,0.9999956302080544,0.9999652091575904,1.000008644575697,0.0,494.9405166052471,331.6267838546589,331.626783854659,580.8002244487445,984.6057159683992,635.5943586709908,206.27067994898493,170.9198398508595,47.60883755190632,59.048991861689096,0.009631840952096127,0.007747173759270254,True,,146.0,743.0,0,False,4.065979978466228,0.02
refine_intermediate_0.02_R1.700_C0.680,modifier,intermediate,1.7,0.68,140.0,90.0,139.95366838673382,89.7625889323308,ok,146.11236361801275,136.80637196855275,91.66275275666989,115.42112900236349,72.01562342825855,4.25163488959266,1.5792643364462846,1.000026322588785,1.000001329423676,1.000013507907829,0.9999958563559155,0.0,499.4339895434198,341.5818876527048,341.581887652706,587.161033165233,986.7962429448319,643.2964354090432,208.14972922600123,173.12403401482817,45.143619211882864,59.03767387125529,0.016809607404837834,0.017058129492966145,True,,143.0,733.0,0,False,13.516097303222349,0.02
refine_intermediate_0.02_R1.700_C0.540,modifier,intermediate,1.7,0.54,140.0,90.0,139.95366838673382,89.7625889323308,ok,193.4962989249907,141.7387055740865,87.60956152333675,115.5949655326234,72.01468438428236,4.253692080891813,1.580799039990293,0.9999516129639646,0.9999975562103025,0.9999811923869855,1.000004468636884,0.0,496.96580671268373,320.06982141333594,320.06982141333356,583.5584160022482,986.8705007559905,638.8515982636824,207.12004031693107,171.82159787677352,54.12914405074976,59.06700997526286,0.012825234830899035,0.009348675049622557,True,,190.0,762.0,0,False,7.821884784111615,0.02
refine_intermediate_0.02_R1.700_C0.620,modifier,intermediate,1.7,0.62,140.0,90.0,139.95366838673382,89.7625889323308,ok,183.24851550799212,138.72246395037791,89.93177407330451,115.51124985217314,72.01645253081892,4.2529196602989146,1.5800197686177977,1.000075738672202,1.0000038251854646,1.000035322330302,0.9999899984958585,0.0,498.79825257239304,333.61944267655997,333.61944267655997,586.2022681993271,987.4570730549192,642.0932746276802,207.88411478995744,172.7666467281259,48.790689877073405,59.054834150278474,0.02069629912850246,0.01852495491505124,True,,180.0,747.0,0,False,1.544487976028767,0.02
refine_intermediate_0.02_R1.720_C0.500,modifier,intermediate,1.72,0.5,140.0,90.0,139.95366838673382,89.7625889323308,ok,182.19299875499564,143.78336496513415,86.59986823573983,116.02962269486845,72.01432238878824,4.220176489788016,1.5998854560088378,0.9999186781746003,0.9999958928371017,0.9999664894264075,1.0000083838580203,0.0,484.55237146284196,303.277885985293,303.2778859852933,566.63207500349,971.6563085905234,619.1161961533445,201.81870865925788,166.5592185918639,57.18349672939432,58.60190514609419,0.009933984465163803,0.0127613550831569,True,,179.0,781.0,0,False,24.669378087256046,0.02
refine_intermediate_0.02_R1.720_C0.540,modifier,intermediate,1.72,0.54,140.0,90.0,139.95366838673382,89.7625889323308,ok,145.64127831999213,141.99650188609007,88.03607512172894,115.99510827594193,72.01465088374435,4.220718040601498,1.5991570569481033,0.9999579162406913,0.9999978745576119,0.9999836640667439,1.0000038754113758,0.0,483.9219895972451,312.26133821000025,312.2613382099983,566.1455625279457,972.7027039899361,618.3585107461244,201.66981922339033,166.0676403270581,53.96042676436113,58.60915784227217,0.011126101643014863,0.008777623517374877,True,,143.0,767.0,0,False,7.154018644291046,0.02
refine_intermediate_0.02_R1.720_C0.560,modifier,intermediate,1.72,0.56,140.0,90.0,139.95366838673382,89.7625889323308,ok,149.83931227301946,141.1865682906137,88.65575037474885,115.97738832653447,72.01450868219015,4.2209332294256985,1.5988849258068314,0.9999321309093041,0.9999965722681466,0.9999723354186283,1.000006927963296,0.0,484.8015310358545,316.2881132414676,316.2881132414672,567.3911396129699,973.2172359157041,619.871164188128,202.0369963472404,166.50312144318167,52.53081791586486,58.61226170483579,0.011949776867425044,0.008844760063681179,True,,147.0,762.0,0,False,2.74513376553712,0.02
refine_intermediate_0.02_R1.720_C0.620,modifier,intermediate,1.72,0.62,140.0,90.0,139.95366838673382,89.7625889323308,ok,143.21481080100057,138.99025990470727,90.35884059747447,115.9058682372512,72.01571044765484,4.220146042675341,1.5981580502959583,1.0000162006008202,1.0000008182121634,1.0000093289746803,0.9999968687868372,0.0,495.1802411813635,331.44125449472926,331.441254494728,582.0247810687749,979.8661981207243,637.5588168066586,206.37664967983378,171.55672169467977,48.631419307232804,58.60035284582502,0.0165532945562461,0.012823637087720385,True,,141.0,748.0,0,False,1.2836719514273016,0.02
refine_intermediate_0.02_R1.720_C0.600,modifier,intermediate,1.72,0.6,140.0,90.0,139.95366838673382,89.7625889323308,ok,144.05562828900293,139.688330785366,89.8183262777036,115.93600688074808,72.01375085841293,4.2201948458852145,1.5986003222157252,0.9999100564193693,0.9999954573949179,0.9999628609204406,1.0000094981995358,0.0,486.24196658717295,323.03797680193827,323.0379768019375,569.4386261550658,973.8950750333024,622.3623903480291,202.63848044413612,167.22227637775114,49.87000450766239,58.602625131727805,0.006766634115848547,0.006529497592836719,True,,142.0,757.0,0,False,0.07351069436884214,0.02
refine_intermediate_0.02_R1.720_C0.580,modifier,intermediate,1.72,0.58,140.0,90.0,139.95366838673382,89.7625889323308,ok,165.1782756089815,140.4141150575719,89.24388922719896,115.95158397981673,72.01619921310441,4.221422107985228,1.5983916940365648,1.0000629424358927,1.0000031789109045,1.0000290104288778,0.999991621937993,0.0,494.4102687912324,325.23912567206935,325.23912567206816,580.9097020932636,979.6447930656929,636.1881088636015,206.05529100227272,171.15703907394624,51.17022583037294,58.61767427483285,0.019155832125676397,0.01743282550465608,True,,162.0,753.0,0,False,0.48106052078972716,0.02
refine_intermediate_0.02_R1.720_C0.520,modifier,intermediate,1.72,0.52,140.0,90.0,139.95366838673382,89.7625889323308,ok,193.73729415700654,142.86688842951997,87.39882034304534,116.01927603096217,72.01602642801863,4.220403695793317,1.5996573325976606,1.000044298266622,1.000002237286195,1.000021249932572,0.9999937270428968,0.0,492.82772987387295,313.062520098164,313.06252009816467,578.6408868704278,979.0707694869915,633.4075287269975,205.39531734991795,170.3464689172989,55.46806808647463,58.60367344776638,0.017696375471700776,0.014610609587663248,True,,191.0,777.0,0,False,14.074252961383497,0.02
refine_intermediate_0.02_R1.720_C0.660,modifier,intermediate,1.72,0.66,140.0,90.0,139.95366838673382,89.7625889323308,ok,178.52170142700197,137.6857465490175,91.62677925783528,115.8474826025548,72.01450417661377,4.219608449560275,1.5976167099774254,0.9999280248813592,0.9999963648929981,0.9999712755245782,1.0000069836089527,0.0,491.6241676775186,332.4398752465763,332.43987524657473,577.0808948250658,976.8654394287197,631.6312646188009,204.88938535631002,169.87828223813614,46.05896729118221,58.59386935736989,0.011836868727272076,0.012320305862999703,True,,175.0,738.0,0,False,8.618675031695116,0.02
refine_intermediate_0.02_R1.720_C0.640,modifier,intermediate,1.72,0.64,140.0,90.0,139.95366838673382,89.7625889323308,ok,186.45133367102244,138.31841417509196,90.97123791933986,115.87069400715002,72.01484283177305,4.220287273844323,1.5976342223588307,0.9999701901135836,0.9999984944501807,0.999989148781922,1.000002360979671,0.0,487.22118825913446,329.77435766612314,329.77435766612325,570.882629230556,974.1199926623235,624.144430255076,203.0480586554973,167.7417641598937,47.3471762557521,58.60301998718417,0.011851728844021636,0.014880358740214206,True,,183.0,738.0,0,False,4.134888710490474,0.02
refine_intermediate_0.02_R1.740_C0.540,modifier,intermediate,1.74,0.54,140.0,90.0,139.95366838673382,89.7625889323308,ok,144.07214048597962,142.26017123365853,88.45718024840204,116.38882971403048,72.01670716261057,4.189215322717449,1.6172897459198217,1.0000927545767793,1.0000046845745838,1.0000424892988475,0.9999879991553919,0.0,489.9415149667193,315.91021222100255,315.91021222100267,575.5016985294255,971.8790639670561,630.1352213345773,204.19281727947356,169.50305877034344,53.802990985256486,58.17004814255649,0.02129752068549351,0.020563927206239896,True,,142.0,768.0,0,False,7.024047214948371,0.02
refine_intermediate_0.02_R1.720_C0.700,modifier,intermediate,1.72,0.7,140.0,90.0,139.95366838673382,89.7625889323308,ok,190.51931835402502,136.69573076944295,93.2676078005351,116.08135974683559,72.01674437005474,4.192596325626276,1.611615704549092,1.0000932252109203,1.0000047083439856,1.0000427544480177,0.9999879718134865,0.0,489.90210056472426,319.3230936130236,319.3230936130235,574.3953929696197,977.1731485652858,628.2643182184809,204.1591825155035,168.9029054575811,43.42812296890784,58.216965544607405,0.021185333385034255,0.019710415454795793,True,,,,0,False,22.899314784627137,0.02
refine_intermediate_0.02_R1.740_C0.500,modifier,intermediate,1.74,0.5,140.0,90.0,139.95366838673382,89.7625889323308,ok,169.52626560800127,144.02860470602633,87.13580315558563,116.42067279532495,72.01515554966815,4.188220191832984,1.6180503877402352,1.0000022346152058,1.0000001128593534,1.0000028746952943,0.9999987528020953,0.0,488.64333795780317,306.8224725381615,306.8224725381615,573.6424220045462,971.2874122427577,627.869554608966,203.65140932097648,168.84687683223666,56.892801550440694,58.15748310012897,0.014238263667778028,0.012067678846094054,True,,166.0,782.0,0,False,23.50510952319985,0.02
refine_intermediate_0.02_R1.740_C0.520,modifier,intermediate,1.74,0.52,140.0,90.0,139.95366838673382,89.7625889323308,ok,167.86616470100125,143.11650622648293,87.80695755014486,116.40337719008664,72.0145338741289,4.188956253056344,1.6175228349071635,0.9999383187663793,0.9999968847861822,0.999975000960078,1.0000061458324256,0.0,489.33820093976664,311.5500477543128,311.55004775431166,574.6338090131795,971.6120161534942,629.0755212804345,203.9414398529526,169.1951262530361,55.30954867633807,58.1682061620789,0.011857172756009504,0.009008079967571803,True,,166.0,772.0,0,False,13.828037303539263,0.02
refine_intermediate_0.02_R1.740_C0.560,modifier,intermediate,1.74,0.56,140.0,90.0,139.95366838673382,89.7625889323308,ok,154.21086788998218,141.44799966550013,89.07999266662544,116.37222538409263,72.01431081283582,4.188493295092783,1.617290160535403,0.9999332102179335,0.9999966267786826,0.9999734356435336,1.000006522527564,0.0,490.51344539729314,319.44009767151147,319.44009767150993,576.3014017068298,972.1856246768282,631.1059062468823,204.43132924110665,169.78328753075584,52.36800699887469,58.16195764170567,0.00981296194416359,0.00803986182992844,True,,152.0,768.0,0,False,2.6989636326542543,0.02
refine_intermediate_0.02_R1.720_C0.680,modifier,intermediate,1.72,0.68,140.0,90.0,139.95366838673382,89.7625889323308,ok,211.76426219099085,137.21642994683916,92.56456430388108,116.03008802631285,72.01642245718661,4.200304090000341,1.607817668379879,1.0000644393891407,1.0000032545146031,1.0000303709566531,0.9999912340412511,0.0,489.18141899963285,322.0138108988805,322.01381089887764,573.446021311752,976.3880059294432,627.1456822414275,203.8601393430885,168.58567677860825,44.65186564295807,58.3242536450266,0.018669768109617735,0.017980162114952236,True,,209.0,945.0,0,False,15.34354025961135,0.02
refine_intermediate_0.02_R1.740_C0.580,modifier,intermediate,1.74,0.58,140.0,90.0,139.95366838673382,89.7625889323308,ok,174.6220388969814,140.6758387979164,89.668953769909,116.34652774106793,72.01576672445844,4.188724617531375,1.6167893882547437,1.0000225060987575,1.0000011366716555,1.000012158013677,0.9999961514083096,0.0,490.9062594120023,320.6021296341264,320.60212963412687,576.8832353513353,972.2269870770763,631.8236411459559,204.59536700899292,169.9932112577507,51.00688502800742,58.16399391480441,0.016656485010031474,0.012854643926189624,True,,171.0,758.0,0,False,0.5302976464293869,0.02
refine_intermediate_0.02_R1.740_C0.620,modifier,intermediate,1.74,0.62,140.0,90.0,139.95366838673382,89.7625889323308,ok,146.30912497401005,139.25633299951335,90.88137398961061,116.29945649152677,72.01447706814506,4.187932347062804,1.6165071709678271,0.9999380939459075,0.9999968734316099,0.9999757147576304,1.0000058703921444,0.0,491.60362462699595,329.1867507090142,329.1867507090142,577.8921924480231,972.414033652472,633.068916109974,204.88627485914373,170.35821323492937,48.37495900990274,58.154033988192325,0.011524650559778138,0.01143086218250744,True,,144.0,753.0,0,False,1.7379566466625165,0.02
refine_intermediate_0.02_R1.740_C0.600,modifier,intermediate,1.74,0.6,140.0,90.0,139.95366838673382,89.7625889323308,ok,190.57225415101857,139.94674879163688,90.23610676941883,116.31957572183381,72.0148692229302,4.188497134519574,1.6165231373637745,0.9999758176757964,0.9999987786704952,0.999991494767225,1.0000017512942314,0.0,491.2664766444865,321.6937904103523,321.6937904103507,577.406496477945,972.2977690001624,632.4706107174718,204.7456988203774,170.1833445636084,49.71064202221805,58.161559962757224,0.012071517110598506,0.009980229445375244,True,,188.0,753.0,0,False,0.22426702283682695,0.02
refine_intermediate_0.02_R1.740_C0.660,modifier,intermediate,1.74,0.66,140.0,90.0,139.95366838673382,89.7625889323308,ok,166.86980426800437,137.94379380559712,92.19187827032226,116.23110587834928,72.01377654242279,4.18823338038204,1.615406996670785,0.9999169098740774,0.9999958035289934,0.9999657123223263,1.0000087643500004,0.0,484.14827214208117,330.7544352596161,330.7544352596138,567.4780546047173,966.8187264651028,620.5491204777209,201.7684649857535,166.8028681142446,45.75191553527486,58.1587799094911,0.007409704476515344,0.011108660822159777,True,,164.0,733.0,0,False,9.941042519578424,0.02
refine_intermediate_0.02_R1.740_C0.640,modifier,intermediate,1.74,0.64,140.0,90.0,139.95366838673382,89.7625889323308,ok,195.37923856900306,138.71848125929205,91.89172058095629,116.48204880737863,72.0161333336032,4.168465082365649,1.6269111850865503,1.000050156550098,1.0000025331590958,1.0000238911378114,0.9999930103797228,0.0,484.9510625667955,314.30320769647915,314.3032076964783,568.3481566496316,968.8500318142026,621.4592612685993,202.09649204998476,167.03650678916998,46.82676067833576,57.88237842562169,0.017402221662138118,0.01746216902019171,True,,193.0,960.0,0,False,6.058888816976557,0.02
refine_intermediate_0.02_R1.760_C0.500,modifier,intermediate,1.76,0.5,140.0,90.0,139.95366838673382,89.7625889323308,ok,181.01066191200516,144.27959117724768,87.54637152237926,116.80911438644861,72.0169708818788,4.157062495651792,1.636199604763878,1.000097656064336,1.0000049321244608,1.0000449249416064,0.9999871860982172,0.0,485.2243774018095,304.95594446534744,304.95594446534835,569.7314868509591,963.9515869042175,623.6441040262978,202.2267608319761,167.7242915884222,56.73321965486842,57.723373320854414,0.02202354275095786,0.021599460119062996,True,,178.0,783.0,0,False,23.62522759765951,0.02
refine_intermediate_0.02_R1.760_C0.520,modifier,intermediate,1.76,0.52,140.0,90.0,139.95366838673382,89.7625889323308,ok,152.45064721099334,143.36654545069203,88.22180277503152,116.793041651276,72.01434433794982,4.157010021656238,1.6359406971938062,0.9999287591246551,0.9999964019759929,0.9999716386923356,1.0000069701277043,0.0,485.9484468312006,309.4287645613889,309.42876456138725,570.7489405256732,964.3735277838109,624.8764838260145,202.52881072020398,168.07881111511358,55.14474267566051,57.724749976868075,0.009791317800306842,0.008170932744562265,True,,150.0,778.0,0,False,14.021751836217064,0.02
refine_intermediate_0.02_R1.760_C0.620,modifier,intermediate,1.76,0.62,140.0,90.0,139.95366838673382,89.7625889323308,ok,134.21959443800733,139.50155519302604,91.438391348193,116.67314576882497,72.01379300371019,4.157531031267131,1.634036852310056,0.999917634941853,0.9999958401485778,0.9999660319382222,1.0000086771975911,0.0,479.884436120303,323.059866126566,323.0598661265653,562.3229778535481,959.3136372031652,614.7887700461334,199.99080026225238,165.23180471286065,48.06316384483304,57.732426773478416,0.007336849841863113,0.011262682174901784,True,,132.0,743.0,0,False,3.0127200769342206,0.02
refine_intermediate_0.02_R1.740_C0.680,modifier,intermediate,1.74,0.68,140.0,90.0,139.95366838673382,89.7625889323308,ok,202.56085548599367,137.52184882251333,93.23876945553168,116.48373321329044,72.01482631155761,4.161773423392076,1.6296293279984344,0.9999580328571188,0.9999978804473296,0.999984024836287,1.0000036884155727,0.0,493.4789634276832,315.88527325068736,315.8852732506865,580.3099461467581,972.1568001663809,635.8819181084518,205.66068968315588,171.14947573889947,44.28307936698165,57.79050837930239,0.012528222758845686,0.013745337696903448,True,,,,0,False,17.997577422806685,0.02
refine_intermediate_0.02_R1.760_C0.560,modifier,intermediate,1.76,0.56,140.0,90.0,139.95366838673382,89.7625889323308,ok,167.54680570799974,141.69868999714777,89.49281561718807,116.75560394418605,72.01487555047419,4.15690213192142,1.6354362346660472,0.9999801422288599,0.9999989970822655,0.9999932874329391,1.0000012942275296,0.0,487.0324391593573,317.42209470164937,317.42209470164863,572.2961420925863,964.8225399684736,626.7637752509362,202.9807645754903,168.62662078333474,52.205874379959695,57.72282601540993,0.012780940282937081,0.011079802867016042,True,,164.0,768.0,0,False,3.1178780623747686,0.02
refine_intermediate_0.02_R1.760_C0.540,modifier,intermediate,1.76,0.54,140.0,90.0,139.95366838673382,89.7625889323308,ok,175.59489079701598,142.51225667672912,88.87177229360941,116.77759086688879,72.01519306793558,4.157079330554286,1.6356609967135016,0.9999819610873393,0.999999088943805,0.9999943346986724,1.0000010864898052,0.0,486.5309350636414,313.5822103985678,313.5822103985685,571.583770112881,964.6208610736627,625.8967672771934,202.77183992672326,168.37506109206282,53.64048438311971,57.72503208639185,0.014316102361732419,0.01098724641684612,True,,173.0,773.0,0,False,7.339928321523944,0.02
refine_intermediate_0.02_R1.760_C0.680,modifier,intermediate,1.76,0.68,140.0,90.0,139.95366838673382,89.7625889323308,ok,142.87582047400065,137.60146728460367,93.37506900101431,116.58758654004991,72.01517832431236,4.155762131137063,1.633539468483161,0.9999825355610503,0.9999991179576284,0.9999945164267381,1.0000009897569195,0.0,484.70239450620954,331.0477031336325,331.04770313363093,569.1689997823355,960.7150359905019,623.0934040599222,202.00580759659255,167.6120638089184,44.22639828358936,57.706753323890275,0.014775542954879484,0.014466538521460848,True,,141.0,735.0,0,False,18.58286227149792,0.02
refine_intermediate_0.02_R1.740_C0.700,modifier,intermediate,1.74,0.7,140.0,90.0,139.95366838673382,89.7625889323308,ok,238.68870806199266,136.94104339689164,93.80487835288405,116.44665485041924,72.01611778061925,4.1618433427020625,1.629090903591597,1.0000482485616016,1.0000024367960405,1.00002317813682,0.9999931833438528,0.0,492.99593587483724,318.62037143839837,318.62037143839643,579.3980749085642,971.1062225760039,634.9457581313386,205.37381101397358,171.09563177756309,43.1361650440076,57.790442903075856,0.017095756329666756,0.017515124363299606,True,,,,0,False,25.416013088938293,0.02
refine_intermediate_0.02_R1.760_C0.580,modifier,intermediate,1.76,0.58,140.0,90.0,139.95366838673382,89.7625889323308,ok,187.48755235798308,140.94163358654555,90.09449746279567,116.73904920244593,72.01451487308304,4.156466133289911,1.6354232281212056,0.9999379666840562,0.9999968670042442,0.9999757178831732,1.000005854317061,0.0,487.4822463031916,320.4471791536844,320.44717915368597,572.9410901897991,965.0069759596644,627.5540328176291,203.16843267364752,168.85648838696238,50.84713612374988,57.71706079830135,0.011723941961605533,0.008756186545895162,True,,184.0,768.0,0,False,1.0862385086343735,0.02
refine_intermediate_0.02_R1.760_C0.700,modifier,intermediate,1.76,0.7,140.0,90.0,139.95366838673382,89.7625889323308,ok,149.48932574799983,137.02619765557301,93.95444076806739,116.55853569784432,72.01508837552622,4.154783426369114,1.633523366573668,0.999992376070834,0.9999996149530722,0.9999978941340559,1.000000253664918,0.0,487.6701189470017,333.27117364292224,333.2711736429219,573.0956547325618,960.9581021718593,627.9780986135686,203.16405483420755,169.209683878301,43.07175688750563,57.69323512739153,0.014946002621229582,0.015020577639759836,True,,147.0,735.0,0,False,26.14170669457139,0.02
refine_intermediate_0.02_R1.760_C0.600,modifier,intermediate,1.76,0.6,140.0,90.0,139.95366838673382,89.7625889323308,ok,202.4850826660113,140.34469021673416,91.10330709474297,116.94079208934534,72.01583930808944,4.135062441435782,1.6470243633503883,1.0000309054991465,1.0000015608837964,1.000015598797516,0.9999952011421562,0.0,480.71118644921233,304.8170274237181,304.81702742371544,563.2099285523894,961.4601075171363,615.7094673288536,200.32971167729698,165.46665400530435,49.24138312199119,57.41879121543885,0.016482010338478403,0.017127187041083403,True,,200.0,995.0,0,False,1.9504232625586901,0.02
refine_intermediate_0.02_R1.760_C0.660,modifier,intermediate,1.76,0.66,140.0,90.0,139.95366838673382,89.7625889323308,ok,197.07451121899066,138.37852061570908,93.19797762728933,116.89633453761462,72.01627664927128,4.1307369274501,1.64823967200785,1.0000600805346611,1.0000030343704371,1.000028200914357,0.999991898365276,0.0,489.71355025638195,311.273110301509,311.273110301509,575.8848048125541,964.9527590961743,631.019052773417,204.09136057552868,169.8392859168823,45.180542988419745,57.358379516999065,0.017807124816158648,0.017725278678028644,True,,,,0,False,14.282985986013118,0.02
refine_intermediate_0.02_R1.760_C0.640,modifier,intermediate,1.76,0.64,140.0,90.0,139.95366838673382,89.7625889323308,ok,230.85597311801394,139.00380022961167,92.54452960989437,116.91497216208106,72.01495611988139,4.1317949690833355,1.648049072042494,0.9999701192118684,0.9999984908692856,0.9999892593004363,1.0000023009519075,0.0,485.648852228041,309.05008410289895,309.0500841028982,570.1561298723561,963.9936835049201,624.099125085764,202.39247994796352,167.8636345714733,46.4592706197173,57.374123261357624,0.013249752000973558,0.014288251809233543,True,,,,0,False,8.641443449397483,0.02
refine_intermediate_0.02_R1.780_C0.540,modifier,intermediate,1.78,0.54,140.0,90.0,139.95366838673382,89.7625889323308,ok,151.28915743599646,142.76350726546517,89.28915331499442,117.16504772665436,72.01454342546435,4.125163225296567,1.6543593578359308,0.9999406381042362,0.999997001924456,0.9999759410208227,1.0000059785692796,0.0,483.16896387374015,306.2716685325656,306.2716685325661,567.7228271745319,957.4686011082761,621.7142949831073,201.37077399733604,167.2609569317661,53.47435395047074,57.28236310442132,0.011645357836869152,0.008914978450690114,True,,149.0,784.0,0,False,8.119335808192877,0.02
refine_intermediate_0.02_R1.780_C0.520,modifier,intermediate,1.78,0.52,140.0,90.0,139.95366838673382,89.7625889323308,ok,177.81344444700517,143.60958871007455,88.63143145114772,117.17664649452196,72.01514627480407,4.125501411143817,1.6543651580865342,1.0000031728431615,1.0000001602446043,1.0000032098662641,0.9999986448517578,0.0,482.58713242225747,307.38241944063304,307.3824194406315,566.8883256221159,957.1944568803467,620.7004602654633,201.1279831870468,166.9683416264504,54.97815725892683,57.286579623142494,0.013966362555635214,0.01183940842643949,True,,175.0,784.0,0,False,14.64527065785219,0.02
refine_intermediate_0.02_R1.780_C0.500,modifier,intermediate,1.78,0.5,140.0,90.0,139.95366838673382,89.7625889323308,ok,197.92560398500063,144.51935953717185,87.95159620201538,117.19199951202852,72.0148692142286,4.125450162848238,1.654587817992646,0.9999703218769976,0.9999985011048986,0.9999888640454284,1.0000025098948742,0.0,481.88040297074326,297.90845993672946,297.9084599367283,565.8996708247296,956.8090866901229,619.5006805438013,200.83357781626702,166.62148797553502,56.56776333515647,57.286088385107234,0.013150509287015666,0.010354197999504322,True,,195.0,788.0,0,False,24.125230350443417,0.02
refine_intermediate_0.02_R1.780_C0.640,modifier,intermediate,1.78,0.64,140.0,90.0,139.95366838673382,89.7625889323308,ok,147.6588540940138,139.09342321894906,92.69963507728666,117.03296410425355,72.01522688353577,4.125180885552533,1.652458821522876,0.9999893057193767,0.999999459884817,0.9999971012482711,1.0000003168972933,0.0,484.66616525579,328.1199487025666,328.1199487025682,569.9273296172057,956.0438432490923,624.4493377890512,201.99577511158466,168.06622691290414,46.3937881416624,57.282064697565204,0.014820445803991333,0.012874711303169306,True,,145.0,750.0,0,False,9.366261806297109,0.02
refine_intermediate_0.02_R1.780_C0.680,modifier,intermediate,1.78,0.68,140.0,90.0,139.95366838673382,89.7625889323308,ok,144.8689607590204,137.8616148025744,93.94259011719475,116.9737191900662,72.01386974167926,4.123926623897503,1.6521364866758959,0.9999358988979188,0.9999967625706003,0.9999736350189299,1.0000067181882475,0.0,484.273202151321,332.792424849642,332.79242484964084,569.1648827811554,954.0374460670407,623.7000440873815,201.74901003347696,168.0629785231306,43.91902468537964,57.26572726462872,0.007135612595448038,0.009785423493852363,True,,143.0,745.0,0,False,21.849098104458378,0.02
refine_intermediate_0.02_R1.780_C0.580,modifier,intermediate,1.78,0.58,140.0,90.0,139.95366838673382,89.7625889323308,ok,180.28472092401353,141.1857399572743,90.53692732200443,117.10732042495631,72.0143882655118,4.126455060676204,1.6530098980758678,0.9999337056570128,0.9999966518008585,0.9999737535007802,1.0000064108403657,0.0,483.96774164389547,319.1636613034961,319.1636613034965,568.8837255774652,957.6552435443036,623.1471372192041,201.70425429421982,167.6803081457661,50.64881263526988,57.30042509647189,0.010335668776264129,0.011606237941364839,True,,177.0,759.0,0,False,2.117600296656445,0.02
refine_intermediate_0.02_R1.780_C0.700,modifier,intermediate,1.78,0.7,140.0,90.0,139.95366838673382,89.7625889323308,ok,157.10945014399476,137.29252756533407,94.51905983209197,116.94493834117718,72.01453383088493,4.123039350714637,1.652095857549099,0.9999491735554582,0.9999974330078512,0.999979521161329,1.000005145986838,0.0,483.100109711337,334.77230978550625,334.77230978550585,567.5431992739907,953.0897035048298,621.7553938323023,201.26041691688295,167.50874922754514,42.7734677332421,57.25287843141444,0.01057733529043503,0.01284240805665604,True,,154.0,745.0,0,False,29.705685891594985,0.02
refine_intermediate_0.02_R1.780_C0.660,modifier,intermediate,1.78,0.66,140.0,90.0,139.95366838673382,89.7625889323308,ok,179.5504346159869,138.46066833177204,93.33174371357933,117.00035627858436,72.01397043884141,4.124914213106077,1.6521000501081982,0.9999395129287725,0.9999969450974134,0.999975183836743,1.0000063104375796,0.0,484.77948944308514,328.45494014690934,328.4549401469097,570.1125850512319,954.9737316451133,624.6875766716582,202.04321108428968,168.13871799898703,45.12892461819271,57.279361045773776,0.00906021137427615,0.01025655975695372,True,,176.0,744.0,0,False,14.967915016625117,0.02
refine_intermediate_0.02_R1.780_C0.620,modifier,intermediate,1.78,0.62,140.0,90.0,139.95366838673382,89.7625889323308,ok,210.33318329800386,139.9173792080365,92.45612896351551,117.33378742503916,72.01615741269698,4.099757708670404,1.6674148571780443,1.0000546716008252,1.0000027611919602,1.0000256499307498,0.999992528554333,0.0,485.8594513450082,303.4011153171069,303.4011153171046,571.2945892246911,959.0539751587748,625.9318686631354,202.4858860559136,168.45852333218352,47.46125024452098,56.9283040912092,0.01733138319056593,0.017480046460477183,True,,,,0,False,7.256474804085058,0.02
refine_intermediate_0.02_R1.800_C0.520,modifier,intermediate,1.8,0.52,140.0,90.0,139.95366838673382,89.7625889323308,ok,161.13458968300256,143.85663674385788,89.04327458773248,117.56216061928303,72.0160614613333,4.09406117332639,1.673068056837169,1.0000504745675092,1.0000025492205826,1.0000239649806417,0.9999930452472116,0.0,479.281491457123,302.3790596670059,302.3790596670059,563.0994001021814,950.1566952621852,616.6005279279764,199.75056372879806,165.87698570199194,54.81336215612539,56.849279039295475,0.017370600147643245,0.014530251063490596,True,,159.0,795.0,0,False,15.750575123056532,0.02
refine_intermediate_0.02_R1.780_C0.600,modifier,intermediate,1.78,0.6,140.0,90.0,139.95366838673382,89.7625889323308,ok,216.75567763499566,140.61284274771265,91.74254523363996,117.35862580490038,72.01486446792039,4.09986385949697,1.667713332581194,0.9999657866738182,0.9999982720542343,0.9999872685392474,1.000002843456664,0.0,485.6585854039331,300.3336226729099,300.3336226729094,570.9883708301159,960.2297847275802,625.5479975753256,202.40295235934047,168.3442627558433,48.87029751407269,56.930800186721,0.012805920889491063,0.014001679268517364,True,,,,0,False,4.354737793265684,0.02
refine_intermediate_0.02_R1.800_C0.540,modifier,intermediate,1.8,0.54,140.0,90.0,139.95366838673382,89.7625889323308,ok,156.73029585799668,143.008314332764,89.69539455169273,117.54240515491752,72.01436193079743,4.094115492502015,1.6727873711385584,0.9999332709258684,0.9999966298447405,0.9999735102566683,1.000006489718388,0.0,479.8464580577819,308.7990224254704,308.79902242547007,563.89859510258,950.4414833317114,617.5729464004833,199.98612611537152,166.1583702520124,53.31291978107127,56.851374958182305,0.009700761694944049,0.008137342839063422,True,,155.0,789.0,0,False,9.335376940387933,0.02
refine_intermediate_0.02_R1.800_C0.560,modifier,intermediate,1.8,0.56,140.0,90.0,139.95366838673382,89.7625889323308,ok,155.6785020279931,142.2038104225429,90.31637009494618,117.51309994133779,72.01538338659654,4.095070284146182,1.6719418278814553,1.0000000000637912,1.0000000000032219,1.000000495665915,0.9999993275733381,0.0,480.2400806187545,313.30713381993655,313.3071338199351,564.4822289448763,950.4849031431115,618.2953769692306,200.15074752180993,166.37010703986758,51.88744032759671,56.86382674883259,0.015114901849671014,0.013885075660212465,True,,153.0,774.0,0,False,5.3698127573825944,0.02
refine_intermediate_0.02_R1.780_C0.560,modifier,intermediate,1.78,0.56,140.0,90.0,139.95366838673382,89.7625889323308,ok,262.7655931499903,142.10944441239363,90.18885706510608,117.3904310361473,72.01541525152284,4.101505376044576,1.6674277383765395,1.000004564623342,1.0000002305365316,1.0000040393832377,0.9999983424828405,0.0,476.325533432391,294.268468579792,294.26846857979285,557.8554381180237,954.028714032555,609.6924740593247,198.50206523892626,163.81934409201014,51.92058734728755,56.95315873302342,0.01548472978001314,0.008896097057359498,True,,,,0,False,4.829074793829303,0.02
refine_intermediate_0.02_R1.800_C0.580,modifier,intermediate,1.8,0.58,140.0,90.0,139.95366838673382,89.7625889323308,ok,196.24097085601534,141.57569663857686,91.55019612565238,117.7537111040376,72.01606401055214,4.0694227836301415,1.6863492628990464,1.000050508850868,1.0000025509520638,1.0000238606089664,0.9999930300738066,0.0,477.7832590973916,295.10763281415325,295.10763281415245,560.7693108841717,950.134126628028,613.6880299063322,199.11490888187456,165.0386730569296,50.02550051292448,56.507153501666934,0.01702187101693653,0.01732177314490002,True,,,,0,False,5.826515127392014,0.02
refine_intermediate_0.02_R1.800_C0.640,modifier,intermediate,1.8,0.64,140.0,90.0,139.95366838673382,89.7625889323308,ok,143.8798098200059,139.34340689931062,93.26726626518442,117.41397006498566,72.01388300335368,4.09377882642132,1.6710785322096453,0.9999384539068634,0.9999968916114579,0.9999746912468747,1.0000064476716735,0.0,481.22458554924253,325.4015860402355,325.4015860402364,565.9345655260774,948.2189276400486,620.0997587602849,200.56143041194258,166.90309559484643,46.076140634126205,56.84707803119952,0.0069493300979956985,0.009652743392180696,True,,141.0,760.0,0,False,12.655182290449925,0.02
refine_mild_0.02_R1.200_C0.620,modifier,mild,1.2,0.62,130.0,80.0,129.01287026934924,80.18649564356137,ok,114.69960262201494,129.9061908797037,72.9659359322394,102.98915876192657,72.01350386425057,5.271481266250934,1.1230498464551237,0.9998428030561892,0.9999920607604135,0.9999335695673415,1.0000173919103523,0.0,606.5413798614412,397.85398395544786,397.85398395544837,708.9750119497005,1222.76361792333,774.278996467365,252.81847876315044,207.78713348028597,56.9402549474643,73.20128841651653,0.0037034353434535205,0.0049697130177577264,True,,113.0,600.0,0,False,52.934504257650055,0.02
refine_intermediate_0.02_R1.800_C0.620,modifier,intermediate,1.8,0.62,140.0,90.0,139.95366838673382,89.7625889323308,ok,189.74230403700494,139.9979200811771,92.58220558866765,117.43234257035627,72.01443548552464,4.0949864788666535,1.6708292642547666,0.9999491168865773,0.9999974301457871,0.999980096769185,1.0000047977255917,0.0,481.00802580139623,323.09429877032574,323.0942987703234,565.6210036137538,949.2279039090661,619.7130809242043,200.47114919473313,166.78924745613625,47.415714492509466,56.86341149879279,0.010409647385273502,0.011914839818615519,True,,187.0,755.0,0,False,7.952196301153288,0.02
refine_intermediate_0.02_R1.800_C0.660,modifier,intermediate,1.8,0.66,140.0,90.0,139.95366838673382,89.7625889323308,ok,153.19433956200373,138.71761801293397,93.90023744414081,117.38349516751681,72.01459731986358,4.093520106163445,1.6707575550071614,0.9999512094615111,0.9999975358313897,0.9999803309559298,1.0000049393715713,0.0,480.92880155126716,327.89582425523156,327.8958242552312,565.2840824914026,947.159824577453,619.4697196938184,200.35562836213373,166.92919621505297,44.817380568793155,56.84292155354927,0.01080549070024972,0.012868324336835713,True,,150.0,755.0,0,False,18.647955733854385,0.02
refine_intermediate_0.02_R1.800_C0.680,modifier,intermediate,1.8,0.68,140.0,90.0,139.95366838673382,89.7625889323308,ok,146.115575437987,138.11614754095825,94.50379388108706,117.35173272246126,72.01291790493022,4.0924279973168165,1.6707453305137963,0.9998757919944505,0.9999937268684062,0.9999472550820241,1.0000138716945657,0.0,479.7199953218196,326.07090154590753,326.07090154590765,563.6220573654163,946.2141169842623,617.477922625728,199.85231915449663,166.36118550573389,43.61235365987119,56.829081731135304,0.006783709252516701,0.0075052961441457455,True,,144.0,755.0,0,False,25.855507224770648,0.02
refine_mild_0.02_R1.200_C0.720,modifier,mild,1.2,0.72,130.0,80.0,129.01287026934924,80.18649564356137,ok,110.35584481898695,126.53264380705113,76.34308124609552,102.91488571611538,72.01143820573154,5.268122556796445,1.122995366653854,0.999700336140199,0.9999848654616252,0.9998714088100045,1.0000341618653066,0.0,611.4378288514372,413.0670044150522,413.0670044150505,715.8947165918682,1225.2408746347755,782.692657331593,254.85459361886893,210.2215733709756,50.18956256095561,73.15674687326471,0.010623385989774192,0.005491609407613396,True,,108.0,600.0,0,False,20.923357534931554,0.02
refine_mild_0.02_R1.200_C0.660,modifier,mild,1.2,0.66,130.0,80.0,129.01287026934924,80.18649564356137,ok,147.21632822797983,128.46864223770297,74.34497838041491,102.96541898991349,72.01257493295415,5.270428461016861,1.1230173787078608,0.9997844394293847,0.9999891131024945,0.9999101996813424,1.0000231251640148,0.0,608.8515120703044,404.59364196889146,404.59364196889175,712.2361402401343,1224.0091659396046,778.2358647601301,253.77956000788487,208.9299689970789,54.12366385728805,73.18761294015367,0.012043260765096875,0.008173846487309788,True,,144.0,600.0,0,False,34.41950808606765,0.02
refine_mild_0.02_R1.200_C0.760,modifier,mild,1.2,0.76,130.0,80.0,129.01287026934924,80.18649564356137,ok,117.08701893599937,125.38648194584152,77.52349935381795,102.87435531415156,72.01144094916486,5.266409134026719,1.122949608672093,0.9996658985769128,0.9999831261907528,0.9998594783312285,1.0000365671450449,0.0,612.7546605382059,417.80933946668085,417.80933946668205,717.7895549385725,1225.69803718568,785.0089376261441,255.40121012554448,210.89716519904118,47.86298259202357,73.1329503286074,0.01712728139848707,0.00978923683277344,True,,115.0,600.0,0,False,20.242241512060282,0.02
refine_mild_0.02_R1.200_C0.640,modifier,mild,1.2,0.64,130.0,80.0,129.01287026934924,80.18649564356137,ok,151.45819185700384,129.1748731675402,73.60985708055907,102.97798109914781,72.01353999252504,5.2710696554662375,1.1230390753586226,0.9998502333121659,0.9999924360258672,0.9999365732079213,1.0000166426281516,0.0,607.7826368652989,401.3656256247594,401.3656256247606,710.7285708993829,1223.4499181483807,776.4069620225334,253.33506879478858,208.4010183400447,55.56501608698113,73.19553595078608,0.004835731230258489,0.006858316788964203,True,,148.0,600.0,0,False,43.278419727391295,0.02
refine_mild_0.02_R1.200_C0.740,modifier,mild,1.2,0.74,130.0,80.0,129.01287026934924,80.18649564356137,ok,123.97773815499386,125.94370977402744,76.94755959260428,102.89587261146221,72.01172322903957,5.267336061367715,1.1229653246901687,0.9997014025825457,0.9999849193223511,0.9998750814907822,1.0000322058606834,0.0,612.1285416604965,415.5270363186945,415.5270363186928,716.8943673425545,1225.5002826901698,783.9154524251196,255.14143711185974,210.57772779865263,48.99615018142316,73.14553554862856,0.012784610454232848,0.006897127507130563,True,,121.0,600.0,0,False,19.910452888233465,0.02
refine_mild_0.02_R1.220_C0.620,modifier,mild,1.22,0.62,130.0,80.0,129.01287026934924,80.18649564356137,ok,118.07786290999502,130.32991104083717,73.68800474961415,103.59541465556461,72.01360081851831,5.2222956271611904,1.1410800148561195,0.9997948059442937,0.9999896366638528,0.9999149138528154,1.0000217977698282,0.0,601.5180603691263,395.5150663254872,395.5150663254876,703.3457021448382,1211.1834868243723,768.2869018588594,250.7224475400125,206.21620883531236,56.64190629122302,72.51818500677271,0.010785111828596428,0.009850766297972768,True,,116.0,600.0,0,False,43.96498029247649,0.02
refine_mild_0.02_R1.220_C0.600,modifier,mild,1.22,0.6,130.0,80.0,129.01287026934924,80.18649564356137,ok,122.5159665599931,131.09838817039105,72.97826098470316,103.60513353422832,72.01221909033563,5.22256794338769,1.1410764977365124,0.999744400429706,0.9999870909307934,0.9998910849714696,1.000028751527728,0.0,600.237908017306,391.8171596422063,391.81715964220706,701.5456837672011,1210.48341623254,766.1036920034396,250.1901138013073,205.58500129398163,58.12012718568789,72.52335797118329,0.005845350851160447,0.005846167984259409,True,,120.0,600.0,0,False,56.308031812730675,0.02
refine_mild_0.02_R1.200_C0.680,modifier,mild,1.2,0.68,130.0,80.0,129.01287026934924,80.18649564356137,ok,151.56797163400915,127.79437003061764,75.04430978007574,102.95091432382559,72.01375269101477,5.270041276782191,1.1230153280454571,0.9997960081200925,0.9999896973798026,0.999915763863575,1.000021596640249,0.0,609.801514444249,407.60042090053435,407.600420900534,713.5766041245681,1224.463131261617,779.866250717095,254.17422478222835,209.40351416517154,52.75006025054191,73.1810394522009,0.011144262931352955,0.010867203903373479,True,,148.0,600.0,0,False,27.92681828642047,0.02
refine_mild_0.02_R1.200_C0.780,modifier,mild,1.2,0.78,130.0,80.0,129.01287026934924,80.18649564356137,ok,153.92086480301805,124.85568332944779,78.0771311972687,102.85457681012515,72.01267899231341,5.2652969891875525,1.1230112099916119,0.9997473784269704,0.9999872413346953,0.999894025494778,1.0000275348746834,0.0,613.2900585122679,420.0428595170016,420.0428595170005,718.5629831445224,1225.83568966769,785.960090354976,255.6234624728238,211.174711565388,46.77855213217909,73.11624928923374,0.0073241167942939,0.005838818005500457,True,,151.0,600.0,0,False,21.73162162057078,0.02
refine_mild_0.02_R1.220_C0.660,modifier,mild,1.22,0.66,130.0,80.0,129.01287026934924,80.18649564356137,ok,112.93341017898638,128.88428311172152,75.18952997398694,103.56909402037371,72.0113715430021,5.220940527981838,1.141059223571391,0.999695810545076,0.9999846368962159,0.999870689208713,1.0000343783981176,0.0,603.6564255735352,402.15464033177,402.15464033176795,706.3544097942863,1212.372356748242,771.9389449937553,251.6121958249077,207.26951252383188,53.69475313773458,72.50161212197044,0.011927433550852129,0.005961792852971826,True,,111.0,600.0,0,False,24.98620056001227,0.02
refine_mild_0.02_R1.220_C0.680,modifier,mild,1.22,0.68,130.0,80.0,129.01287026934924,80.18649564356137,ok,118.44109310497879,128.21366158194485,75.88567722854505,103.55437535818328,72.01177686694692,5.220303815684096,1.1410440682387746,0.999712156276096,0.9999854624381869,0.9998791161864151,1.0000314288262375,0.0,604.5580286554971,405.124950219633,405.1249502196322,707.6423868893023,1212.796198495139,773.5066553656869,251.98697330902348,207.72413092075664,52.3279843533998,72.49236226082058,0.01375053945960758,0.0071069427709176125,True,,116.0,600.0,0,False,19.13577356496616,0.02
refine_mild_0.02_R1.220_C0.700,modifier,mild,1.22,0.7,130.0,80.0,129.01287026934924,80.18649564356137,ok,120.48399103299016,127.57808308727786,76.54811460507095,103.53737532797712,72.0120429217464,5.219648857028124,1.1410319725636369,0.9997016961848442,0.9999849341507498,0.9998748213428825,1.0000324808638255,0.0,605.3765451245538,407.87375996588935,407.8737599658872,708.800737017074,1213.148570153171,774.915143074504,252.32690182643856,208.1330960275645,51.02996848220691,72.48299930471602,0.018278264315725323,0.010444720752389003,True,,118.0,600.0,0,False,15.29643083908296,0.02
refine_mild_0.02_R1.220_C0.720,modifier,mild,1.22,0.72,130.0,80.0,129.01287026934924,80.18649564356137,ok,117.96795394498622,126.97633975933763,77.18120868868209,103.51992416131912,72.01259554498657,5.21866206362488,1.1410803895457051,0.9997423845615667,0.99998698911927,0.9998920023441804,1.0000280657634475,0.0,606.0928894813053,410.5355010582175,410.53550105821637,709.8176147924978,1213.4510320958034,776.156183943752,252.624670681285,208.49312020451038,49.79513107065554,72.46874000486152,0.008239808837146256,0.005647593391969963,True,,116.0,600.0,0,False,13.179206199375699,0.02
refine_mild_0.02_R1.220_C0.640,modifier,mild,1.22,0.64,130.0,80.0,129.01287026934924,80.18649564356137,ok,154.0187849169888,129.58772396937945,74.45673162904775,103.58215914644202,72.01165730431846,5.221444891183287,1.1410768196669787,0.9997121586574178,0.9999854625584559,0.9998766782916946,1.0000327119272399,0.0,602.6364876547275,398.96281060201807,398.9628106020168,704.9132687073601,1211.8330409501928,770.1892013312661,251.18779706941524,206.76366854323783,55.1309923403317,72.50832832686608,0.009219312372238164,0.004953201876787716,True,,151.0,600.0,0,False,33.16065243845367,0.02
refine_mild_0.02_R1.220_C0.760,modifier,mild,1.22,0.76,130.0,80.0,129.01287026934924,80.18649564356137,ok,136.23361211101292,125.83764105324408,78.34697736735228,103.46980327343309,72.00597952489436,5.2165807149283925,1.1409876939342833,0.9992811316486832,0.9999636935176102,0.9996939944423954,1.0000808126474117,0.0,607.370305156948,415.23843075637325,415.23843075637285,711.63714421793,1213.964270570806,778.3790736586482,253.1551506136151,209.14156054668854,47.4906636858918,72.44649332386186,0.018138657860930607,0.012993975361425214,True,,133.0,600.0,0,False,13.465908063315002,0.02
refine_mild_0.02_R1.220_C0.740,modifier,mild,1.22,0.74,130.0,80.0,129.01287026934924,80.18649564356137,ok,144.65593820199138,126.39809124276081,77.78246126436935,103.49915095258162,72.01149033834915,5.217744298273038,1.1410501277550227,0.9996570965199651,0.9999826816424221,0.9998564282719995,1.000037341143559,0.0,606.76296124275,412.96880654089136,412.96880654089193,710.7707448788844,1213.708194198427,777.322764410763,252.90310831898233,208.83197443647612,48.61562997839147,72.45710752210844,0.008616611478927894,0.005888908218167899,True,,142.0,600.0,0,False,12.61645065422389,0.02
refine_mild_0.02_R1.220_C0.780,modifier,mild,1.22,0.78,130.0,80.0,129.01287026934924,80.18649564356137,ok,125.61726695200196,125.3140375094097,78.90471556781978,103.45684872907465,72.01314344989237,5.215810180142565,1.1410408851249425,0.999813137299588,0.9999905624898777,0.9999215819703342,1.0000203842331685,0.0,607.8338756359558,417.37241624078445,417.3724162407813,712.3385210403378,1213.9422499053449,779.2555608278936,253.34724405904024,209.39864862155932,46.40932194158992,72.42858637009493,0.013449909114456204,0.0065239295834231825,True,,123.0,600.0,0,False,15.324323948570042,0.02
refine_mild_0.02_R1.240_C0.600,modifier,mild,1.24,0.6,130.0,80.0,129.01287026934924,80.18649564356137,ok,113.71405332200811,131.504412579298,73.7165473686303,104.19890644802875,72.01138421900873,5.173983945664714,1.1591147200479899,0.9996971880578135,0.9999847064675673,0.9998722408452212,1.0000339790293384,0.0,595.312606358257,389.54087109968634,389.5408710996826,696.0171409503639,1199.1876197472575,760.2182593391499,248.13527761073183,204.03941052019582,57.78786521066769,71.84952770702255,0.012678763591736697,0.006002406180897424,True,,112.0,600.0,0,False,48.06801376254832,0.02
refine_mild_0.02_R1.240_C0.640,modifier,mild,1.24,0.64,130.0,80.0,129.01287026934924,80.18649564356137,ok,124.0129696019867,129.99371799551187,75.29237386859032,104.1768415471683,72.01171184450897,5.173171513647494,1.15909416710383,0.9996830391861333,0.999983991878087,0.999866827693372,1.000034584044172,0.0,597.5770518960965,396.53483081177455,396.53483081177217,699.2083648885898,1200.4113850776153,764.0851030890958,249.07702461612814,205.15671288489406,54.701344126921555,71.83791887655228,0.01703902091372811,0.009592402960066693,True,,122.0,600.0,0,False,24.914490210164242,0.02
refine_mild_0.02_R1.240_C0.700,modifier,mild,1.24,0.7,130.0,80.0,129.01287026934924,80.18649564356137,ok,112.92167621100089,128.0114886651848,77.3666138675499,104.12166187334196,72.00563084139395,5.170772449945893,1.1590535085139106,0.9992679687241086,0.9999630287234393,0.9996881306239552,1.000082393855475,0.0,600.1907830064808,405.4133482536936,405.41334825369324,702.8962525175218,1201.7307859200187,768.5668719894421,250.16369833392713,206.45524220755118,50.6448747976349,71.81066799255602,0.019160050210501822,0.013437927570180364,True,,111.0,600.0,0,False,8.954498347840545,0.02
refine_mild_0.02_R1.240_C0.660,modifier,mild,1.24,0.66,130.0,80.0,129.01287026934924,80.18649564356137,ok,122.35342689999379,129.30561438046317,76.02368397394957,104.16428031220232,72.01248681567846,5.172399315814165,1.1591281103767797,0.9997358314934468,0.999986658156234,0.9998893929584696,1.0000287446911749,0.0,598.5284449827595,399.74702668383287,399.74702668383367,700.544140596129,1200.899798137595,765.7104759817275,249.472740626311,205.62606334429253,53.281930406513595,71.82642267379714,0.008656271323189912,0.005380947987376317,True,,120.0,600.0,0,False,17.414700111248056,0.02
refine_mild_0.02_R1.240_C0.680,modifier,mild,1.24,0.68,130.0,80.0,129.01287026934924,80.18649564356137,ok,132.63378593800007,128.64680416483316,76.7167472529532,104.14750023667172,72.01139089333304,5.171748050957306,1.1591113043116632,0.9996521305319928,0.9999824308349496,0.9998540337504913,1.0000378872395128,0.0,599.3967636279381,402.6840353953287,402.68403539532835,701.7742458487982,1201.321430378342,767.2050782791423,249.83384002195888,206.05865616735457,51.93005691187996,71.81847186673514,0.009537192966291741,0.005683851497209957,True,,130.0,600.0,0,False,12.173158287003591,0.02
refine_mild_0.02_R1.220_C0.800,modifier,mild,1.22,0.8,130.0,80.0,129.01287026934924,80.18649564356137,ok,151.49129981998703,124.80974227816345,79.43219609652269,103.43867259082509,72.01532579224676,5.214813728962286,1.1410677906899414,0.9999180279427041,0.9999958599971073,0.9999675164457775,1.0000079489191553,0.0,608.3066400199023,419.4241776406368,419.42417764063595,713.0213441962011,1213.1551282483942,780.0956884257973,253.54352732778722,209.6434725281894,45.37754618164077,72.41255484986944,0.013367427865560444,0.009391821946380219,True,,148.0,600.0,0,False,18.235252716952182,0.02
refine_mild_0.02_R1.240_C0.620,modifier,mild,1.24,0.62,130.0,80.0,129.01287026934924,80.18649564356137,ok,149.7022997919994,130.73081122180244,74.5253236529269,104.18968449247157,72.0118309237578,5.173613883664306,1.1591033269968862,0.9997167510492113,0.9999856944974348,0.9998810753874915,1.0000309280603994,0.0,596.5005612232658,393.1785980773101,393.1785980773092,697.6977840848778,1199.8423994060208,762.2556415742251,248.6294866971751,204.6278650732874,56.20548756887554,71.84394310348596,0.014128364753901224,0.007200230930038742,True,,147.0,600.0,0,False,35.00018942366009,0.02
refine_mild_0.02_R1.240_C0.720,modifier,mild,1.24,0.72,130.0,80.0,129.01287026934924,80.18649564356137,ok,121.67454840001301,127.42038876541599,78.00711693382543,104.11434401398145,72.01415525056319,5.1701617071362005,1.1591235530331072,0.9998891561998331,0.9999944018282751,0.9999539533222317,1.0000118487088805,0.0,600.8175586770421,407.9782343888707,407.97823438887036,703.8188957927902,1201.8372122215865,769.7101013224352,250.42386955879698,206.78792970689045,49.41327183159056,71.79368679875985,0.012501965519277292,0.006950523206739945,True,,119.0,600.0,0,False,7.285688900819785,0.02
refine_mild_0.02_R1.240_C0.740,modifier,mild,1.24,0.74,130.0,80.0,129.01287026934924,80.18649564356137,ok,119.07713289099047,126.85046941161353,78.60845605052471,104.09784560439157,72.01541533275662,5.169308937551413,1.1591370156393457,0.9999249000504818,0.9999962070732579,0.9999706506331222,1.00000706266067,0.0,601.4484205767752,410.4136551219998,410.4136551219969,704.7211628728028,1202.0705705562118,770.809575032644,250.68608544484258,207.10697096301868,48.24201336108882,71.78058910951145,0.014012212067342489,0.01060713048615014,True,,117.0,600.0,0,False,7.16618642672743,0.02
refine_mild_0.02_R1.240_C0.760,modifier,mild,1.24,0.76,130.0,80.0,129.01287026934924,80.18649564356137,ok,116.57103260600707,126.30084447491544,79.17978992832548,104.07718021648935,72.01603849400414,5.168380850494504,1.1591301144426025,0.9999603355153346,0.9999979967432007,0.9999859770348979,1.0000029047577823,0.0,601.9951529625457,412.6702890992983,412.67028909929905,705.5154837687705,1202.2082247204162,771.7832913174798,250.91314442701383,207.3905861585689,47.12105454658996,71.76708075833427,0.01664339178495311,0.011968993568387987,True,,114.0,600.0,0,False,8.368540306762897,0.02
refine_mild_0.02_R1.240_C0.780,modifier,mild,1.24,0.78,130.0,80.0,129.01287026934924,80.18649564356137,ok,141.9328612870013,125.77031569330491,79.72572513240603,104.05290229309225,72.01761828905256,5.167608799963247,1.1590917883637724,1.0000140549130356,1.0000007098440933,1.0000106971807279,0.9999958517636024,0.0,602.4720711715211,414.79660909669013,414.79660909669263,706.2182749797464,1201.1271013461237,772.6543541981707,251.11086472271285,207.6479828407521,46.04459056089888,71.75478615833062,0.024509908102501754,0.014901504808022992,True,,139.0,600.0,0,False,10.726469642576363,0.02
refine_mild_0.02_R1.260_C0.620,modifier,mild,1.26,0.62,130.0,80.0,129.01287026934924,80.18649564356137,ok,116.57760492200032,131.138425515501,75.35226938876806,104.77266690736721,72.01105503090334,5.126039835879816,1.1771559123289754,0.9996318295604529,0.9999814055333569,0.9998446906939223,1.0000403239820108,0.0,591.5563315982629,390.8715079278553,390.8715079278528,692.1053886957673,1188.685929531795,756.2722361196081,246.56686395661507,203.05096006488674,55.78615612673295,71.18406796956371,0.011464844390900453,0.0056053131198154915,True,,114.0,600.0,0,False,27.88772858697627,0.02
refine_mild_0.02_R1.260_C0.600,modifier,mild,1.26,0.6,130.0,80.0,129.01287026934924,80.18649564356137,ok,142.5367545769841,131.89777097504972,74.54710923819333,104.78476626739283,72.01321424298476,5.126399814096809,1.1771790547192156,0.9998186808086938,0.9999908424650856,0.999924596126861,1.0000193641427608,0.0,590.3941163536867,387.25331333092083,387.25331333092015,690.4842177915243,1187.9908811621797,754.3088514240169,246.08299453980987,202.48549752717798,57.350661736856395,71.18693239826054,0.011897085282043918,0.007123506409485003,True,,140.0,600.0,0,False,40.12533111080107,0.02
refine_mild_0.02_R1.260_C0.680,modifier,mild,1.26,0.68,130.0,80.0,129.01287026934924,80.18649564356137,ok,113.17002108201268,129.083123787275,77.53952760311289,104.73681355855189,72.01540844936787,5.124255334302886,1.177196150230715,0.9999236117508707,0.9999961420076191,0.9999697606064479,1.000007266040341,0.0,594.2789317359086,400.2461337375629,400.2461337375629,695.9706338795168,1189.981050425932,760.9724213941768,247.69884618214002,204.41115479990822,51.543596184162126,71.15498536546681,0.014291802489850625,0.010612652529573552,True,,110.0,600.0,0,False,7.011375363936638,0.02
refine_mild_0.02_R1.240_C0.800,modifier,mild,1.24,0.8,130.0,80.0,129.01287026934924,80.18649564356137,ok,152.58338382001966,125.26134338447423,80.2428793609536,104.02792537699341,72.01525286890424,5.166189680647886,1.1591054956987634,0.9999916327700034,0.9999995774126245,0.9999974413293182,1.000000410783977,0.0,602.8864938479534,416.7630039303309,416.7630039303308,706.8182778042195,1200.0010177405702,773.397039656686,251.28227657145095,207.86655051485545,45.018464023520636,71.73743720725885,0.011375134947087417,0.01241309262542245,True,,149.0,600.0,0,False,14.077133091526928,0.02
refine_mild_0.02_R1.260_C0.640,modifier,mild,1.26,0.64,130.0,80.0,129.01287026934924,80.18649564356137,ok,121.88028330297675,130.41225866829885,76.10974817223052,104.75410061480531,72.00660426052237,5.125276746225007,1.1771169597818436,0.9993376744036558,0.9999665492123052,0.9997179277908749,1.0000743747634449,0.0,592.592273465252,394.20208645461514,394.20208645461605,693.560520830428,1189.277529074102,758.0322807922466,246.99759311867496,203.56053996346003,54.30251049606832,71.17787040313107,0.01788376182091156,0.01158672737845734,True,,120.0,600.0,0,False,18.578157836117217,0.02
refine_mild_0.02_R1.260_C0.700,modifier,mild,1.26,0.7,130.0,80.0,129.01287026934924,80.18649564356137,ok,113.70325923801283,128.4595672946977,78.1966819180576,104.72016446505708,72.01625179980509,5.123564857631549,1.1772022200961458,0.9999784457513758,0.9999989114015833,0.9999938779490238,1.0000008093226818,0.0,595.0045440658708,402.960120529208,402.9601205292052,697.0098658700015,1190.2739618039182,762.2368411583295,248.0005726456562,204.77750079441896,50.2628853766401,71.1445643113214,0.017431382860138456,0.01227561382356157,True,,112.0,600.0,0,False,4.265502843961405,0.02
refine_mild_0.02_R1.260_C0.660,modifier,mild,1.26,0.66,130.0,80.0,129.01287026934924,80.18649564356137,ok,139.54717348798295,129.73312134870037,76.84675595023376,104.74945118961816,72.01415526601937,5.124903937302397,1.1771839723679198,0.9998880057745464,0.9999943437259862,0.9999535418552981,1.0000119315524825,0.0,593.4490370262807,397.3126188467794,397.3126188467761,694.795520046851,1189.5826272115569,759.5468273656622,247.35365839767474,203.99912859217466,52.88636539846661,71.16523020191055,0.012698677586257645,0.007012457212397294,True,,136.0,600.0,0,False,11.672622836494503,0.02
refine_mild_0.02_R1.260_C0.740,modifier,mild,1.26,0.74,130.0,80.0,129.01287026934924,80.18649564356137,ok,119.16057760998956,127.2854066534075,79.41573478849747,104.67712842240906,72.01503133027893,5.121628549744927,1.1771692806896246,0.9999756877317791,0.9999987721076659,0.9999903789952325,1.0000023349188747,0.0,596.2062676134353,407.8517134567919,407.85171345678987,698.7402163946556,1190.605895613156,764.3628254668472,248.49932207584004,205.3992685592856,47.86967186491003,71.11888247685206,0.01086985878018254,0.01069899955065523,True,,117.0,600.0,0,False,3.5782028401013077,0.02
refine_mild_0.02_R1.260_C0.720,modifier,mild,1.26,0.72,130.0,80.0,129.01287026934924,80.18649564356137,ok,125.67659487601486,127.85983586511972,78.82353131456549,104.69956150327418,72.01765911669168,5.12291953499515,1.1771622991630792,1.0000093386923932,1.0000004716511306,1.0000089033906883,0.9999962701420723,0.0,595.6458966769973,405.50337215421456,405.50337215421405,697.9372319904446,1190.4993292382164,763.3780713076335,248.266803894054,205.1113307541356,49.036304550554235,71.13421343915635,0.02439176449165359,0.014381827630245425,True,,123.0,600.0,0,False,3.1871600994521208,0.02
refine_mild_0.02_R1.260_C0.800,modifier,mild,1.26,0.8,130.0,80.0,129.01287026934924,80.18649564356137,ok,125.74295816899394,125.70837534709356,81.04222970717389,104.60948995212419,72.01646327775472,5.118799995975834,1.1771388548201056,1.0000082741644762,1.0000004178870934,1.0000059374338386,0.9999977454967113,0.0,597.5794439937455,414.12892481325423,414.1289248132522,700.7492336820876,1187.1780234338928,766.8459591183421,249.0685440582002,206.12788003738524,44.66614563991968,71.0781918883399,0.0224827238244103,0.014029955289927898,True,,124.0,600.0,0,False,11.651967478840303,0.02
refine_mild_0.02_R1.280_C0.620,modifier,mild,1.28,0.62,130.0,80.0,129.01287026934924,80.18649564356137,ok,116.3710193829902,131.55715723267764,76.17248896465901,105.35271893906439,72.01530078075754,5.079489821131814,1.1952444761053491,0.9999178735308867,0.9999958521985298,0.9999672233544702,1.0000080532282292,0.0,586.6479938812267,388.56688020359354,388.56688020359354,686.5647741906487,1177.645502103555,750.3392563794592,244.5191814464838,201.48615471040682,55.38466826801863,70.53348060845775,0.013995583944847567,0.009145892415460821,True,,114.0,600.0,0,False,22.58564577003564,0.02
refine_mild_0.02_R1.280_C0.640,modifier,mild,1.28,0.64,130.0,80.0,129.01287026934924,80.18649564356137,ok,112.07861524701002,130.84170992770913,76.93502777677024,105.34157443903871,72.01608708752795,5.078979760242936,1.1952510149322024,0.9999680290173278,0.9999983853039044,0.9999891086317265,1.0000020831427816,0.0,587.61359785586,391.87332792016787,391.87332792016787,687.9336888732107,1178.1357197703642,751.9976158886818,244.9210330441656,201.96519957295328,53.90668215093889,70.52562789297302,0.017179307507461772,0.012053399772725015,True,,110.0,600.0,0,False,13.916697784765212,0.02
refine_mild_0.02_R1.260_C0.760,modifier,mild,1.26,0.76,130.0,80.0,129.01287026934924,80.18649564356137,ok,150.69637470098678,126.739880351382,79.98377939227007,104.6566878262853,72.01507332951918,5.120644887148756,1.177160755120401,0.9998959016888668,0.9999947425095388,0.9999572817754655,1.0000108191942219,0.0,596.7451324283915,410.07489678085705,410.0748967808579,699.5185929883185,1189.4592303341567,765.3178806779404,248.723048925223,205.67662918816262,46.75610095911193,71.10518187933009,0.01401107192833706,0.008731219049181504,True,,148.0,600.0,0,False,5.207577045718308,0.02
refine_mild_0.02_R1.280_C0.600,modifier,mild,1.28,0.6,130.0,80.0,129.01287026934924,80.18649564356137,ok,137.07324226998026,132.3034886135904,75.35991755462584,105.35460371676547,72.0086201481071,5.079877826470612,1.1951578291333012,0.9994762064155323,0.9999735457785622,0.9997777954520922,1.000058422259737,0.0,585.5914905330521,384.9678727314066,384.9678727314056,685.0682778606201,1177.1108931918748,748.5210534316636,244.07959180380232,200.96284721074682,56.94357105896455,70.54541270228947,0.01597635871030434,0.007223131715875297,True,,134.0,600.0,0,False,34.124025136048985,0.02
refine_mild_0.02_R1.260_C0.780,modifier,mild,1.26,0.78,130.0,80.0,129.01287026934924,80.18649564356137,ok,151.74707549801678,126.21363732497932,80.52549988478405,104.63479234015452,72.01618443592926,5.119752115909694,1.1771493036912895,0.9999754914432742,0.9999987621941058,0.9999921703302531,1.0000013430385977,0.0,597.1922732703475,412.16667371769597,412.16667371769495,700.1701136881256,1188.2897136604743,766.1235197421962,248.90844678996473,205.9127201697888,45.68813744019526,71.09168801444335,0.017862397514562645,0.011126135700578743,True,,149.0,600.0,0,False,7.9506289524128535,0.02
refine_mild_0.02_R1.280_C0.660,modifier,mild,1.28,0.66,130.0,80.0,129.01287026934924,80.18649564356137,ok,117.47827635298017,130.15612240016537,77.65918884486985,105.32635176296026,72.01704010951974,5.078468583932965,1.1952322133540128,1.0000269191764446,1.000001359554366,1.000014920150457,0.9999951653216912,0.0,588.4689951372135,394.9524163249846,394.95241632498403,689.1533398952217,1178.5318843382997,753.4879664845448,245.27661506861995,202.39775761210757,52.49693355529553,70.5175966161605,0.019430673773086937,0.01352697511336487,True,,115.0,600.0,0,False,7.694305089328049,0.02
refine_mild_0.02_R1.280_C0.760,modifier,mild,1.28,0.76,130.0,80.0,129.01287026934924,80.18649564356137,ok,112.5825744390022,127.16920981166419,80.77347500615647,105.22610928622358,72.01436399111743,5.073804544383828,1.195183436486202,0.9998976282938734,0.999994829711812,0.9999565018531609,1.0000114228417272,0.0,591.5510302003217,407.4973787416325,407.4973787416325,693.5703220536577,1176.8485088058187,758.8960361978036,246.55617329879829,203.9730619496044,46.395734805507715,70.45545170696298,0.011207603108459807,0.008700700698781816,True,,110.0,600.0,0,False,3.743628655343989,0.02
refine_mild_0.02_R1.280_C0.740,modifier,mild,1.28,0.74,130.0,80.0,129.01287026934924,80.18649564356137,ok,120.58002758101793,127.71804749410708,80.2130653605235,105.25019138351337,72.01678148749093,5.075239559934357,1.1952063875785264,1.0000065435275602,1.0000003304811886,1.0000061111460026,0.9999975569125393,0.0,591.0755148090143,405.32186661789996,405.32186661789876,692.8878411658786,1177.9701214768977,758.0572266142793,246.35886929871302,203.72782083237325,47.50498213358358,70.47301274933966,0.022183359334192687,0.013851659217365864,True,,118.0,600.0,0,False,1.677271969145239,0.02
refine_mild_0.02_R1.280_C0.720,modifier,mild,1.28,0.72,130.0,80.0,129.01287026934924,80.18649564356137,ok,126.37532205702155,128.28898583561661,79.61951412365381,105.27209687851152,72.01599793452311,5.0759760289002624,1.1952205641016016,0.9999611974358278,0.999998040274537,0.9999860196194175,1.000003006106775,0.0,590.5485749398299,402.97521130929823,402.9752113092975,692.1127003987004,1179.2195553416723,757.1010481324602,246.14048947859143,203.4478016303055,48.6694717119628,70.48400597760703,0.017329564683308263,0.010293833319508394,True,,124.0,600.0,0,False,0.8454767173170816,0.02
refine_mild_0.02_R1.280_C0.680,modifier,mild,1.28,0.68,130.0,80.0,129.01287026934924,80.18649564356137,ok,140.28885438200086,129.5016461561015,78.34434671389823,105.30717368149095,72.0152689329206,5.07752138883852,1.195229525376458,0.9999730563164371,0.9999986392079022,0.9999897767066406,1.0000023539284983,0.0,589.2265636618163,397.8001274412122,397.800127441211,690.2317159463695,1178.8824416940115,754.8018806394471,245.5912630814412,202.77963306999476,51.157299442203254,70.50617826016912,0.011899718323149955,0.012181107978094019,True,,137.0,600.0,0,False,3.632414546529499,0.02
refine_mild_0.02_R1.280_C0.700,modifier,mild,1.28,0.7,130.0,80.0,129.01287026934924,80.18649564356137,ok,140.4415758360119,128.88227778987672,78.99788440754098,105.29021243522803,72.01500384622881,5.076699359013714,1.1952175329480816,0.9998942062681991,0.9999946568822322,0.9999564593656883,1.0000110709123167,0.0,589.9378059625187,400.47171933214327,400.4717193321432,691.241737183469,1179.187222688227,756.033854808849,245.88684386847098,203.1360011329607,49.884393382335745,70.49502309065787,0.013727895184160843,0.008915037400313963,True,,138.0,600.0,0,False,1.4298510660887034,0.02
refine_mild_0.02_R1.280_C0.780,modifier,mild,1.28,0.78,130.0,80.0,129.01287026934924,80.18649564356137,ok,122.26829872198869,126.64685003423821,81.31229707938294,105.20444304998747,72.01443423911681,5.07284001676576,1.1951681938274623,0.9998854764441063,0.9999942159820264,0.9999528868539453,1.0000120025904446,0.0,592.0039316465422,409.5552389474192,409.55523894741975,694.228475827756,1175.7686366924404,759.7070849169995,246.74418621026916,204.2101091715717,45.33455295485527,70.44198944786397,0.008824160629927746,0.006350934024553112,True,,119.0,600.0,0,False,6.865480625852733,0.02
refine_mild_0.02_R1.300_C0.620,modifier,mild,1.3,0.62,130.0,80.0,129.01287026934924,80.18649564356137,ok,117.21139498701086,131.9634318757292,76.97696432184107,105.91748339395453,72.01746985090392,5.033963036318392,1.213257454485891,1.0000513365947858,1.0000025927573115,1.0000254771541406,0.9999923466097497,0.0,581.8139998738209,386.270486273506,386.27048627350393,681.1067673597747,1166.828473073213,744.4929068399285,242.50281257455487,199.944912075478,54.98646755388815,69.89919316438201,0.022497920621077583,0.013748202297279022,True,,115.0,600.0,0,False,19.006905098147286,0.02
refine_mild_0.02_R1.300_C0.660,modifier,mild,1.3,0.66,130.0,80.0,129.01287026934924,80.18649564356137,ok,128.83467569801724,130.5690800758872,78.45411912120716,105.8887315596595,72.0156187973329,5.0324540305902055,1.213266423809158,0.9999397509154673,0.9999969571169434,0.9999765659251342,1.0000056019028998,0.0,583.5644413049761,392.54736017707216,392.54736017707216,683.5768513845453,1167.7132723149268,747.492190242164,243.23062749771302,200.8119568646905,52.11496095468004,69.8800359509871,0.01665987874409325,0.009935747223082103,True,,126.0,600.0,0,False,5.422917377169014,0.02
refine_mild_0.02_R1.300_C0.680,modifier,mild,1.3,0.68,130.0,80.0,129.01287026934924,80.18649564356137,ok,117.34898141000303,129.91955609962977,79.14010454286637,105.87239497552534,72.01708634733212,5.032022645709288,1.2132635858634897,0.9999961044025902,0.9999998032526568,1.0000000000027676,0.9999990663102656,0.0,584.2819638038706,395.3846231567105,395.38462315671245,684.6070839182237,1168.012870608387,748.7512607022701,243.52864348598297,201.1786484662747,50.779451556763405,69.872621914198,0.02238075059509015,0.012316053006486527,True,,115.0,600.0,0,False,1.9170135304452094,0.02
refine_mild_0.02_R1.300_C0.640,modifier,mild,1.3,0.64,130.0,80.0,129.01287026934924,80.18649564356137,ok,151.89569886901882,131.24767262886334,77.73282777291575,105.90213306362081,72.01482822571018,5.033044535278593,1.2132759914033522,0.9998934544159384,0.9999946189098958,0.9999558273171928,1.000011316687057,0.0,582.7331520929511,389.50961060555716,389.5096106055578,682.3989546169353,1167.3323090629797,746.0641647606778,242.8849227142872,200.3984590836608,53.51484485594759,69.88900285235611,0.011032755649694082,0.008972732633196756,True,,149.0,600.0,0,False,11.014827605528412,0.02
refine_mild_0.02_R1.300_C0.740,modifier,mild,1.3,0.74,130.0,80.0,129.01287026934924,80.18649564356137,ok,134.43719466999755,128.13850941701247,80.99279674606393,105.81154861050481,72.01444830814111,5.028973109587257,1.2132012422676597,0.9998781895635773,0.9999938479577568,0.9999499348029142,1.0000127455579513,0.0,586.0395211812292,402.7784016146011,402.7784016146014,687.1242483875355,1165.6747317460104,751.8368200962746,244.25845347031526,202.07680536689458,47.14571267094854,69.83283532311307,0.011731017284404288,0.006425719307713962,True,,131.0,600.0,0,False,1.4146283679959144,0.02
refine_mild_0.02_R1.300_C0.720,modifier,mild,1.3,0.72,130.0,80.0,129.01287026934924,80.18649564356137,ok,150.98762831301428,128.70513045950412,80.40402440966551,105.83230514191057,72.01431152311932,5.029953840275372,1.213224263661131,0.9998782166492227,0.999993849325717,0.9999497181368677,1.0000128569282691,0.0,585.524719720001,400.46846557241815,400.46846557241645,686.3803792017236,1166.8555273398629,750.9220439169333,244.04486041428515,201.80932124460477,48.30110604983861,69.84658651718924,0.00810363096832134,0.006622361130212084,True,,148.0,600.0,0,False,0.14202255464629754,0.02
refine_mild_0.02_R1.320_C0.640,modifier,mild,1.32,0.64,130.0,80.0,129.01287026934924,80.18649564356137,ok,110.37178737600334,131.64828249297003,78.52137077132328,106.4558881113434,72.01624167492886,4.988326673326778,1.231291094992384,1.0000092628674604,1.0000004678215888,1.000005841414744,0.9999978487596666,0.0,577.9167620049618,387.17773358018826,387.1777335801902,676.9343517464091,1156.6775433202415,740.1934960753863,240.87557055101308,198.84749241568824,53.12691172164675,69.2666898092708,0.02129170025139615,0.015228940015191483,True,,108.0,600.0,0,False,9.718038428555811,0.02
refine_mild_0.02_R1.320_C0.600,modifier,mild,1.32,0.6,130.0,80.0,129.01287026934924,80.18649564356137,ok,134.39654503500788,133.10947820667448,76.96866758273957,106.48136530177024,72.01504597948681,4.989105579971785,1.2312971149559608,0.9999016731296887,0.9999950339964484,0.999959644898704,1.0000102318891755,0.0,576.0779874164582,380.48733156953955,380.4873315695393,674.3294672407446,1155.7514928026199,737.0254291894653,240.11125006497787,197.92945978577086,56.14081062393491,69.27865576025475,0.014018413506363459,0.00953520759985338,True,,131.0,600.0,0,False,27.1366140211684,0.02
refine_mild_0.02_R1.320_C0.660,modifier,mild,1.32,0.66,130.0,80.0,129.01287026934924,80.18649564356137,ok,120.08358972601127,130.9689637829266,79.23547821184123,106.44003747739197,72.01427944662105,4.987318761925325,1.231274494273141,0.9998729483791964,0.9999935832514737,0.9999475280863428,1.0000134198647639,0.0,578.7155013198208,390.1585126805973,390.1585126805953,678.0532353657,1157.0892792306106,741.5510265337768,241.2078902485315,199.23948280000576,51.73348557108538,69.25458117819622,0.00786220427033868,0.007309741694882632,True,,118.0,600.0,0,False,4.7307359892950505,0.02
refine_mild_0.02_R1.320_C0.680,modifier,mild,1.32,0.68,130.0,80.0,129.01287026934924,80.18649564356137,ok,113.52358926698798,130.32400353595168,79.91687130194241,106.42381687098867,72.01430161605695,4.9867082467889965,1.23125888643704,0.9998660192892216,0.9999932332974366,0.9999447313081457,1.0000141215949423,0.0,579.4167188389251,392.95128953468543,392.95128953468634,679.0575762487216,1157.2098481484065,742.7787287181575,241.49924637032484,199.5959406906478,50.40713223400927,69.24608216539471,0.011404542641088256,0.006418004311626646,True,,111.0,600.0,0,False,1.791767728385044,0.02
refine_mild_0.02_R1.320_C0.620,modifier,mild,1.32,0.62,130.0,80.0,129.01287026934924,80.18649564356137,ok,133.34552555100527,132.36024039627034,77.7662165375529,106.4708698401898,72.01619906749215,4.988760441964767,1.2312953269061437,0.9999856246770515,0.9999992739735879,0.9999960771992482,1.0000005317638676,0.0,577.0534730540385,383.9586240151889,383.95862401518684,675.7045220140546,1156.2509822087213,738.6950171402896,240.5169548957714,198.41146156929761,54.594023858717435,69.27275399926896,0.018039292187893352,0.012020346591086195,True,,131.0,600.0,0,False,17.062637717584956,0.02
refine_mild_0.02_R1.280_C0.800,modifier,mild,1.28,0.8,130.0,80.0,129.01287026934924,80.18649564356137,ok,228.44857391002006,126.45603176098588,82.2257446850275,105.51938698268292,72.01351557115046,5.058864418519024,1.2022999938999048,0.9998913654899764,0.9999945134085849,0.9999550165940854,1.000011536783758,0.0,594.956050296202,403.9640684442176,403.964068444218,697.4428193595472,1183.957147894173,763.5591327437485,247.83060460682304,205.6731894890168,44.23028707595839,70.24881896677836,0.006352032715469136,0.008034196203496435,True,,225.0,893.0,0,False,10.695959810970244,0.02
refine_mild_0.02_R1.320_C0.700,modifier,mild,1.32,0.7,130.0,80.0,129.01287026934924,80.18649564356137,ok,118.67335070099216,129.70841501217643,80.56403084840807,106.40546460895409,72.01555887817295,4.985985558304493,1.2312523340322823,0.9999395528364038,0.9999969471129493,0.9999756999254457,1.0000060633215908,0.0,580.0202463494601,395.5549438944921,395.55494389449177,679.9146122740513,1155.919925218629,743.8298947420212,241.74982160595383,199.90378006218236,49.144384163768365,69.23483808185351,0.013354896450493925,0.008671581823080032,True,,116.0,600.0,0,False,0.6263153201731846,0.02
refine_mild_0.02_R1.300_C0.760,modifier,mild,1.3,0.76,130.0,80.0,129.01287026934924,80.18649564356137,ok,186.92553275401588,127.88369990667196,81.93737443739684,106.10968073613165,72.01405323763015,5.01527148989153,1.2202976793643507,0.9999359101363303,0.9999967631381985,0.9999723200612531,1.0000074931053664,0.0,588.6295886781916,391.328523246391,391.3285232463903,690.3325697334619,1167.9852474773852,755.483967656408,245.33751996206783,203.08342895722427,45.94632546927512,69.64295529016071,0.0176542627779952,0.013335447217755814,True,,184.0,878.0,0,False,4.340602258651466,0.02
refine_mild_0.02_R1.300_C0.780,modifier,mild,1.3,0.78,130.0,80.0,129.01287026934924,80.18649564356137,ok,213.7093808960053,127.34558048073592,82.44550670419501,106.06439243285708,72.01429250231583,5.014920261751714,1.2197978354655863,0.999936991907615,0.9999968177731122,0.9999744022250615,1.0000064731667693,0.0,588.8038112541033,394.3101119859765,394.31011198597577,690.1564573796671,1166.717490839359,755.5763553858279,245.25400503733897,203.23933563652673,44.90007377654091,69.63784670370045,0.01279756721626768,0.011238072630021634,True,,211.0,859.0,0,False,7.882986211279361,0.02
refine_mild_0.02_R1.340_C0.600,modifier,mild,1.34,0.6,130.0,80.0,129.01287026934924,80.18649564356137,ok,122.86606686899904,133.49190341146635,77.74947852120229,107.0244361457125,72.0147004269949,4.944965425132676,1.2493132693770885,0.9999321368588248,0.9999965725686275,0.9999714661852375,1.000007403824019,0.0,571.404411342344,378.2384912850699,378.23849128506873,669.0326692693159,1145.368428204934,731.3458159249119,238.1614699173607,196.43074200678583,55.74242489026406,68.66605562215241,0.012804190604981613,0.011292628813166061,True,,121.0,600.0,0,False,26.00079034285487,0.02
refine_mild_0.02_R1.320_C0.740,modifier,mild,1.32,0.74,130.0,80.0,129.01287026934924,80.18649564356137,ok,195.48943520899047,128.81972776919577,82.13091908653355,106.66417309268672,72.01360834223885,4.970887165972768,1.2382798922628135,0.9999012489833946,0.9999950125749187,0.9999567519617785,1.0000111894907349,0.0,584.3907105208898,393.63190013370746,393.63190013370763,685.1557962403522,1161.5261858210908,750.2282136993226,243.40214390732612,202.10071160936582,46.68880868266221,69.02705308625876,0.013572950483535351,0.008768814622754917,True,,192.0,863.0,0,False,3.818086550945321,0.02
refine_mild_0.02_R1.320_C0.760,modifier,mild,1.32,0.76,130.0,80.0,129.01287026934924,80.18649564356137,ok,165.76708474601037,128.26987798864818,82.67175109310142,106.6298379614894,72.01196415798675,4.970177559131489,1.2379605721439872,0.9997944118067179,0.9999896167579148,0.9999143018141364,1.0000221667028537,0.0,583.3679207001613,396.1112863403789,396.11128634037925,684.2846520326937,1161.4858362614739,748.9355442390599,243.14305834508974,201.43047246029863,45.598126895546756,69.01877510558435,0.013822407245811519,0.009228209871878335,True,,164.0,853.0,0,False,6.7285321786498695,0.02
refine_mild_0.02_R1.320_C0.780,modifier,mild,1.32,0.78,130.0,80.0,129.01287026934924,80.18649564356137,ok,163.7640681269986,127.7397985005586,83.19156879969287,106.5940148395632,72.01273274619473,4.969499302394218,1.2377234457029447,0.9998584742590819,0.9999928522353074,0.9999398657960277,1.0000158230307732,0.0,583.6598805012737,397.884219532845,397.8842195328459,684.7379682899679,1161.3876403441,749.5084757815222,243.2638008770942,201.51134174583748,44.54822970086573,69.00861990488501,0.009808202833269775,0.007516729803342059,True,,161.0,844.0,0,False,10.651176402193846,0.02
refine_mild_0.02_R1.320_C0.720,modifier,mild,1.32,0.72,130.0,80.0,129.01287026934924,80.18649564356137,ok,209.11684397698264,129.40235972350146,81.56970133509094,106.70632689309559,72.0138413661624,4.9710407391839775,1.2387064313453289,0.9999116310421045,0.9999955369213185,0.9999637984086149,1.000009184509445,0.0,584.3404646303344,384.0840297664138,384.0840297664124,685.2943264741552,1161.5747023917884,750.2329655564452,243.46585767403678,201.8973885274444,47.83265838841052,69.028962278351,0.009003825401975973,0.009539567547165007,True,,206.0,879.0,0,False,2.0649600199755898,0.02
refine_mild_0.02_R1.320_C0.800,modifier,mild,1.32,0.8,130.0,80.0,129.01287026934924,80.18649564356137,ok,168.03603349498007,127.23261480331672,83.68130480994289,106.55741621143736,72.01208988641402,4.968997012386354,1.237416502565427,0.9997970149538125,0.9999897482299906,0.9999152974106724,1.0000219253303748,0.0,583.9073413646328,394.36204018567594,394.3620401856757,685.1274955144436,1161.235250561288,750.006957829336,243.3660511557954,201.66219543818988,43.551309993373835,69.00226087347338,0.014353027710342303,0.009565981816251679,True,,166.0,834.0,0,False,15.383000633762904,0.02
refine_mild_0.02_R1.340_C0.640,modifier,mild,1.34,0.64,130.0,80.0,129.01287026934924,80.18649564356137,ok,119.95779459000914,132.04118423633383,79.2947700922918,107.00113793999815,72.01487895159379,4.943849131533209,1.2492929225415508,0.9999170549012377,0.9999958108535987,0.9999664720556294,1.0000083913697106,0.0,573.203996139288,384.8306163646174,384.83061636461696,671.5745561760973,1146.297007101195,734.431176319427,238.90999234833356,197.32179924033846,52.746414144042035,68.65038452479125,0.011742416825427426,0.007797276717553814,True,,117.0,600.0,0,False,9.965859941421016,0.02
refine_mild_0.02_R1.340_C0.660,modifier,mild,1.34,0.66,130.0,80.0,129.01287026934924,80.18649564356137,ok,120.7870869130129,131.36342167455655,80.00771192980338,106.98332152294662,72.01508733087456,4.943417037426836,1.2492762976700684,0.999947800772576,0.9999973636753821,0.999977937491095,1.0000057440762165,0.0,573.9174803617207,387.79027420332784,387.79027420332784,672.5918778335163,1146.511317336651,735.6749191044112,239.2061328369815,197.684783325375,51.35570974475317,68.64418583170247,0.016807973545212462,0.011726165050731652,True,,119.0,600.0,0,False,5.557055524827171,0.02
refine_mild_0.02_R1.340_C0.620,modifier,mild,1.34,0.62,130.0,80.0,129.01287026934924,80.18649564356137,ok,152.9496088779997,132.74898345128634,78.543213389089,107.01402043406605,72.01445567650578,4.944494110189987,1.2493003933176297,0.9998867348787958,0.9999942795393337,0.9999534300793484,1.0000118567041807,0.0,572.3679459934588,381.6584160009515,381.6584160009506,670.3892000259751,1145.8930929851267,732.9904613056354,238.56248580140408,196.90504460256957,54.20577006219733,68.65974426580432,0.008982822895944764,0.007457322721649007,True,,150.0,600.0,0,False,16.658918276107947,0.02
refine_mild_0.02_R1.340_C0.740,modifier,mild,1.34,0.74,130.0,80.0,129.01287026934924,80.18649564356137,ok,159.75729695800692,129.19645343852906,82.85804229546125,107.17580928608695,72.01187110682018,4.926887679335271,1.2558921054224954,0.9997932724051863,0.9999895592123833,0.9999135998385328,1.0000223334085465,0.0,577.909583351993,391.93408428670017,391.9340842866977,677.8902825318042,1150.6269717696514,741.9268991858721,240.86741603573813,199.4574228175847,46.338411143067816,68.41771507404492,0.01338828973280215,0.009154640234953604,True,,157.0,839.0,0,False,7.170864293283534,0.02
refine_mild_0.02_R1.340_C0.780,modifier,mild,1.34,0.78,130.0,80.0,129.01287026934924,80.18649564356137,ok,162.97221238099155,128.1201803669249,83.91154979622765,107.10454813908291,72.0127185488236,4.92578559405299,1.2553467556226952,0.9998595734671125,0.9999929077508647,0.9999402632707916,1.0000157391642943,0.0,578.4940297608988,390.2795253507142,390.2795253507154,678.7971007672,1150.4218189487447,743.0731027522032,241.10919320917844,199.79813803947172,44.20863057069725,68.40160590123226,0.011619481802313203,0.00816351924719072,True,,161.0,820.0,0,False,14.672923702186628,0.02
refine_mild_0.02_R1.340_C0.800,modifier,mild,1.34,0.8,130.0,80.0,129.01287026934924,80.18649564356137,ok,154.68278944600024,127.61930493216249,84.4044998106317,107.0729758221947,72.01205510644732,4.924973556437424,1.2551731146314766,0.9997985734714199,0.999989826943001,0.9999159338904896,1.0000217749611946,0.0,578.7526303929326,392.46668974538454,392.4666897453854,679.1954966079069,1150.3278570601392,743.5783484950742,241.21610055590713,199.9505516580159,43.21480512153079,68.39095966859145,0.01383089644430413,0.009537107778257337,True,,152.0,815.0,0,False,19.7335835024311,0.02
refine_mild_0.02_R1.340_C0.760,modifier,mild,1.34,0.76,130.0,80.0,129.01287026934924,80.18649564356137,ok,187.7548994999961,128.6466871821759,83.39755744039972,107.14050859158772,72.01311061436142,4.926383411199413,1.25564986658868,0.9998751618170889,0.9999936950412669,0.9999474607837451,1.0000136973555542,0.0,578.2084475296963,392.97496885351393,392.97496885351836,678.3585676912201,1150.5445274722642,742.5191070362707,240.99090914201713,199.63385166493066,45.24912974177617,68.40953500232435,0.009530780409875206,0.006725438555591268,True,,185.0,830.0,0,False,10.445007916446537,0.02
refine_mild_0.02_R1.340_C0.700,modifier,mild,1.34,0.7,130.0,80.0,129.01287026934924,80.18649564356137,ok,205.5924478500092,130.37161609864856,81.70093401637915,107.24859746392205,72.01208793146051,4.927519006443044,1.2565966443851844,0.9997984423238135,0.9999898203193844,0.9999158980060763,1.000021692166304,0.0,578.7651547798002,379.6412620405338,379.6412620405321,678.7403990777275,1150.6493402337596,743.0305572525174,241.14252928797413,199.95652045430762,48.67068208226941,68.4262760320593,0.01420534359496628,0.009197866865079618,True,,202.0,863.0,0,False,4.139713813701267,0.02
refine_mild_0.02_R1.360_C0.620,modifier,mild,1.36,0.62,130.0,80.0,129.01287026934924,80.18649564356137,ok,118.726820314012,133.12868699356923,79.3086121763536,107.54663332951061,72.01366980909927,4.900969226748334,1.2672893119889654,0.9998530009275922,0.999992575804423,0.9999380206254507,1.0000161897723627,0.0,567.7166702849922,379.37428719675023,379.37428719675125,665.0922368489496,1135.681137798344,727.2941559777435,236.62199854293965,195.39813390723555,53.82007481721563,68.05609601260834,0.011582116229106987,0.00931753662420931,True,,117.0,600.0,0,False,17.710626689365753,0.02
refine_mild_0.02_R1.360_C0.640,modifier,mild,1.36,0.64,130.0,80.0,129.01287026934924,80.18649564356137,ok,119.04820921100327,132.4234535842249,80.0578095713923,107.53249135098986,72.01353146943887,4.9004765162723505,1.2672743849726813,0.9998499657915242,0.9999924225147241,0.9999364084563072,1.0000166987723165,0.0,568.5281206033051,382.51468146022023,382.51468146021864,666.2483878763053,1136.0920922329958,728.7013125941412,236.95963466416498,195.80506186182066,52.36564401283259,68.04938483473785,0.004825889498931701,0.00787098602782521,True,,116.0,600.0,0,False,11.648638652878493,0.02
refine_mild_0.02_R1.340_C0.720,modifier,mild,1.34,0.72,130.0,80.0,129.01287026934924,80.18649564356137,ok,214.93158281498472,129.76979439733014,82.2956063444607,107.2122948374367,72.01124393255932,4.926938173240123,1.2563474165041646,0.999720636210802,0.9999858907177167,0.9998806640154001,1.0000315583687929,0.0,577.616939349395,382.4611770742585,382.46117707425617,677.4225356715037,1145.9318704794505,741.3280378336968,240.74617522839276,199.2778032794892,47.47418805286945,68.41901214558033,0.007823779177158485,0.0034010386864338216,True,,212.0,853.0,0,False,5.021282084167689,0.02
refine_mild_0.02_R1.340_C0.680,modifier,mild,1.34,0.68,130.0,80.0,129.01287026934924,80.18649564356137,ok,224.36113784599002,131.0114105878787,81.09792769667777,107.29877420924095,72.01535791397448,4.9274093673102115,1.2573525739050873,0.9999420688081474,0.9999970741822299,0.99997675868898,1.0000056918986011,0.0,582.0076924185448,375.80125256080487,375.801252560804,682.970707898839,1150.735335551622,748.2430021857381,242.4102556250877,201.64396983567866,49.913482891200914,68.42164657705679,0.013845856189590222,0.012532453633099294,True,,221.0,889.0,0,False,4.824871792235772,0.02
refine_mild_0.02_R1.360_C0.600,modifier,mild,1.36,0.6,130.0,80.0,129.01287026934924,80.18649564356137,ok,147.3434193180001,133.87639929996433,78.52114519978406,107.56194924227587,72.01547478293011,4.901734758139231,1.2673122309954645,0.9999441362592723,0.9999971785989528,0.9999775625425054,1.0000055686734521,0.0,566.8333742358695,376.00390945841207,376.0039094584096,663.8448293122161,1135.2032900950132,725.779767241417,236.25491920689996,194.96122340969646,55.355254100180275,68.06502037116462,0.013692721860110169,0.009499958408582643,True,,144.0,600.0,0,False,26.427306732225126,0.02
refine_mild_0.02_R1.360_C0.700,modifier,mild,1.36,0.7,130.0,80.0,129.01287026934924,80.18649564356137,ok,164.85167293201084,130.7404730738371,82.43061982778991,107.75748559288984,72.01235731046853,4.884447882038471,1.2743672194481632,0.9998000780153933,0.9999899029300701,0.9999168439605683,1.0000214834156405,0.0,573.2743540403146,384.430850304452,384.4308503044516,672.0685847860527,1140.082694190517,735.8281802365457,238.7720178299508,198.21162272970625,48.3098532460472,67.82791265921263,0.016024346424870828,0.009830215052787139,True,,162.0,844.0,0,False,8.02070480431377,0.02
refine_mild_0.02_R1.360_C0.660,modifier,mild,1.36,0.66,130.0,80.0,129.01287026934924,80.18649564356137,ok,174.1414380929782,132.02597687206674,81.16965545897988,107.83497455612769,72.01193423331092,4.884075383782269,1.2753748163541623,0.9997961453511222,0.9999897043106631,0.9999147348557269,1.0000220546318488,0.0,576.7561835610582,377.5646569795928,377.5646569795899,676.8477218283708,1140.137396307331,741.5433547921492,240.22320585103694,199.84121356877657,50.85632141308686,67.8231384253392,0.01392639366966364,0.009051117002073283,True,,172.0,879.0,0,False,10.045414621993537,0.02
refine_mild_0.02_R1.360_C0.680,modifier,mild,1.36,0.68,130.0,80.0,129.01287026934924,80.18649564356137,ok,173.52261578000616,131.35447185145233,81.80020375457987,107.78267712143676,72.01274677273099,4.884853271788853,1.274543279539876,0.9998558950008434,0.9999927219697395,0.999938862820176,1.0000160651071257,0.0,574.8682128551283,375.25909141145155,375.25909141144984,674.2822984897011,1139.937138843792,738.4852918754989,239.43637012140715,198.97003962778422,49.55426809687246,67.83317524611624,0.00987555643257565,0.0075162373037187535,True,,171.0,849.0,0,False,8.087151836874604,0.02
refine_mild_0.02_R1.360_C0.760,modifier,mild,1.36,0.76,130.0,80.0,129.01287026934924,80.18649564356137,ok,177.2435788240109,129.02574319768246,84.12051178635724,107.65149834829754,72.0124153843969,4.883067859707748,1.273474834596725,0.9998058415225547,0.9999901940162911,0.999919151280166,1.0000208317748958,0.0,573.1935150265633,384.6019314691372,384.6019314691364,672.5919726888872,1139.884587453611,736.2754716157793,238.8990123807667,197.97340881606166,44.90523141132522,67.80869428753773,0.015469394673459647,0.009619748188143262,True,,174.0,815.0,0,False,15.47664872406236,0.02
refine_mild_0.02_R1.360_C0.740,modifier,mild,1.36,0.74,130.0,80.0,129.01287026934924,80.18649564356137,ok,190.79656257398892,129.56922112618963,83.57935356008349,107.68320309560882,72.01183018276413,4.883780034701677,1.2736324487417399,0.9997920848213862,0.9999894992334029,0.9999130566655852,1.0000224079923312,0.0,572.9083960466166,388.29716084045344,388.2971608404514,672.1460861459902,1139.9630735328296,735.7108211806144,238.78145591837705,197.80427593813064,45.98986756610614,67.81913502693617,0.013204166487099656,0.009203263094278213,True,,188.0,820.0,0,False,11.82101111761385,0.02
refine_mild_0.02_R1.360_C0.720,modifier,mild,1.36,0.72,130.0,80.0,129.01287026934924,80.18649564356137,ok,203.0133945470152,130.1334035793173,83.01039780230137,107.7125871238773,72.01270840362389,4.884430760791514,1.2738179790366793,0.9998384378743269,0.9999918402966828,0.9999315047115596,1.0000179878619828,0.0,571.6881971909974,381.2241122071838,381.22411220718277,669.9079397127475,1133.877108540289,733.2499179197855,238.1111859729971,197.47570276542808,47.12300577701593,67.82734421561786,0.004577122558288238,0.007437217733880175,True,,200.0,825.0,0,False,9.23001830088441,0.02
refine_mild_0.02_R1.380_C0.600,modifier,mild,1.38,0.6,130.0,80.0,129.01287026934924,80.18649564356137,ok,117.458206684998,134.24401854339987,79.27844001551728,108.0852180375515,72.01334133180643,4.859054444843247,1.2852868237028248,0.9998345678170198,0.9999916448392439,0.9999297613019947,1.0000184775014995,0.0,562.317065125307,373.7755826653673,373.7755826653648,658.7271250599974,1125.2409676504144,720.2859133017548,234.37113765251232,193.5079150298456,54.9655785278826,67.47436454107607,0.004998191217310932,0.008241697467809672,True,,115.0,600.0,0,False,28.189477288725538,0.02
refine_mild_0.02_R1.360_C0.780,modifier,mild,1.36,0.78,130.0,80.0,129.01287026934924,80.18649564356137,ok,149.91822300598142,128.49918634462747,84.62866412646633,107.61316908585769,72.01113017160296,4.882465872553797,1.2731937643714866,0.9997145683748148,0.9999855842613549,0.9998779701752636,1.0000322960844246,0.0,567.731821655643,382.3757015671622,382.37570156716095,664.4728761721999,1133.075212393429,726.7434035130065,236.46286574163446,195.61784006835842,43.87052221816114,67.80154485728598,0.009118795018252968,0.004956182528772501,True,,147.0,805.0,0,False,19.996732005031713,0.02
refine_mild_0.02_R1.360_C0.800,modifier,mild,1.36,0.8,130.0,80.0,129.01287026934924,80.18649564356137,ok,159.65170462301467,128.0045985194842,85.12260915185881,107.58489813506681,72.01218203823576,4.881697990062654,1.273025568933129,0.9997918986722025,0.9999894898319293,0.9999132173207551,1.0000223990859356,0.0,573.7191870014383,390.39078164638727,390.39078164638806,673.3998977873223,1139.6858217769707,737.2959828619673,239.11665888046585,198.2778211775339,42.881989367625394,67.78989126410106,0.015769157658212407,0.010292979809733538,True,,157.0,800.0,0,False,25.38182848837234,0.02
refine_mild_0.02_R1.380_C0.620,modifier,mild,1.38,0.62,130.0,80.0,129.01287026934924,80.18649564356137,ok,179.3939418779919,133.78949330658494,80.50253070103182,108.41219595414772,72.01150222642774,4.840872501850631,1.29432820930304,0.9997498298823817,0.9999873651455753,0.9998934068896044,1.0000281269112667,0.0,573.6242610167999,364.6969384036854,364.6969384036839,673.6035143260256,1129.6310976128239,738.276176457658,238.9195503441428,199.01458971218852,53.28696260555313,67.223601121795,0.013676753133069042,0.007263441087559386,True,,177.0,899.0,0,False,22.916005797401233,0.02
refine_mild_0.02_R1.380_C0.640,modifier,mild,1.38,0.64,130.0,80.0,129.01287026934924,80.18649564356137,ok,168.4858780390059,133.0586703018315,81.20443722592609,108.3642103536634,72.01282062105174,4.841822627385872,1.293471772369733,0.9998639752603441,0.9999931300636538,0.9999423161672112,1.0000151498274394,0.0,571.559922379153,372.6910762257809,372.69107622577934,670.7767322890586,1129.588593604845,734.8959416384594,238.05893833040267,198.05112234859305,51.85423307590543,67.2355642457705,0.00954235613420451,0.007262352757763324,True,,166.0,869.0,0,False,17.404702967940764,0.02
refine_mild_0.02_R1.380_C0.680,modifier,mild,1.38,0.68,130.0,80.0,129.01287026934924,80.18649564356137,ok,187.33006110499264,131.71348210221032,82.5207717068188,108.28232779726966,72.01281653331897,4.842625806495825,1.2922631052837992,0.9998673195722683,0.9999932989682963,0.9999436156859901,1.000014840446139,0.0,567.9278864731193,380.0494286646725,380.04942866467246,665.7982639753408,1129.5530336603933,728.9417209027055,236.54521273600625,196.35339943045807,49.192710395391515,67.24672134237707,0.010871109569848159,0.007844863592865181,True,,184.0,830.0,0,False,12.742149011285935,0.02
refine_mild_0.02_R1.380_C0.660,modifier,mild,1.38,0.66,130.0,80.0,129.01287026934924,80.18649564356137,ok,197.66437567598769,132.37201891942578,81.8800887056494,108.3238131101834,72.01283909733894,4.842492960827816,1.2928382062173693,0.999814508906328,0.9999906317629459,0.9999229307051726,1.0000197865548899,0.0,569.6835866105887,376.4483152950469,376.44831529504427,668.2044014387527,1129.5853454437092,731.8202915935676,237.276754787117,197.1752246877332,50.491930213776385,67.24485552197537,0.018295520632023,0.011019807463796383,True,,195.0,849.0,0,False,14.152137113263796,0.02
refine_mild_0.02_R1.380_C0.800,modifier,mild,1.38,0.8,130.0,80.0,129.01287026934924,80.18649564356137,ok,138.49684034098755,128.35837383724794,85.79865272026923,108.06137972675486,72.01225719363063,4.840247123355643,1.29023075024502,0.9998035111677388,0.9999900763216023,0.9999181478608505,1.0000211439414368,0.0,568.5349343434525,383.8148221342904,383.81482213429246,667.3926675972871,1128.8948259240678,730.7597990201056,236.95414526025044,196.53224597642793,42.55972111697871,67.21421202422404,0.013690232467212127,0.009200262819291538,True,,136.0,766.0,0,False,31.924672633275435,0.02
refine_mild_0.02_R1.380_C0.740,modifier,mild,1.38,0.74,130.0,80.0,129.01287026934924,80.18649564356137,ok,184.68594962501084,129.94080583298128,84.29490070889997,108.18794840334687,72.01200699005425,4.841319754690912,1.2914688119272337,0.9997993365335941,0.9999898654814938,0.9999162872564813,1.0000216497677945,0.0,568.0082688786092,381.4775132578932,381.4775132578922,666.5186871985957,1129.5416072033804,729.6166337976313,236.73765143690173,196.18326749127576,45.64590512408131,67.22934073146384,0.013486442576322588,0.009420530997957144,True,,182.0,805.0,0,False,17.740056591153003,0.02
refine_mild_0.02_R1.380_C0.760,modifier,mild,1.38,0.76,130.0,80.0,129.01287026934924,80.18649564356137,ok,148.32643024198478,129.38735735506188,84.81798431452609,108.14240387532742,72.01130396960724,4.84096613101075,1.2910456702270978,0.9997275406924846,0.9999862394289134,0.9998837824178727,1.0000306876085991,0.0,568.2333974723006,381.50114742377343,381.5011474237753,666.8858352191846,1129.380337547405,730.0930262570749,236.83058653922484,196.32669062026878,44.569373040535794,67.22508639829526,0.009909823528801098,0.003919729163229135,True,,146.0,790.0,0,False,21.590927886640042,0.02
refine_mild_0.02_R1.380_C0.700,modifier,mild,1.38,0.7,130.0,80.0,129.01287026934924,80.18649564356137,ok,205.92808739599423,131.1011094618571,83.14710322742397,108.25667605633465,72.01220879623376,4.842147926179303,1.2920796861717694,0.9998009902595779,0.9999899490030091,0.9999171198955528,1.0000214023012992,0.0,567.2952857617311,376.4867489273809,376.4867489273777,665.4448552987806,1129.6164338596009,728.2766079155851,236.44213440755178,195.78753904615513,47.95400623443314,67.2406527604323,0.014792075352687561,0.009566217298839774,True,,203.0,825.0,0,False,13.125940190750647,0.02
refine_mild_0.02_R1.380_C0.780,modifier,mild,1.38,0.78,130.0,80.0,129.01287026934924,80.18649564356137,ok,152.81084986700444,128.86724709341757,85.3258774152233,108.10742566813339,72.01151913926701,4.840602042469381,1.2906980908402559,0.9997463050889172,0.9999871871257021,0.9998919033365973,1.0000285243501366,0.0,568.4305332705162,381.10925764509625,381.10925764509545,667.2057844014369,1129.1618043874803,730.5048687440403,236.9118371974622,196.45121949097458,43.54136967819427,67.21982955404505,0.012650839849897011,0.007831383058586994,True,,151.0,781.0,0,False,26.434451104259352,0.02
refine_mild_0.02_R1.380_C0.720,modifier,mild,1.38,0.72,130.0,80.0,129.01287026934924,80.18649564356137,ok,211.19959223200567,130.68540548483062,83.99093913445134,108.42767521508516,72.01405904656822,4.831976062875283,1.2970367606271525,0.9999369195515545,0.9999968141187653,0.9999741854089139,1.000006531190825,0.0,568.9556989026103,374.3460579008017,374.34605790080093,667.5511420797604,1131.9544086997662,730.6962407748913,237.1338932068805,196.46022184279838,46.69446635037929,67.09767685433012,0.010505755267899985,0.011088432081493238,True,,209.0,990.0,0,False,17.271164322400406,0.02
refine_mild_0.02_R1.400_C0.720,modifier,mild,1.4,0.72,130.0,80.0,129.01287026934924,80.18649564356137,ok,149.122109361022,130.85630826656453,84.42870954206163,108.7042809759211,72.01228575639057,4.800732435754319,1.3092724414427221,0.9997123502746403,0.9999854722360927,0.9998767932221237,1.0000326729988602,0.0,558.2130979744962,374.5666103629925,374.5666103629908,653.4930340490827,1112.3071634563344,714.8118364967552,232.49782669434467,192.42457589952258,46.4275987245029,66.66546389035135,0.00880955568456443,0.00525243374039519,True,,147.0,791.0,0,False,21.394642410205837,0.02
refine_mild_0.02_R1.400_C0.740,modifier,mild,1.4,0.74,130.0,80.0,129.01287026934924,80.18649564356137,ok,133.97018154000398,130.2911354537311,84.97853453907756,108.66569316639782,72.01249444993807,4.800664914909156,1.3087975048109397,0.9998050493822623,0.9999901540092051,0.999918647746026,1.0000209769651018,0.0,563.0946631472427,380.55577270673564,380.5557727067361,660.8682230291779,1119.1330895110764,723.4962510594396,234.68827334237955,194.55423334638795,45.312600914653544,66.66433306579181,0.01708420058309912,0.01082485511810205,True,,132.0,776.0,0,False,24.597598657742786,0.02
refine_mild_0.02_R1.400_C0.660,modifier,mild,1.4,0.66,130.0,80.0,129.01287026934924,80.18649564356137,ok,162.44887903297786,132.7261934766803,82.59921665938123,108.8213170926013,72.01227358360677,4.800671427413368,1.3106894304110976,0.9998050701589993,0.9999901550585354,0.9999188319926315,1.0000209865954883,0.0,562.8277341410378,371.32021528275726,371.3202152827557,659.8266021383972,1119.426369940008,722.3855702320823,234.42090639779042,194.58593771719814,50.12697681729907,66.66462796567247,0.014871353132519971,0.009497771740271332,True,,161.0,835.0,0,False,19.609991942282207,0.02
refine_mild_0.02_R1.400_C0.640,modifier,mild,1.4,0.64,130.0,80.0,129.01287026934924,80.18649564356137,ok,172.28028870400158,133.3955452220951,81.90611366778758,108.84401591466037,72.01287514729289,4.801003224223508,1.3108738906131914,0.999873120519159,0.9999935919454122,0.9999460703952644,1.000014197288467,0.0,564.5974658097024,371.56089622474633,371.5608962247462,662.2696947140744,1119.2540754159895,725.3230514456845,235.15857957312596,195.42584608985942,51.48943155430753,66.6686785439921,0.011188595257948464,0.007894125019063836,True,,171.0,840.0,0,False,22.164925890669686,0.02
refine_mild_0.02_R1.400_C0.680,modifier,mild,1.4,0.68,130.0,80.0,129.01287026934924,80.18649564356137,ok,167.23309007799253,132.07500462329156,83.24386725039605,108.78442097673322,72.0128099584797,4.800641752096986,1.3102545346173202,0.9998664597418803,0.9999932555425195,0.9999432598612834,1.0000149310286364,0.0,562.1386863190014,377.87101564002603,377.8710156400243,659.3945007486118,1119.4523570028628,721.6330642387063,234.29256514637905,193.99806797120277,48.83113737289551,66.66371934194602,0.01031668517595108,0.007784721445560194,True,,166.0,820.0,0,False,18.72418794387265,0.02
refine_mild_0.02_R1.400_C0.620,modifier,mild,1.4,0.62,130.0,80.0,129.01287026934924,80.18649564356137,ok,192.25833208698896,134.33704441590544,81.53423946013184,109.14617387047689,72.01099369252887,4.787120579434332,1.3186083752251272,0.9997037108135002,0.9999850358996722,0.9998759113234476,1.0000321454637708,0.0,567.4075225879415,348.71894659578095,348.71894659577947,665.8171108466117,1122.2778768111275,729.3928520093004,236.32971510804703,196.5555676163457,52.802804955773595,66.47763534376828,0.01344146074092123,0.005497315450014639,True,,,,0,False,30.163243737961412,0.02
refine_mild_0.02_R1.400_C0.780,modifier,mild,1.4,0.78,130.0,80.0,129.01287026934924,80.18649564356137,ok,126.6501871579967,129.23782232138123,86.02264101603366,108.60281716792791,72.01203412016321,4.799023945092682,1.308474347614739,0.999800431935177,0.9999899208048071,0.9999166598071045,1.0000215665812202,0.0,563.6158831553767,384.9174337757389,384.9174337757377,661.6657240571969,1118.9869755781565,724.5027408132873,234.90392849934597,194.85384012094778,43.21518130534757,66.6419717721731,0.013352666783987388,0.009645105384151975,True,,125.0,767.0,0,False,34.111196234343105,0.02
refine_mild_0.02_R1.400_C0.760,modifier,mild,1.4,0.76,130.0,80.0,129.01287026934924,80.18649564356137,ok,131.30436854501022,129.75455055812108,85.51887415864567,108.63701260005242,72.01137066915211,4.799366767268971,1.3088256630611224,0.9997381757451901,0.999986776552787,0.9998883934372957,1.000029449436913,0.0,563.4117252531247,382.6671515225092,382.6671515225079,661.3321802836069,1119.167433349135,724.073226155773,234.81957265181444,194.72367114669817,44.23567639947541,66.64734642142982,0.009737132735381238,0.004188010789988539,True,,130.0,776.0,0,False,28.98435027888534,0.02
