case_id,route,target,R,C,requested_systolic_mmHg,requested_diastolic_mmHg,achieved_systolic_mmHg,achieved_diastolic_mmHg,status,wall_s,systolic_mmHg,diastolic_mmHg,map_mmHg,heart_rate_per_min,cardiac_output_L_min,svr_mmHg_s_mL,baroreceptor_heart_rate_scale,baroreceptor_heart_elastance_scale,baroreceptor_resistance_scale,baroreceptor_compliance_scale,aorta_inflow_mL_s,BrainVasculature_inflow_mL_min,LeftKidneyVasculature_inflow_mL_min,RightKidneyVasculature_inflow_mL_min,GutVasculature_inflow_mL_min,LiverVasculature_inflow_mL_min,MuscleVasculature_inflow_mL_min,SkinVasculature_inflow_mL_min,MyocardiumVasculature_inflow_mL_min,pulse_pressure_mmHg,stroke_volume_mL,stationarity_sbp_bin_median_range_mmHg,stationarity_dbp_bin_median_range_mmHg,stationarity_pass,tissue_tuning_simulated_s,dynamic_stabilization_wall_s,dynamic_stabilization_simulated_s,cvp_out_of_range_warning_n,outside_reference_warning_seen,J,refinement_step
coarse_higher_R1.900_C0.500,modifier,higher,1.9,0.5,150.0,90.0,148.60512489521057,90.7067870743288,ok,124.24553973998992,145.87837650581147,90.43203845121504,119.38453085450982,72.01399186676505,3.945480981156918,1.7655185908238082,0.9999434744713612,0.9999971451753212,0.9999768901042444,1.00000585218351,0.0,462.7798273505608,290.2189540334763,290.2189540334775,543.9751995863116,916.1236649250106,595.776134340648,192.874191455672,160.30774896171258,55.44633805459642,54.78769998553273,0.0083107366552326,0.0099245348392571,True,,122.0,826.0,0,False,7.510643584993441,
coarse_higher_R2.000_C0.500,modifier,higher,2.0,0.5,150.0,90.0,148.60512489521057,90.7067870743288,ok,137.23786121900775,146.8822666385164,93.1713442187174,121.0995590680448,72.01476500436432,3.803440364728932,1.8603047254902263,0.9999791882369422,0.9999989489008552,0.9999922987597908,1.0000016957660716,0.0,447.7935173110993,278.298771686083,278.29877168608493,526.6769943757192,883.6400292593727,576.9932840266156,186.6283842098299,155.2965347312615,53.71092241979899,52.8147299307084,0.0115643174503645,0.0131011413945287,True,,135.0,891.0,0,False,9.042282490616188,
coarse_higher_R1.800_C0.500,modifier,higher,1.8,0.5,150.0,90.0,148.60512489521057,90.7067870743288,ok,120.7023914839956,144.7588833122171,88.35865730155597,117.57457431487296,72.01448272744041,4.093921039667812,1.6733121739649974,0.999939532442674,0.999996946082962,0.9999762513731734,1.000005737204027,0.0,478.6680954492026,300.55759778833504,300.55759778833453,562.2259326683472,949.8862632013464,615.5364286538006,199.49474690194904,165.56882760284168,56.40022601066114,56.84857940537375,0.0110847229571788,0.0086872177613628,True,,119.0,799.0,0,False,20.307287744530225,
coarse_higher_R2.000_C0.400,modifier,higher,2.0,0.4,150.0,90.0,148.60512489521057,90.7067870743288,ok,89.38479840100626,152.16223427865793,87.78500983671944,120.85723112858686,72.01294545221667,3.835829669902422,1.8402031511308063,0.9998164933994113,0.9999907319898692,0.9999234291518904,1.000019743337699,0.0,433.0612345220389,268.52874900295035,268.5287490029499,506.25627155186544,873.5123258013233,552.4859028664229,180.4795404013609,148.32031939252542,64.3772244419385,53.26583499417672,0.0128829138884327,0.0074722510672273,True,,87.6,600.0,0,False,21.189809392021512,
coarse_higher_R1.900_C0.400,modifier,higher,1.9,0.4,150.0,90.0,148.60512489521057,90.7067870743288,ok,133.9768031249987,151.30147862490506,86.09271717503479,119.41999679038086,72.01407828032288,3.940834332767551,1.7681179727955278,0.9999438148916346,0.9999971623682644,0.9999771893926112,1.0000057336124355,0.0,458.5054522606076,262.5366569262443,262.53665692624486,537.9748501067347,913.6017347198564,588.5173024969474,191.0918020406028,158.21831523607614,65.20876144987027,54.72311007616332,0.0095017023383263,0.012819841708989,True,,132.0,870.0,0,False,28.559964471208428,
coarse_higher_R1.700_C0.500,modifier,higher,1.7,0.5,150.0,90.0,148.60512489521057,90.7067870743288,ok,117.61626622499898,143.52878297930238,85.98375297660418,115.63366038486376,72.01573819946384,4.252477123531112,1.5817468608132776,1.0000193229199636,1.0000009759050488,1.0000107423370994,0.999996516196727,0.0,495.5302640442905,309.0105433622281,309.0105433622292,581.519528464205,986.15161330108,636.3682858714758,206.52247887313968,171.10285986985326,57.5450300026982,59.04927492033641,0.017320770037287,0.0172391165510248,True,,116.0,781.0,0,False,48.07629833547584,
coarse_higher_R1.800_C0.400,modifier,higher,1.8,0.4,150.0,90.0,148.60512489521057,90.7067870743288,ok,127.1412081180024,150.2817138808541,83.10770540945921,117.60042735147424,72.01541566556861,4.0890615691002425,1.6756623074560766,1.000024219340466,1.0000012231990132,1.000012168776088,0.9999963392271668,0.0,476.87273114914,271.6291332707393,271.62913327073807,559.3125365225371,946.6966438180488,612.2059881926943,198.6263508548816,164.90310435123152,67.1740084713949,56.780364749811056,0.0151029534115423,0.01608036282623,True,,125.0,842.0,0,False,60.5569927761384,
coarse_higher_R1.900_C0.600,modifier,higher,1.9,0.6,150.0,90.0,148.60512489521057,90.7067870743288,ok,126.31092457100748,141.869141366107,94.65991263755268,119.29205665762484,72.01410957283504,3.9438486915880095,1.7649397240812876,0.9999523157646284,0.9999975917052832,0.9999806693473758,1.000004854549134,0.0,462.9393853109678,303.1887833709973,303.1887833709966,544.0134506256846,912.8060570309704,596.0042117938754,192.8615399849046,160.58392182203505,47.20922872855432,54.76494418915508,0.0101722955971581,0.0113596053157181,True,,125.0,818.0,0,False,61.00067582296869,
coarse_higher_R1.800_C0.600,modifier,higher,1.8,0.6,150.0,90.0,148.60512489521057,90.7067870743288,ok,117.1752888240153,140.69489504381554,91.87121480096864,117.46172821789747,72.01531677301261,4.095308293600366,1.671119580942416,0.9999970834719952,0.9999998527006062,1.0000000000256517,0.9999998384140848,0.0,480.8017598751973,320.2257369113854,320.22573691138814,565.3113912692797,950.3674670215768,619.324751885151,200.3851280495901,166.6737097031846,48.82368024284689,56.86718433119582,0.0151627641927518,0.0136352580871772,True,,115.0,760.0,0,False,63.92762823246868,
coarse_higher_R2.000_C0.600,modifier,higher,2.0,0.6,150.0,90.0,148.60512489521057,90.7067870743288,ok,125.96244501200272,142.99520413740424,97.21395600004644,120.95758558619389,72.01312379704805,3.806591162644214,1.8565360714419008,0.9998584938557104,0.9999928532250362,0.9999378365738,1.000016136032494,0.0,442.3543430057642,293.4942804430856,293.49428044308644,519.0306000621877,879.8726737067939,567.9015274548369,184.32028067386483,152.81268355856622,45.78124813735779,52.85968670616471,0.0170827293799504,0.0133229172502353,True,,124.0,836.0,0,False,73.81445833669164,
coarse_higher_R1.700_C0.600,modifier,higher,1.7,0.6,150.0,90.0,148.60512489521057,90.7067870743288,ok,112.92538442401565,139.41623823960188,89.38775425555737,115.5360872040014,72.0145361109324,4.253047148128111,1.580259110672727,0.9999330612298748,0.9999966192540348,0.9999734356513076,1.0000064155354875,0.0,498.46256532670367,327.91431020362256,327.9143102036218,585.7043209350974,987.406205623284,641.474168124514,207.7442929941353,172.58322952042056,50.02848398404451,59.05817599903228,0.0123208074873844,0.0089040769964441,True,,111.0,752.0,0,False,86.17548554661946,
coarse_higher_R1.600_C0.500,modifier,higher,1.6,0.5,150.0,90.0,148.60512489521057,90.7067870743288,ok,133.90782016600133,142.2617143226372,82.90759960401742,113.6454214688228,72.01184905381726,4.414628672747795,1.4949416716918975,0.999738856566871,0.9999868109377206,0.9998902937252586,1.0000283470430138,0.0,516.8227959109593,314.8808013868427,314.8808013868411,606.0744432100909,1026.5795243548096,663.4991633796476,215.2600808028948,178.72792459990677,59.35411471861978,61.3041982778219,0.0130407934037464,0.0062739327404131,True,,132.0,874.0,0,False,101.06618288929756,
coarse_higher_R1.700_C0.400,modifier,higher,1.7,0.4,150.0,90.0,148.60512489521057,90.7067870743288,ok,130.4894808139943,149.17996325550536,80.00269519015181,115.67447843041002,72.01301704120819,4.2445525550249394,1.5852916259361256,0.9998584150487811,0.999992849244888,0.9999408481774492,1.0000153316577676,0.0,489.6613892423077,278.36640915363887,278.36640915364046,573.2480498093762,982.803692156014,626.3498320145195,204.0784068473546,168.21855263804258,69.17726806535354,58.94146266078629,0.0139590003952605,0.0079020710757617,True,,129.0,855.0,0,False,114.9080222053701,
coarse_higher_R1.600_C0.600,modifier,higher,1.6,0.6,150.0,90.0,148.60512489521057,90.7067870743288,ok,126.99909047799883,138.06318725477266,87.26402628655562,113.55859685745334,72.01108658716768,4.41504029320453,1.493686008435448,0.9996752942004756,0.9999836007171972,0.99986278131857,1.0000357398231263,0.0,508.2330245083567,329.492858293767,329.4928582937657,594.5012653406428,1021.6995987310966,649.3668395109692,211.803545593531,174.38766048545256,50.79916096821704,61.31056344859108,0.0157702366431635,0.0063850879805471,True,,125.0,845.0,0,False,122.98505105671018,
coarse_higher_R1.800_C0.700,modifier,higher,1.8,0.7,150.0,90.0,148.60512489521057,90.7067870743288,ok,115.03213814101764,137.5501594677937,95.0777549756874,117.32408698847372,72.01378947974914,4.0914546119532345,1.6707813085813372,0.9999353065470802,0.999996732653893,0.9999734025107904,1.0000067460324025,0.0,478.5877381124219,331.98890811927333,331.9889081192713,562.0589228615987,945.3430558430016,615.6079698768344,199.38075941623725,165.827882739262,42.47240449210628,56.81487728268743,0.0087094147744437,0.0109888026521645,True,,113.0,756.0,0,False,141.31762099608966,
coarse_higher_R1.900_C0.700,modifier,higher,1.9,0.7,150.0,90.0,148.60512489521057,90.7067870743288,ok,121.73583661500015,138.82216890537612,97.7296188033246,119.11967368413582,72.01219762965027,3.942362594993776,1.7629945615757183,0.9998229248239086,0.9999910568092883,0.9999260003002806,1.0000191248269714,0.0,458.261044135869,320.0761351807631,320.07613518076164,537.8325231681977,911.3377790199328,588.5135929519283,190.98388110932603,158.284875435005,41.09255010205152,54.74576147875467,0.0125044348458516,0.0098328967225995,True,,120.0,789.0,0,False,145.0263933928278,
coarse_higher_R1.700_C0.700,modifier,higher,1.7,0.7,150.0,90.0,148.60512489521057,90.7067870743288,ok,110.8603778000106,136.2221325100528,92.24209032323766,115.38822624979022,72.01380155755689,4.251128930852557,1.5789516934940078,0.9999163369272712,0.9999957745922872,0.999965513867002,1.00000880536768,0.0,491.9284516063402,339.6017779146408,339.6017779146392,576.6472703873546,981.9220284416584,630.640045549532,205.0110136164934,169.52416056715904,43.98004218681514,59.03214160211847,0.0080439023442977,0.0110871431621717,True,,109.0,727.0,0,False,155.69565647698525,
coarse_higher_R2.000_C0.700,modifier,higher,2.0,0.7,150.0,90.0,148.60512489521057,90.7067870743288,ok,122.08509409698308,140.0050689071757,100.17729015387192,120.76896726884748,72.01280553167193,3.806164797868162,1.8538362772283417,0.9998464511935596,0.9999922450097762,0.9999345338849766,1.0000168458126737,0.0,442.9008394624888,307.2594063599455,307.2594063599432,520.062691101139,879.5175294850754,569.1841562323399,184.5848685501344,153.11888309288884,39.82777875330379,52.85399964307979,0.0150389600220819,0.0126168298521491,True,,120.0,797.0,0,False,163.6513915769699,
coarse_higher_R1.600_C0.700,modifier,higher,1.6,0.7,150.0,90.0,148.60512489521057,90.7067870743288,ok,146.99047949901433,134.97838613766888,89.93353720139103,113.60630823952624,72.01082088899068,4.399292775908746,1.49991978161088,0.9996871313524188,0.999984198553152,0.9998680588728914,1.0000344348050736,0.0,520.5702086975496,334.37642585777985,334.37642585778,611.7307967079387,1030.3668663420367,670.1126822411665,216.95620280356843,180.3072692894272,45.044848936277845,61.09210701389642,0.0167426237480867,0.0085236860836346,True,,145.0,997.0,0,False,186.28592453228703,
coarse_higher_R1.500_C0.600,modifier,higher,1.5,0.6,150.0,90.0,148.60512489521057,90.7067870743288,ok,117.47926370002097,136.4668005593018,83.88189376526411,111.24362877187154,72.01206035623615,4.605089334863039,1.3999269299585866,0.9997511292594644,0.9999874307706792,0.9998959024386056,1.0000270419071295,0.0,537.5836636580718,353.5313718362919,353.5313718362908,630.6092703418985,1070.8036094143592,690.0659540456061,224.05537707386748,185.51102835763652,52.58490679403768,63.94886234447595,0.0111673972220387,0.0078182186923498,True,,116.0,777.0,0,False,193.9180863638313,
coarse_higher_R1.500_C0.500,modifier,higher,1.5,0.5,150.0,90.0,148.60512489521057,90.7067870743288,ok,92.09983684797773,140.59366966010035,79.03520993973089,111.09424135945612,72.01563410213532,4.620016923432406,1.3932300935902586,0.9999499677251074,0.9999974731174288,0.9999809289800632,1.0000044222661937,0.0,531.6034683339974,340.95827244895764,340.9582724489577,622.4446100498394,1065.9053429394344,680.3069525781059,221.5658775350961,182.7222178277744,61.55845972036949,64.1529715183806,0.0150196779458156,0.0132588725352604,True,,90.3,600.0,0,False,200.40912779304324,
coarse_higher_R1.600_C0.400,modifier,higher,1.6,0.4,150.0,90.0,148.60512489521057,90.7067870743288,ok,90.55902439099737,147.80469236357573,76.25875090429918,113.31446449150812,72.01497803859627,4.435948806394996,1.482941827711406,0.9999396893940516,0.9999969540098,0.9999751043873724,1.0000063503268382,0.0,504.7606810223568,302.30395494618693,302.30395494618614,590.0228765683137,1018.3156084244522,644.0998080380882,210.37482137840092,172.86187017856827,71.54594145927655,61.59758604685762,0.0115593158076592,0.0146374557786259,True,,88.7,600.0,0,False,209.38644140818369,
coarse_higher_R1.800_C0.800,modifier,higher,1.8,0.8,150.0,90.0,148.60512489521057,90.7067870743288,ok,111.71685391000938,135.05874506025427,97.49536707672964,117.13560156367662,72.0128118509593,4.087166184583103,1.669843767903424,0.999867631135219,0.9999933147037988,0.9999437229982536,1.0000148168544762,0.0,475.2005946369087,341.2057284855043,341.2057284855046,557.72201391521,944.6481071182546,610.3504921488553,198.0447526284393,164.1648978568964,37.56337798352462,56.75609769331146,0.0074826634086662,0.0078475427502411,True,,110.0,742.0,0,False,229.58922508190733,
coarse_higher_R1.900_C0.800,modifier,higher,1.9,0.8,150.0,90.0,148.60512489521057,90.7067870743288,ok,116.71162703901064,136.3879017238167,100.04941969769784,118.91479502843632,72.01213659522564,3.9391336363273246,1.7614073196294926,0.9998197382739736,0.9999908958724232,0.9999248623138196,1.0000196685710083,0.0,458.6401347971096,326.4665086187025,326.4665086187007,538.5390468869465,910.4626289139342,589.4711823175992,191.14542532457483,158.5821256218955,36.33848202611887,54.70096878903724,0.0115702236426216,0.0094552624815804,True,,115.0,765.0,0,False,236.5453263548825,
coarse_higher_R1.700_C0.800,modifier,higher,1.7,0.8,150.0,90.0,148.60512489521057,90.7067870743288,ok,107.31791601100122,133.65766052299816,94.75460824423315,115.21553310890695,72.01274586033063,4.246353118292859,1.5783657695907696,0.9998600706487302,0.9999929328610472,0.9999404864382458,1.000015676943336,0.0,494.8328515046127,349.3384942310234,349.33849423102424,580.7542947681449,981.3988313562068,635.7566463160084,206.18665050534133,171.1048441346815,38.90305227876499,58.96668801560073,0.0092302842927267,0.0084275305082854,True,,106.0,718.0,0,False,239.81154738208525,
coarse_higher_R1.500_C0.700,modifier,higher,1.5,0.7,150.0,90.0,148.60512489521057,90.7067870743288,ok,125.82152799199685,133.2288674702073,87.32204663952017,111.19146093914758,72.01117634479853,4.597971073540215,1.4015665098015986,0.9996755679697792,0.9999836145439284,0.9998633702663492,1.0000354252850427,0.0,535.6555868499047,355.5010110572906,355.5010110572906,627.9184113963008,1068.912211706377,686.8572743608703,223.2411090014448,184.62080947564624,45.90682083068712,63.85079798619806,0.0144676977868982,0.0066959412965132,True,,124.0,823.0,0,False,247.8857602109969,
coarse_higher_R2.000_C0.800,modifier,higher,2.0,0.8,150.0,90.0,148.60512489521057,90.7067870743288,ok,118.98610108697903,137.61797407216417,102.28257467439762,120.56705972370086,72.01071751756524,3.8007870429010993,1.853358903549336,0.9996884753907715,0.9999842664338776,0.9998683835896264,1.0000344051585268,0.0,443.15317359387313,312.0333907121289,312.03339071212696,520.5741449128864,878.6576167263439,569.8948485904148,184.6935410434346,153.34265238538396,35.33539939776652,52.780852266525336,0.0155683448097363,0.0077781469786373,True,,117.0,793.0,0,False,254.7163417702767,
coarse_higher_R1.600_C0.800,modifier,higher,1.6,0.8,150.0,90.0,148.60512489521057,90.7067870743288,ok,107.52167054498568,132.1761803444963,91.84394501344332,113.16212099325637,72.01410578166282,4.415944452727836,1.488020578811697,0.9999193274618228,0.9999959256293852,0.9999674071219916,1.0000081410374682,0.0,519.5014965401364,364.9830528555004,364.9830528554987,610.7346996998767,1025.098695111663,669.1938201140175,216.51332406094872,180.10094916447557,40.33223533105296,61.32054831197088,0.0088251694867551,0.0100867105329172,True,,106.0,716.0,0,False,271.2033472289356,
coarse_higher_R1.400_C0.600,modifier,higher,1.4,0.6,150.0,90.0,148.60512489521057,90.7067870743288,ok,133.424142355012,134.87333157541966,80.44935683192432,108.92492673630332,72.01286158034011,4.799492388149899,1.3122778797532024,0.9998662126556273,0.9999932430634152,0.9999433104080736,1.000014877423546,0.0,568.6721868657044,363.0445145280155,363.0445145280164,667.8705092014335,1119.2349902444148,732.0223153158138,236.8571528457264,197.3372735899384,54.423974743495336,66.64771101750226,0.0081641628683826,0.0067366517259586,True,,132.0,884.0,0,False,293.7770229552483,
coarse_higher_R1.800_C0.900,modifier,higher,1.8,0.9,150.0,90.0,148.60512489521057,90.7067870743288,ok,112.40739046101226,133.02100958484257,99.3734705268946,116.92803295577666,72.01272080483774,4.081448290576662,1.669229843430137,0.999849949452824,0.9999924216895368,0.9999363002101498,1.0000167469214545,0.0,470.4199487687288,344.4182077962738,344.4182077962723,550.9836545660254,939.8157913826108,602.4359689885408,195.9857138782367,162.08609423518544,33.64753905794798,56.6767682842845,0.0048414839089616,0.0065742421037668,True,,111.0,733.0,0,False,317.9760520738238,
coarse_higher_R1.500_C0.800,modifier,higher,1.5,0.8,150.0,90.0,148.60512489521057,90.7067870743288,ok,127.14165506200516,130.63399732938538,89.37770114567157,111.07570378434932,72.01122263521421,4.59093513801568,1.402262895326701,0.9997252050862784,0.999986121469004,0.9998844985585252,1.000029994990022,0.0,541.5470286048985,369.6011008183523,369.60110081835313,636.2942038260148,1072.10902255034,697.0299604759153,225.69972549655168,187.5421086970118,41.256296183713815,63.753050844198086,0.0131131051218744,0.0063332537193758,True,,125.0,845.0,0,False,324.7278953929165,
coarse_higher_R1.900_C0.900,modifier,higher,1.9,0.9,150.0,90.0,148.60512489521057,90.7067870743288,ok,115.41916063401732,134.38264527001496,101.83526818656772,118.6964858476886,72.01192977507641,3.932853706580736,1.7610020155513897,0.9997784220349843,0.999988809193686,0.9999069722087875,1.0000244724500875,0.0,458.5933542092277,332.5378992365006,332.5378992364976,538.6560000398786,909.300828177449,589.7155046755479,191.1295975622955,158.67400069430096,32.547377083447245,54.613919094581874,0.0105537772979573,0.0052904924572629,True,,114.0,761.0,0,False,326.1220185545624,
coarse_higher_R1.700_C0.900,modifier,higher,1.7,0.9,150.0,90.0,148.60512489521057,90.7067870743288,ok,109.79208240797745,131.547696310503,96.70235779336411,115.01416906367471,72.0130383218611,4.241008855684172,1.577572681167106,0.9998689371274084,0.999993380663,0.9999446825882738,1.0000144622309937,0.0,492.909658487179,356.92029259993376,356.9202925999333,578.2598289043083,978.9527785020967,632.8575366147302,205.38918307320208,170.29554609226716,34.84533851713887,58.89223610770389,0.0057969574405376,0.0069029083493461,True,,108.0,705.0,0,False,326.9027381693525,
coarse_higher_R1.500_C0.400,modifier,higher,1.5,0.4,150.0,90.0,148.60512489521057,90.7067870743288,ok,93.1417404259846,146.4312524266316,72.74425497339568,111.03532330735892,72.01218413756078,4.617614327025839,1.3931431535864,0.9997427403081356,0.9999870070862694,0.9998921079944976,1.000028024918306,0.0,522.4154213615316,310.0057804454775,310.0057804454759,609.6605740332159,1059.6692145137995,664.9124730103994,217.7379178388374,178.31000775535404,73.68699745323592,64.12268121468269,0.015261116884119,0.0074648745439134,True,,91.2,600.0,0,False,327.3782809866983,
coarse_higher_R1.400_C0.500,modifier,higher,1.4,0.5,150.0,90.0,148.60512489521057,90.7067870743288,ok,90.09363390499492,138.96538484867526,75.3620915261097,108.63211955526988,72.0152339697348,4.818218994932664,1.303319556205193,0.9999352814963842,0.999996731388708,0.9999745244652484,1.0000061929946529,0.0,551.9123532362523,350.55189481869377,350.55189481869513,645.322991564503,1111.822533765417,704.7505676545724,230.03669220165344,189.16084283230572,63.60329332256556,66.90555219132627,0.0129345021122446,0.0098476930729418,True,,88.3,600.0,0,False,328.3842696323118,
coarse_higher_R2.000_C0.900,modifier,higher,2.0,0.9,150.0,90.0,148.60512489521057,90.7067870743288,ok,118.12731731400709,135.6486216651816,103.6450464382462,120.34036792252836,72.01068897171949,3.795195391694456,1.852606369093048,0.9996894732459244,0.9999843168306018,0.99986895612381,1.0000341916941262,0.0,442.97012835991,321.4254666017687,321.4254666017679,520.4984357809714,877.4270169836389,569.9059666212156,184.62124645310257,153.36760896091636,32.00357522693538,52.7032228949362,0.0165523090427655,0.0075940682025077,True,,116.0,784.0,0,False,335.2695313177477,
coarse_higher_R1.400_C0.700,modifier,higher,1.4,0.7,150.0,90.0,148.60512489521057,90.7067870743288,ok,121.83268223502093,131.4550843819045,83.85236410436454,108.74604671203666,72.01277605314765,4.800859449623573,1.3097484715173624,0.9998116603181396,0.9999904878948558,0.9999216867058592,1.000020123957913,0.0,562.5148154677594,379.4925339397891,379.4925339397878,659.9652645150269,1119.3821110337758,722.3497289068087,234.4483486764692,194.2116133758553,47.60272027753996,66.66677376914883,0.0183806306994256,0.0112391437396581,True,,120.0,805.0,0,False,341.1070038592131,
coarse_higher_R1.600_C0.900,modifier,higher,1.6,0.9,150.0,90.0,148.60512489521057,90.7067870743288,ok,130.80723575799493,130.1781474276342,94.13544392067428,113.16842155261304,72.01668091394593,4.396510924367477,1.4950221811894515,1.000081056039226,1.0000040937393542,1.0000375216408948,0.9999893603165244,0.0,515.7374216992872,357.5227335765865,357.5227335765862,605.2813158748456,1022.5219587317952,662.6840159003048,214.89189031543376,178.3566655533252,36.04270350695992,61.04850804803056,0.0210027300000206,0.0202010826287875,True,,129.0,884.0,0,False,351.3091863605587,
coarse_higher_R1.800_C1.000,modifier,higher,1.8,1.0,150.0,90.0,148.60512489521057,90.7067870743288,ok,109.45767871200223,131.30266029835315,100.85196298510634,116.70526446644004,72.01407986396775,4.075265557502563,1.668580658140378,0.9999427597687808,0.9999971090792312,0.9999765600237944,1.00000596152864,0.0,474.9581908361816,349.8300075306446,349.8300075306446,557.7788766546973,942.0006442398928,610.650738000515,197.9511556715418,164.2995626548451,30.45069731324681,56.58984416937086,0.0062534843922037,0.0106750433090496,True,,108.0,725.0,0,False,402.2998753861252,
coarse_higher_R1.500_C0.900,modifier,higher,1.5,0.9,150.0,90.0,148.60512489521057,90.7067870743288,ok,137.7896461909986,128.55229808532926,91.139764135321,110.989530995636,72.01145194205253,4.579787752389247,1.404752775367637,0.9996901653438788,0.9999843517850436,0.9998703467434444,1.0000337456573665,0.0,542.2616446848508,372.5202436497924,372.5202436497897,637.3737689203106,1070.683704587042,698.3928830222164,225.9941031426319,187.95061462992408,37.41253395000827,63.59804765601162,0.0132657122327373,0.0061308464760827,True,,136.0,915.0,0,False,402.3033322024401,
coarse_higher_R1.900_C1.000,modifier,higher,1.9,1.0,150.0,90.0,148.60512489521057,90.7067870743288,ok,115.11714138201204,132.6884700829126,102.94920296544429,118.4598360073494,72.0130215522261,3.9274505428212327,1.7599644675873145,0.9998336158755468,0.9999915967613916,0.999930374491797,1.0000180728735062,0.0,458.12376913966057,336.68386076001144,336.68386076001025,538.2070449156122,907.6858530027266,589.2947243467231,190.938170025123,158.5777320511803,29.73926711746833,54.53806073076551,0.0067579481329005,0.005709855805307,True,,113.0,747.0,0,False,403.2166472648845,
coarse_higher_R1.700_C1.000,modifier,higher,1.7,1.0,150.0,90.0,148.60512489521057,90.7067870743288,ok,107.19026511200354,129.79750027983096,98.26094858953728,114.80934868518573,72.01359466495359,4.233751276067667,1.5774960613250868,0.9999226129202792,0.9999960915616292,0.999967628849488,1.0000083935412938,0.0,493.1024773871669,365.5523769522823,365.5523769522824,578.8533055571895,979.1130299368664,633.6324116797737,205.51004743713472,170.45328700437858,31.536551690293663,58.791000446032186,0.0068895938611035,0.010292345063334,True,,105.0,706.0,0,False,410.79209987089007,
coarse_higher_R2.000_C1.000,modifier,higher,2.0,1.0,150.0,90.0,148.60512489521057,90.7067870743288,ok,117.87019935398712,133.9794837977517,104.75819850654156,120.09863148344056,72.01245297313106,3.788359322711701,1.8522127890836733,0.9997814132725912,0.9999889602662936,0.9999080961587598,1.0000239410223055,0.0,442.4318826507722,325.03426803941807,325.0342680394174,519.9425743719274,875.3966221823835,569.3515922090487,184.401082952995,153.232321417326,29.221285291210137,52.60700290441704,0.012283098169064,0.0063132911973013,True,,116.0,780.0,0,False,411.3515407489973,
coarse_higher_R1.400_C0.800,modifier,higher,1.4,0.8,150.0,90.0,148.60512489521057,90.7067870743288,ok,114.05286543699911,128.73340393339433,86.49886232867655,108.56022710644484,72.01153060009165,4.798279803748155,1.3081867698585057,0.9997477775056351,0.9999872614901836,0.9998924032384264,1.000028416707477,0.0,563.750907926014,381.8715215485393,381.8715215485388,661.8994881969829,1118.7665188927044,724.8124639875448,234.9591914063831,194.9485467065533,42.234541604717776,66.63210410558956,0.0076710434662743,0.0038665673725262,True,,112.0,757.0,0,False,412.5919246493594,
coarse_higher_R1.600_C1.000,modifier,higher,1.6,1.0,150.0,90.0,148.60512489521057,90.7067870743288,ok,186.5245794889925,128.7026039224226,96.25976396776264,113.3659063885622,72.01205311391158,4.362912858852772,1.5095311514427412,0.9998111352587504,0.9999904613767048,0.9999214962439908,1.0000201648871303,0.0,515.8609636242315,346.4783295214992,346.47832952149975,605.329666375853,1025.3511840155647,662.550533844113,214.97551417005,178.20266910915228,32.44283995465997,60.585869589794086,0.0102307358631605,0.0087923585842162,True,,,,0,False,426.94589345127446,
coarse_higher_R1.400_C0.400,modifier,higher,1.4,0.4,150.0,90.0,148.60512489521057,90.7067870743288,ok,89.56229846199858,144.82095435458714,70.17513657020359,108.56787126282276,72.01487572714515,4.815317658243222,1.303294120122557,0.9999066680536088,0.999995286265335,0.9999615328660476,1.0000098033095302,0.0,551.0827378201,317.75615362499207,317.75615362499246,643.5480409407378,1104.0518197660808,703.0264498315103,229.4661882776748,189.2153677594269,74.64581778438355,66.8655969981511,0.013078954276267,0.0061867908032553,True,,87.8,600.0,0,False,435.8686191040672,
coarse_higher_R1.300_C0.600,modifier,higher,1.3,0.6,150.0,90.0,148.60512489521057,90.7067870743288,ok,92.34420867898734,132.71745563278773,76.17548545691925,105.92941608819784,72.01664807484033,5.034282072649552,1.2132919683776469,1.0000008700166876,1.0000000439402357,1.0000034507035789,0.9999983169841388,0.0,580.7847776533147,382.75604015276633,382.7560401527671,679.6453471922293,1166.2883161245309,742.7195659987958,242.074800824918,199.43196367382387,56.541970175868485,69.904420814169,0.0186754803102076,0.0126772713953471,True,,90.6,600.0,0,False,463.5767612882648,
coarse_higher_R1.500_C1.000,modifier,higher,1.5,1.0,150.0,90.0,148.60512489521057,90.7067870743288,ok,152.92652955601807,126.80146411605392,92.92767339772544,110.90155983419235,72.01247749858288,4.567259166319701,1.407572705248166,0.999772787926852,0.9999885246427712,0.999904788679105,1.0000248206467297,0.0,535.8241804321236,369.5096745724354,369.50967457243615,628.4021021556712,1066.8854568299366,687.6257137752016,223.2982970379816,184.90038882985223,33.87379071832848,63.42316394279837,0.0076379702803137,0.0076615161609652,True,,151.0,997.0,0,False,480.331959433984,
coarse_higher_R1.400_C0.900,modifier,higher,1.4,0.9,150.0,90.0,148.60512489521057,90.7067870743288,ok,149.9649889979919,126.78280637585075,88.60810916208897,108.68147567310234,72.01262064637724,4.778341327925424,1.3153853881682802,0.9998480068145976,0.9999923235764948,0.9999354124326834,1.0000169959326697,0.0,566.0727744767833,382.5639566744219,382.5639566744223,664.9719380794072,1121.126303186541,728.435248468973,235.9236846868256,195.97918443809715,38.1746972137618,66.3542207606884,0.0091869671339992,0.0055776269072538,True,,148.0,993.0,0,False,480.6180345397169,
coarse_higher_R1.300_C0.500,modifier,higher,1.3,0.5,150.0,90.0,148.60512489521057,90.7067870743288,ok,90.94068579599843,137.12843750615795,71.85608044448438,105.94191434630076,72.01301066173211,5.034578404361444,1.213237625866927,0.999801400070088,0.9999899697005092,0.9999172956553484,1.0000212622010638,0.0,573.2862592925356,360.29732926800784,360.29732926800585,669.1419720460217,1161.6971966832934,730.0241990856551,238.9523482327033,195.7806241918176,65.27235706167357,69.91206669598152,0.0119580752165973,0.0057879592842056,True,,89.0,600.0,0,False,487.0634938704999,
coarse_higher_R1.300_C0.700,modifier,higher,1.3,0.7,150.0,90.0,148.60512489521057,90.7067870743288,ok,93.4560128079902,129.2950792317751,79.7856963223648,105.85096917853886,72.01486929971753,5.030909273526346,1.213244869944504,0.9999413928016254,0.999997040040487,0.999975709679186,1.0000062169955646,0.0,584.9207681560988,398.0056658644893,398.00566586449145,685.5165233540657,1168.0611481585852,749.865940475341,243.7937710890889,201.5026298944977,49.50938290941031,69.85931270094076,0.0157610917191846,0.0113797531658832,True,,91.4,600.0,0,False,492.1480867365962,
coarse_higher_R1.300_C0.800,modifier,higher,1.3,0.8,150.0,90.0,148.60512489521057,90.7067870743288,ok,126.52958985499572,126.8304648273254,82.939881240693,106.02548723428788,72.01260722454597,5.014015298500484,1.2195176030699797,0.9998382383467947,0.999991830219536,0.9999314623625088,1.0000179850777404,0.0,589.0613510257324,396.8603509839885,396.8603509839885,691.0510908285709,1172.224878765915,756.4201283798066,245.5157171229669,203.3672568662597,43.8905835866324,69.62690967244168,0.0078220801860453,0.0058995303537017,True,,125.0,848.0,0,False,534.4606473005186,
coarse_higher_R1.400_C1.000,modifier,higher,1.4,1.0,150.0,90.0,148.60512489521057,90.7067870743288,ok,128.6086017350026,124.7936458964586,89.84246853055595,108.34631700785638,72.01249833170212,4.779130267130784,1.3110009171497743,0.9997733163587756,0.9999885513312522,0.9999050522659148,1.0000247131282043,0.0,565.0539176998824,390.9617104862156,390.9617104862156,663.9537657937235,1117.900165891214,727.4450869203633,235.4948708013858,195.74610295867296,34.95117736590265,66.36528905187093,0.0079275572806523,0.0055591856121424,True,,127.0,853.0,0,False,567.7335786531155,
coarse_higher_R1.300_C0.900,modifier,higher,1.3,0.9,150.0,90.0,148.60512489521057,90.7067870743288,ok,123.64768234200892,124.56162456275524,85.12357157872164,105.84985367063553,72.01136050170463,5.009203293103972,1.2186695612144134,0.9997345031812664,0.999986591069761,0.9998870020289812,1.0000297803701823,0.0,590.0089529598349,405.9642654392337,405.96426543923474,692.5716494621233,1171.4345604513096,758.3747903485793,245.90630531931245,203.9589459718563,39.43805298403359,69.56129224895557,0.0116003269531006,0.0071977963922051,True,,122.0,820.0,0,False,609.2622035071679,
coarse_higher_R1.300_C0.400,modifier,higher,1.3,0.4,150.0,90.0,148.60512489521057,90.7067870743288,ok,94.1875121560006,143.12109490204853,66.63859045958148,105.87626177446138,72.01383159369897,5.031243293728329,1.2132092955803833,0.999865063372602,0.999993185018818,0.9999431371042812,1.000014847294912,0.0,578.5546177544315,335.3268514336544,335.3268514336549,676.709049775727,1163.2844772584667,739.1633198283286,241.17758988134932,198.33854884491336,76.48250444246705,69.86495763917317,0.0037856928438202,0.0069007043259858,True,,92.4,600.0,0,False,609.3526732520353,
coarse_higher_R1.200_C0.600,modifier,higher,1.2,0.6,150.0,90.0,148.60512489521057,90.7067870743288,ok,91.45297147601376,130.67230342343038,72.35524036071175,103.00020848083118,72.01628715940866,5.2724030115914085,1.123084388015306,0.999936912450334,0.9999968137601176,0.9999770993877892,1.000005584088874,0.0,605.1534904258401,394.0699429648695,394.0699429648674,707.0239375998165,1221.9239917725963,771.9199889207925,252.240638142257,207.1090123754126,58.31706306271863,73.21125844659139,0.0144534443639656,0.0084412065628498,True,,89.6,600.0,0,False,658.3653527208094,
coarse_higher_R1.200_C0.500,modifier,higher,1.2,0.5,150.0,90.0,148.60512489521057,90.7067870743288,ok,81.48964295600308,135.16794943776262,68.71000466080471,103.00806875834806,72.01580823366277,5.272487457062193,1.1230976413200078,1.0000000000070588,1.0000000000003566,1.0000001931982685,0.9999993855455278,0.0,612.2416143063582,370.0028247346038,370.00282473460345,716.1301385421615,1217.1929008660627,783.349915026588,254.9276830662056,211.0086453674828,66.4579447769579,73.21291791873057,0.02050607520232,0.0131479864904804,True,,80.1,600.0,0,False,664.4161208221641,
coarse_higher_R1.200_C0.700,modifier,higher,1.2,0.7,150.0,90.0,148.60512489521057,90.7067870743288,ok,91.03995972897974,127.1474624000622,75.70826678030022,102.93239473358102,72.01166266307517,5.268892691341163,1.1230112183439305,0.9997106646141708,0.999985387101726,0.999876079889221,1.0000328593622354,0.0,610.6545642189288,410.43302352946864,410.4330235294652,714.7798494357462,1224.8948404761018,781.3329907781629,254.528883075826,209.8268939003836,51.43919561976199,73.16721342753901,0.008627850318291,0.0047288023421572,True,,89.2,600.0,0,False,685.3868907660835,
coarse_higher_R1.300_C1.000,modifier,higher,1.3,1.0,150.0,90.0,148.60512489521057,90.7067870743288,ok,121.30772124801295,122.65757637877324,86.88630091427191,105.66558690495424,72.0119106273399,5.00284193180584,1.2181343269001248,0.9997806222432792,0.999988920315317,0.999906536800962,1.0000246547605074,0.0,590.2034942082557,412.9617008691064,412.9617008691079,693.0758628532217,1170.0635372531035,759.12594812953,245.98301298030952,204.2086633158258,35.77127546450133,69.47242321753465,0.0090154502587012,0.0067587466922987,True,,119.0,800.0,0,False,687.871388512055,
coarse_higher_R1.200_C0.800,modifier,higher,1.2,0.8,150.0,90.0,148.60512489521057,90.7067870743288,ok,91.76442343599048,124.34369760969456,78.60383613996949,102.83169705292332,72.0122875099028,5.264144146640214,1.1229910112647414,0.9997172149657028,0.9999857179275607,0.9998812797837988,1.0000308920571128,0.0,613.8037102755613,422.0846254072196,422.084625407218,719.2993859605476,1225.9593175968298,786.868277224715,255.8366939199244,211.43982948977532,45.739861469725085,73.10063780318481,0.0068323241403618,0.0056010224357265,True,,90.0,600.0,0,False,735.0982752498888,
coarse_higher_R1.200_C0.900,modifier,higher,1.2,0.9,150.0,90.0,148.60512489521057,90.7067870743288,ok,91.67027373498422,122.06370466805464,80.91744087543005,102.70942763501584,72.01664826496496,5.258324132509356,1.1229694599293432,0.9999947876500024,0.9999997367499988,1.0000007801737796,0.9999989258753434,0.0,615.525941378362,430.6736016135636,430.67360161356,721.8847146307637,1221.2510351158878,790.090608785318,256.54988660984554,212.39235418158103,41.1462637926246,73.01539656723311,0.0173793261471075,0.0126948951571677,True,,89.9,600.0,0,False,800.2782866763752,
coarse_higher_R1.200_C0.400,modifier,higher,1.2,0.4,150.0,90.0,148.60512489521057,90.7067870743288,ok,83.86353893499472,141.25150660362252,62.37880891143212,102.9260179469418,72.01494680052289,5.267865201919426,1.12305036211453,0.9999307863167202,0.9999965043594315,0.9999717283333932,1.0000071137841504,0.0,600.1185401283786,343.78894413203955,343.78894413203875,700.2169408798529,1219.3263560798914,763.7019375026907,250.17780109778985,204.67252069007844,78.8726976921904,73.14960901812645,0.0139820555202732,0.0084625644097755,True,,82.3,600.0,0,False,856.5500487759298,
coarse_higher_R1.200_C1.000,modifier,higher,1.2,1.0,150.0,90.0,148.60512489521057,90.7067870743288,ok,91.11838233098388,120.14171676507944,82.78670782886974,102.56054494823498,72.01662310376724,5.251369074370602,1.1228884754761683,0.999996180889526,0.9999998071156332,0.9999997382720396,0.9999995351868454,0.0,612.6600661782473,430.77491692700767,430.7749169270073,717.5331969309344,1218.4067473116695,785.2385905130502,255.178130819606,211.43518529221967,37.3550089362097,72.91884634473925,0.0226091991844725,0.0119976792564386,True,,89.3,600.0,0,False,872.8932576367663,
coarse_higher_R1.100_C0.600,modifier,higher,1.1,0.6,150.0,90.0,148.60512489521057,90.7067870743288,ok,87.44904549201601,128.37384409584433,68.91938884001368,99.77663018519176,72.01110274636733,5.534197350091391,1.0326875882366149,0.9996305855097216,0.9999813427025106,0.999844188890182,1.0000404965494507,0.0,643.2949173745785,405.20589434592887,405.205894345928,752.0011397575895,1282.855884538364,822.4102740764688,267.8536235289107,221.51566643781297,59.45445525583065,76.85200113631879,0.0107871496487916,0.0058904698905308,True,,85.7,600.0,0,False,883.9954446034424,
coarse_higher_R1.100_C0.700,modifier,higher,1.1,0.7,150.0,90.0,148.60512489521057,90.7067870743288,ok,87.53298242000164,124.82978910840876,71.84619424137723,99.72763046820776,72.01545693851901,5.531655169852915,1.0327326756558108,0.9999250921212643,0.9999962167738006,0.999970366181594,1.0000071997880131,0.0,638.023365256516,422.9799502373954,422.9799502373927,745.6175572284214,1286.9179915912446,814.2703816184994,265.9481967739986,218.4932097373708,52.98359486703153,76.81205403689094,0.0145437122792628,0.0065324919785041,True,,85.8,600.0,0,False,920.9885537855624,
coarse_higher_R1.100_C0.500,modifier,higher,1.1,0.5,150.0,90.0,148.60512489521057,90.7067870743288,ok,88.02890526902047,132.95364299602454,64.14224152594065,99.77498269111996,72.01136430670385,5.533768576890273,1.032678295998836,0.999688351410324,0.9999842601722386,0.9998692368635922,1.0000338890574572,0.0,638.9131380263556,390.67306052024855,390.67306052024935,746.9202842718969,1289.3529727098223,815.7432790452799,266.3579653716706,218.81151628311545,68.8114014700839,76.84576775023147,0.014552089040734,0.0062218894993293,True,,86.2,600.0,0,False,950.6439658329366,
coarse_higher_R1.100_C0.800,modifier,higher,1.1,0.8,150.0,90.0,148.60512489521057,90.7067870743288,ok,86.82307468599174,121.98005136694228,74.26835575700972,99.63797487377629,72.01499154240213,5.527086367908124,1.0327078321589176,0.9999901927699668,0.9999995046853524,0.999996118430049,1.000000956046888,0.0,642.4855767978222,435.64367208934095,435.6436720893414,751.9791441026616,1288.8188485238636,822.0345468550743,267.80258196158525,220.74706915758784,47.711695609932576,76.74910806111528,0.0106015750353094,0.0090187197981634,True,,85.0,600.0,0,False,979.116564559909,
coarse_higher_R1.100_C0.900,modifier,higher,1.1,0.9,150.0,90.0,148.60512489521057,90.7067870743288,ok,86.66015198701643,119.60524843121384,76.65454559620474,99.52431717014152,72.0153886931243,5.52134447078457,1.0326616466071987,0.999995549829457,0.999999775243912,0.9999986816009812,1.0000002206674057,0.0,645.0308369515893,444.86052504826375,444.8605250482624,755.6983090793294,1289.298168241175,826.6311949572048,268.8580632649258,222.09631835174667,42.950702835009096,76.66895327486752,0.0208376237680738,0.0118685288716164,True,,85.0,600.0,0,False,1038.4583254865815,
coarse_higher_R1.100_C1.000,modifier,higher,1.1,1.0,150.0,90.0,148.60512489521057,90.7067870743288,ok,86.33514178998303,117.61510262106812,78.60012931791664,99.3928771176523,72.01491014081371,5.514550810742531,1.0325743388012822,0.9999360763796956,0.9999967715343284,0.9999729036563862,1.0000071052924402,0.0,646.4875655526067,451.80109830698393,451.8010983069827,757.8957298799119,1287.210515299555,829.3930814263638,269.4602186952643,222.9209927328159,39.01497330315148,76.57512590045177,0.0184903958367925,0.0088879557706178,True,,84.7,600.0,0,False,1106.9526425827398,
coarse_higher_R1.100_C0.400,modifier,higher,1.1,0.4,150.0,90.0,148.60512489521057,90.7067870743288,ok,129.30595612700563,139.46252449074106,58.176696227849845,100.00554330851458,72.0096771899885,5.52549609535663,1.0367263004266627,0.9995617647812298,0.9999778669081428,0.9998144215822776,1.0000485319866137,0.0,625.0257564707812,341.93800888072906,341.93800888072985,727.1153130133644,1282.8045059300566,791.6115293258645,260.57621890216694,211.835406474772,81.28582826289121,76.73268803550253,0.0154296371444218,0.0060355793878414,True,,128.0,892.0,0,False,1141.7939526359798,
coarse_higher_R1.000_C0.700,modifier,higher,1.0,0.7,150.0,90.0,148.60512489521057,90.7067870743288,ok,88.29612015001476,122.18537623212546,67.79091966103233,96.18674467206984,72.01631866402955,5.822814572756993,0.9422757758029996,0.9999713857898742,0.9999985548378724,0.9999909666021044,1.000001514169949,0.0,681.8617469249955,435.1475642662555,435.14756426625706,797.6105912048408,1355.33825032117,872.7668420633145,283.9081026324937,235.1699907617809,54.39445657109313,80.85409919273408,0.0178776234621977,0.0090431135364781,True,,86.6,600.0,0,False,1223.14009872437,
coarse_higher_R1.000_C0.600,modifier,higher,1.0,0.6,150.0,90.0,148.60512489521057,90.7067870743288,ok,88.62191374998656,125.78730683992178,64.03473186804948,96.21454185413256,72.00947296473727,5.824413498582562,0.9422030355176574,0.9995146663548165,0.999975488199738,0.9997942023958772,1.0000539710537235,0.0,677.4119454858343,416.12570486399306,416.1257048639916,792.440881781085,1363.1151055053106,865.9041544856123,282.41750606646804,232.32826553380167,61.75257497187231,80.8839901027293,0.0142113342475767,0.0083426938243604,True,,86.9,600.0,0,False,1232.0513497310749,
coarse_higher_R1.000_C0.800,modifier,higher,1.0,0.8,150.0,90.0,148.60512489521057,90.7067870743288,ok,86.65106250499957,119.28538481403544,70.4733156109897,96.10993867025044,72.0156784892416,5.818523544005556,0.9422649893355846,0.9999335093071048,0.9999966418841986,0.9999740122680536,1.0000061936713027,0.0,673.0715291531205,448.9057877739109,448.9057877739098,786.4191556532951,1358.3363406447015,858.8109077647821,280.5664109567242,230.45632465002228,48.81206920304575,80.79523328902307,0.016665969090738,0.0071611256134076,True,,85.0,600.0,0,False,1269.040525885424,
coarse_higher_R1.000_C0.500,modifier,higher,1.0,0.5,150.0,90.0,148.60512489521057,90.7067870743288,ok,89.60163607698632,130.49328206561174,59.26618574287819,96.2046061331005,72.01389666203903,5.823387121931926,0.9422636971665342,0.9999334257103504,0.9999966376621384,0.9999718587038872,1.000007372595797,0.0,665.47769704181,400.6273871512335,400.62738715122657,775.8243510043712,1356.1101598760015,845.8579401200836,277.4515273250738,226.55913503720927,71.22709632273354,80.86476904952195,0.0170756733522239,0.0094041250847425,True,,87.9,600.0,0,False,1316.5502627673045,
coarse_higher_R1.000_C0.900,modifier,higher,1.0,0.9,150.0,90.0,148.60512489521057,90.7067870743288,ok,86.38275236601476,116.897264579159,72.40307159608132,96.00732583631208,72.01457831688077,5.812671050483315,0.942212049693489,0.9998991588751178,0.9999949070138956,0.9999588010756204,1.0000104214001753,0.0,676.958113888606,459.0627407732128,459.0627407732137,792.0028901431895,1359.7072812225042,865.6429886168767,282.1805971745555,232.4052006382313,44.494192983077696,80.71519942679134,0.0074878474229649,0.0035068723892521,True,,84.7,600.0,0,False,1340.4144061308732,
coarse_higher_R1.000_C1.000,modifier,higher,1.0,1.0,150.0,90.0,148.60512489521057,90.7067870743288,ok,144.85815389701747,115.39050388279864,74.46008677688751,96.3543257567996,72.01104059270544,5.811858348146547,0.9459448460115124,0.9997128696888112,0.9999854984691318,0.9998747945662784,1.0000340959009968,0.0,683.0814989734774,457.2684858158565,457.2684858158556,799.9442127843706,1367.0503776132905,874.9047662894072,284.72830510119377,235.0129131873832,40.93041710591112,80.7078789628722,0.0095589813633125,0.0014263933695985,True,,,,0,False,1367.1663195530357,
coarse_higher_R1.000_C0.400,modifier,higher,1.0,0.4,150.0,90.0,148.60512489521057,90.7067870743288,ok,88.37653861998115,136.8529668245106,53.105007739623495,96.10243729939396,72.01721820466514,5.817285226033102,0.9422316694609506,0.9999578002527584,0.9999978686996364,0.9999870737983274,1.0000020114179224,0.0,666.0939131570103,358.8646787655674,358.8646787655696,775.3276652838582,1341.9330144481291,846.1900139903089,277.20981765874404,227.8840570493719,83.7479590848871,80.77631115243867,0.0215006947477149,0.0094848610162969,True,,86.6,600.0,0,False,1552.0070284545895,
coarse_intermediate_R1.700_C0.600,modifier,intermediate,1.7,0.6,140.0,90.0,139.95366838673382,89.7625889323308,ok,115.43830335399252,139.41623823960188,89.38775425555737,115.5360872040014,72.0145361109324,4.253047148128111,1.580259110672727,0.9999330612298748,0.9999966192540348,0.9999734356513076,1.0000064155354875,0.0,498.46256532670367,327.91431020362256,327.9143102036218,585.7043209350974,987.406205623284,641.474168124514,207.7442929941353,172.58322952042056,50.02848398404451,59.05817599903228,0.0123208074873844,0.0089040769964441,True,,114.0,752.0,0,False,0.4293321979581047,
coarse_intermediate_R1.800_C0.600,modifier,intermediate,1.8,0.6,140.0,90.0,139.95366838673382,89.7625889323308,ok,116.54527349799172,140.69489504381554,91.87121480096864,117.46172821789747,72.01531677301261,4.095308293600366,1.671119580942416,0.9999970834719952,0.9999998527006062,1.0000000000256517,0.9999998384140848,0.0,480.8017598751973,320.2257369113854,320.22573691138814,565.3113912692797,950.3674670215768,619.324751885151,200.3851280495901,166.6737097031846,48.82368024284689,56.86718433119582,0.0151627641927518,0.0136352580871772,True,,115.0,760.0,0,False,4.995720011057232,
coarse_intermediate_R1.600_C0.600,modifier,intermediate,1.6,0.6,140.0,90.0,139.95366838673382,89.7625889323308,ok,130.8563985590008,138.06318725477266,87.26402628655562,113.55859685745334,72.01108658716768,4.41504029320453,1.493686008435448,0.9996752942004756,0.9999836007171972,0.99986278131857,1.0000357398231263,0.0,508.2330245083567,329.492858293767,329.4928582937657,594.5012653406428,1021.6995987310966,649.3668395109692,211.803545593531,174.38766048545256,50.79916096821704,61.31056344859108,0.0157702366431635,0.0063850879805471,True,,129.0,845.0,0,False,9.816734205164243,
coarse_intermediate_R1.700_C0.700,modifier,intermediate,1.7,0.7,140.0,90.0,139.95366838673382,89.7625889323308,ok,109.18562750300045,136.2221325100528,92.24209032323766,115.38822624979022,72.01380155755689,4.251128930852557,1.5789516934940078,0.9999163369272712,0.9999957745922872,0.999965513867002,1.00000880536768,0.0,491.9284516063402,339.6017779146408,339.6017779146392,576.6472703873546,981.9220284416584,630.640045549532,205.0110136164934,169.52416056715904,43.98004218681514,59.03214160211847,0.0080439023442977,0.0110871431621717,True,,107.0,727.0,0,False,20.072287146466664,
coarse_intermediate_R1.600_C0.700,modifier,intermediate,1.6,0.7,140.0,90.0,139.95366838673382,89.7625889323308,ok,153.46059244300704,134.97838613766888,89.93353720139103,113.60630823952624,72.01082088899068,4.399292775908746,1.49991978161088,0.9996871313524188,0.999984198553152,0.9998680588728914,1.0000344348050736,0.0,520.5702086975496,334.37642585777985,334.37642585778,611.7307967079387,1030.3668663420367,670.1126822411665,216.95620280356843,180.3072692894272,45.044848936277845,61.09210701389642,0.0167426237480867,0.0085236860836346,True,,151.0,997.0,0,False,24.78265676855544,
coarse_intermediate_R1.800_C0.500,modifier,intermediate,1.8,0.5,140.0,90.0,139.95366838673382,89.7625889323308,ok,122.19642393200776,144.7588833122171,88.35865730155597,117.57457431487296,72.01448272744041,4.093921039667812,1.6733121739649974,0.999939532442674,0.999996946082962,0.9999762513731734,1.000005737204027,0.0,478.6680954492026,300.55759778833504,300.55759778833453,562.2259326683472,949.8862632013464,615.5364286538006,199.49474690194904,165.56882760284168,56.40022601066114,56.84857940537375,0.0110847229571788,0.0086872177613628,True,,120.0,799.0,0,False,25.06111450397741,
coarse_intermediate_R1.700_C0.500,modifier,intermediate,1.7,0.5,140.0,90.0,139.95366838673382,89.7625889323308,ok,119.7032351740054,143.52878297930238,85.98375297660418,115.63366038486376,72.01573819946384,4.252477123531112,1.5817468608132776,1.0000193229199636,1.0000009759050488,1.0000107423370994,0.999996516196727,0.0,495.5302640442905,309.0105433622281,309.0105433622292,581.519528464205,986.15161330108,636.3682858714758,206.52247887313968,171.10285986985326,57.5450300026982,59.04927492033641,0.017320770037287,0.0172391165510248,True,,118.0,781.0,0,False,27.061045530288936,
coarse_intermediate_R1.900_C0.600,modifier,intermediate,1.9,0.6,140.0,90.0,139.95366838673382,89.7625889323308,ok,120.30983758499497,141.869141366107,94.65991263755268,119.29205665762484,72.01410957283504,3.9438486915880095,1.7649397240812876,0.9999523157646284,0.9999975917052832,0.9999806693473758,1.000004854549134,0.0,462.9393853109678,303.1887833709973,303.1887833709966,544.0134506256846,912.8060570309704,596.0042117938754,192.8615399849046,160.58392182203505,47.20922872855432,54.76494418915508,0.0101722955971581,0.0113596053157181,True,,119.0,818.0,0,False,27.65281620843672,
coarse_intermediate_R1.800_C0.700,modifier,intermediate,1.8,0.7,140.0,90.0,139.95366838673382,89.7625889323308,ok,114.31745189899812,137.5501594677937,95.0777549756874,117.32408698847372,72.01378947974914,4.0914546119532345,1.6707813085813372,0.9999353065470802,0.999996732653893,0.9999734025107904,1.0000067460324025,0.0,478.5877381124219,331.98890811927333,331.9889081192713,562.0589228615987,945.3430558430016,615.6079698768344,199.38075941623725,165.827882739262,42.47240449210628,56.81487728268743,0.0087094147744437,0.0109888026521645,True,,112.0,756.0,0,False,34.027845191875954,
coarse_intermediate_R1.900_C0.500,modifier,intermediate,1.9,0.5,140.0,90.0,139.95366838673382,89.7625889323308,ok,120.23102646300686,145.87837650581147,90.43203845121504,119.38453085450982,72.01399186676505,3.945480981156918,1.7655185908238082,0.9999434744713612,0.9999971451753212,0.9999768901042444,1.00000585218351,0.0,462.7798273505608,290.2189540334763,290.2189540334775,543.9751995863116,916.1236649250106,595.776134340648,192.874191455672,160.30774896171258,55.44633805459642,54.78769998553273,0.0083107366552326,0.0099245348392571,True,,119.0,826.0,0,False,35.550328954598974,
coarse_intermediate_R1.500_C0.600,modifier,intermediate,1.5,0.6,140.0,90.0,139.95366838673382,89.7625889323308,ok,116.7072112780006,136.4668005593018,83.88189376526411,111.24362877187154,72.01206035623615,4.605089334863039,1.3999269299585866,0.9997511292594644,0.9999874307706792,0.9998959024386056,1.0000270419071295,0.0,537.5836636580718,353.5313718362919,353.5313718362908,630.6092703418985,1070.8036094143592,690.0659540456061,224.05537707386748,185.51102835763652,52.58490679403768,63.94886234447595,0.0111673972220387,0.0078182186923498,True,,115.0,777.0,0,False,46.74082289394214,
coarse_intermediate_R1.500_C0.700,modifier,intermediate,1.5,0.7,140.0,90.0,139.95366838673382,89.7625889323308,ok,126.87725242201122,133.2288674702073,87.32204663952017,111.19146093914758,72.01117634479853,4.597971073540215,1.4015665098015986,0.9996755679697792,0.9999836145439284,0.9998633702663492,1.0000354252850427,0.0,535.6555868499047,355.5010110572906,355.5010110572906,627.9184113963008,1068.912211706377,686.8572743608703,223.2411090014448,184.62080947564624,45.90682083068712,63.85079798619806,0.0144676977868982,0.0066959412965132,True,,125.0,823.0,0,False,51.17919404991348,
coarse_intermediate_R1.600_C0.500,modifier,intermediate,1.6,0.5,140.0,90.0,139.95366838673382,89.7625889323308,ok,134.2863166560128,142.2617143226372,82.90759960401742,113.6454214688228,72.01184905381726,4.414628672747795,1.4949416716918975,0.999738856566871,0.9999868109377206,0.9998902937252586,1.0000283470430138,0.0,516.8227959109593,314.8808013868427,314.8808013868411,606.0744432100909,1026.5795243548096,663.4991633796476,215.2600808028948,178.72792459990677,59.35411471861978,61.3041982778219,0.0130407934037464,0.0062739327404131,True,,133.0,874.0,0,False,52.31795473353043,
coarse_intermediate_R2.000_C0.500,modifier,intermediate,2.0,0.5,140.0,90.0,139.95366838673382,89.7625889323308,ok,133.32199573499383,146.8822666385164,93.1713442187174,121.0995590680448,72.01476500436432,3.803440364728932,1.8603047254902263,0.9999791882369422,0.9999989489008552,0.9999922987597908,1.0000016957660716,0.0,447.7935173110993,278.298771686083,278.29877168608493,526.6769943757192,883.6400292593727,576.9932840266156,186.6283842098299,155.2965347312615,53.71092241979899,52.8147299307084,0.0115643174503645,0.0131011413945287,True,,131.0,891.0,0,False,59.62508633707319,
coarse_intermediate_R1.700_C0.800,modifier,intermediate,1.7,0.8,140.0,90.0,139.95366838673382,89.7625889323308,ok,109.42098553600954,133.65766052299816,94.75460824423315,115.21553310890695,72.01274586033063,4.246353118292859,1.5783657695907696,0.9998600706487302,0.9999929328610472,0.9999404864382458,1.000015676943336,0.0,494.8328515046127,349.3384942310234,349.33849423102424,580.7542947681449,981.3988313562068,635.7566463160084,206.18665050534133,171.1048441346815,38.90305227876499,58.96668801560073,0.0092302842927267,0.0084275305082854,True,,108.0,718.0,0,False,64.55997183062755,
coarse_intermediate_R1.900_C0.700,modifier,intermediate,1.9,0.7,140.0,90.0,139.95366838673382,89.7625889323308,ok,107.17846582998754,138.82216890537612,97.7296188033246,119.11967368413582,72.01219762965027,3.942362594993776,1.7629945615757183,0.9998229248239086,0.9999910568092883,0.9999260003002806,1.0000191248269714,0.0,458.261044135869,320.0761351807631,320.07613518076164,537.8325231681977,911.3377790199328,588.5135929519283,190.98388110932603,158.284875435005,41.09255010205152,54.74576147875467,0.0125044348458516,0.0098328967225995,True,,106.0,789.0,0,False,64.75385604162021,
coarse_intermediate_R2.000_C0.600,modifier,intermediate,2.0,0.6,140.0,90.0,139.95366838673382,89.7625889323308,ok,126.8961000390118,142.99520413740424,97.21395600004644,120.95758558619389,72.01312379704805,3.806591162644214,1.8565360714419008,0.9998584938557104,0.9999928532250362,0.9999378365738,1.000016136032494,0.0,442.3543430057642,293.4942804430856,293.49428044308644,519.0306000621877,879.8726737067939,567.9015274548369,184.32028067386483,152.81268355856622,45.78124813735779,52.85968670616471,0.0170827293799504,0.0133229172502353,True,,125.0,836.0,0,False,64.7738109004436,
coarse_intermediate_R1.600_C0.800,modifier,intermediate,1.6,0.8,140.0,90.0,139.95366838673382,89.7625889323308,ok,111.0931294799957,132.1761803444963,91.84394501344332,113.16212099325637,72.01410578166282,4.415944452727836,1.488020578811697,0.9999193274618228,0.9999959256293852,0.9999674071219916,1.0000081410374682,0.0,519.5014965401364,364.9830528555004,364.9830528554987,610.7346996998767,1025.098695111663,669.1938201140175,216.51332406094872,180.10094916447557,40.33223533105296,61.32054831197088,0.0088251694867551,0.0100867105329172,True,,109.0,716.0,0,False,64.82136338353197,
coarse_intermediate_R1.800_C0.800,modifier,intermediate,1.8,0.8,140.0,90.0,139.95366838673382,89.7625889323308,ok,111.07150243900831,135.05874506025427,97.49536707672964,117.13560156367662,72.0128118509593,4.087166184583103,1.669843767903424,0.999867631135219,0.9999933147037988,0.9999437229982536,1.0000148168544762,0.0,475.2005946369087,341.2057284855043,341.2057284855046,557.72201391521,944.6481071182546,610.3504921488553,198.0447526284393,164.1648978568964,37.56337798352462,56.75609769331146,0.0074826634086662,0.0078475427502411,True,,109.0,742.0,0,False,83.75613220260621,
coarse_intermediate_R1.500_C0.800,modifier,intermediate,1.5,0.8,140.0,90.0,139.95366838673382,89.7625889323308,ok,129.31973803500296,130.63399732938538,89.37770114567157,111.07570378434932,72.01122263521421,4.59093513801568,1.402262895326701,0.9997252050862784,0.999986121469004,0.9998844985585252,1.000029994990022,0.0,541.5470286048985,369.6011008183523,369.60110081835313,636.2942038260148,1072.10902255034,697.0299604759153,225.69972549655168,187.5421086970118,41.256296183713815,63.753050844198086,0.0131131051218744,0.0063332537193758,True,,127.0,845.0,0,False,87.0044072254977,
coarse_intermediate_R1.400_C0.700,modifier,intermediate,1.4,0.7,140.0,90.0,139.95366838673382,89.7625889323308,ok,120.4254225550103,131.4550843819045,83.85236410436454,108.74604671203666,72.01277605314765,4.800859449623573,1.3097484715173624,0.9998116603181396,0.9999904878948558,0.9999216867058592,1.000020123957913,0.0,562.5148154677594,379.4925339397891,379.4925339397878,659.9652645150269,1119.3821110337758,722.3497289068087,234.4483486764692,194.2116133758553,47.60272027753996,66.66677376914883,0.0183806306994256,0.0112391437396581,True,,119.0,805.0,0,False,107.15668760424968,
coarse_intermediate_R2.000_C0.700,modifier,intermediate,2.0,0.7,140.0,90.0,139.95366838673382,89.7625889323308,ok,123.98509357398144,140.0050689071757,100.17729015387192,120.76896726884748,72.01280553167193,3.806164797868162,1.8538362772283417,0.9998464511935596,0.9999922450097762,0.9999345338849766,1.0000168458126737,0.0,442.9008394624888,307.2594063599455,307.2594063599432,520.062691101139,879.5175294850754,569.1841562323399,184.5848685501344,153.11888309288884,39.82777875330379,52.85399964307979,0.0150389600220819,0.0126168298521491,True,,122.0,797.0,0,False,108.46864354747184,
coarse_intermediate_R1.400_C0.600,modifier,intermediate,1.4,0.6,140.0,90.0,139.95366838673382,89.7625889323308,ok,132.99246012000367,134.87333157541966,80.44935683192432,108.92492673630332,72.01286158034011,4.799492388149899,1.3122778797532024,0.9998662126556273,0.9999932430634152,0.9999433104080736,1.000014877423546,0.0,568.6721868657044,363.0445145280155,363.0445145280164,667.8705092014335,1119.2349902444148,732.0223153158138,236.8571528457264,197.3372735899384,54.423974743495336,66.64771101750226,0.0081641628683826,0.0067366517259586,True,,131.0,884.0,0,False,112.54611427243552,
coarse_intermediate_R1.600_C0.900,modifier,intermediate,1.6,0.9,140.0,90.0,139.95366838673382,89.7625889323308,ok,134.66816691699205,130.1781474276342,94.13544392067428,113.16842155261304,72.01668091394593,4.396510924367477,1.4950221811894515,1.000081056039226,1.0000040937393542,1.0000375216408948,0.9999893603165244,0.0,515.7374216992872,357.5227335765865,357.5227335765862,605.2813158748456,1022.5219587317952,662.6840159003048,214.89189031543376,178.3566655533252,36.04270350695992,61.04850804803056,0.0210027300000206,0.0202010826287875,True,,133.0,884.0,0,False,114.68267077087644,
coarse_intermediate_R1.500_C0.500,modifier,intermediate,1.5,0.5,140.0,90.0,139.95366838673382,89.7625889323308,ok,91.82011667199548,140.59366966010035,79.03520993973089,111.09424135945612,72.01563410213532,4.620016923432406,1.3932300935902586,0.9999499677251074,0.9999974731174288,0.9999809289800632,1.0000044222661937,0.0,531.6034683339974,340.95827244895764,340.9582724489577,622.4446100498394,1065.9053429394344,680.3069525781059,221.5658775350961,182.7222178277744,61.55845972036949,64.1529715183806,0.0150196779458156,0.0132588725352604,True,,90.0,600.0,0,False,115.48626168078466,
coarse_intermediate_R1.900_C0.800,modifier,intermediate,1.9,0.8,140.0,90.0,139.95366838673382,89.7625889323308,ok,115.26892726801452,136.3879017238167,100.04941969769784,118.91479502843632,72.01213659522564,3.9391336363273246,1.7614073196294926,0.9998197382739736,0.9999908958724232,0.9999248623138196,1.0000196685710083,0.0,458.6401347971096,326.4665086187025,326.4665086187007,538.5390468869465,910.4626289139342,589.4711823175992,191.14542532457483,158.5821256218955,36.33848202611887,54.70096878903724,0.0115702236426216,0.0094552624815804,True,,113.0,765.0,0,False,118.53357908967276,
coarse_intermediate_R1.700_C0.900,modifier,intermediate,1.7,0.9,140.0,90.0,139.95366838673382,89.7625889323308,ok,106.80036850998296,131.547696310503,96.70235779336411,115.01416906367471,72.0130383218611,4.241008855684172,1.577572681167106,0.9998689371274084,0.999993380663,0.9999446825882738,1.0000144622309937,0.0,492.909658487179,356.92029259993376,356.9202925999333,578.2598289043083,978.9527785020967,632.8575366147302,205.38918307320208,170.29554609226716,34.84533851713887,58.89223610770389,0.0057969574405376,0.0069029083493461,True,,105.0,705.0,0,False,118.82075839094018,
coarse_intermediate_R1.500_C0.900,modifier,intermediate,1.5,0.9,140.0,90.0,139.95366838673382,89.7625889323308,ok,140.7015580649895,128.55229808532926,91.139764135321,110.989530995636,72.01145194205253,4.579787752389247,1.404752775367637,0.9996901653438788,0.9999843517850436,0.9998703467434444,1.0000337456573665,0.0,542.2616446848508,372.5202436497924,372.5202436497897,637.3737689203106,1070.683704587042,698.3928830222164,225.9941031426319,187.95061462992408,37.41253395000827,63.59804765601162,0.0132657122327373,0.0061308464760827,True,,139.0,915.0,0,False,131.88785628948116,
coarse_intermediate_R1.400_C0.800,modifier,intermediate,1.4,0.8,140.0,90.0,139.95366838673382,89.7625889323308,ok,115.39212122999017,128.73340393339433,86.49886232867655,108.56022710644484,72.01153060009165,4.798279803748155,1.3081867698585057,0.9997477775056351,0.9999872614901836,0.9998924032384264,1.000028416707477,0.0,563.750907926014,381.8715215485393,381.8715215485388,661.8994881969829,1118.7665188927044,724.8124639875448,234.9591914063831,194.9485467065533,42.234541604717776,66.63210410558956,0.0076710434662743,0.0038665673725262,True,,114.0,757.0,0,False,136.54624574627434,
coarse_intermediate_R1.800_C0.900,modifier,intermediate,1.8,0.9,140.0,90.0,139.95366838673382,89.7625889323308,ok,113.206756227999,133.02100958484257,99.3734705268946,116.92803295577666,72.01272080483774,4.081448290576662,1.669229843430137,0.999849949452824,0.9999924216895368,0.9999363002101498,1.0000167469214545,0.0,470.4199487687288,344.4182077962738,344.4182077962723,550.9836545660254,939.8157913826108,602.4359689885408,195.9857138782367,162.08609423518544,33.64753905794798,56.6767682842845,0.0048414839089616,0.0065742421037668,True,,111.0,733.0,0,False,140.4308030881653,
coarse_intermediate_R1.900_C0.400,modifier,intermediate,1.9,0.4,140.0,90.0,139.95366838673382,89.7625889323308,ok,128.17689146497287,151.30147862490506,86.09271717503479,119.41999679038086,72.01407828032288,3.940834332767551,1.7681179727955278,0.9999438148916346,0.9999971623682644,0.9999771893926112,1.0000057336124355,0.0,458.5054522606076,262.5366569262443,262.53665692624486,537.9748501067347,913.6017347198564,588.5173024969474,191.0918020406028,158.21831523607614,65.20876144987027,54.72311007616332,0.0095017023383263,0.012819841708989,True,,127.0,870.0,0,False,142.24075591654278,
coarse_intermediate_R1.800_C0.400,modifier,intermediate,1.8,0.4,140.0,90.0,139.95366838673382,89.7625889323308,ok,126.60218870002429,150.2817138808541,83.10770540945921,117.60042735147424,72.01541566556861,4.0890615691002425,1.6756623074560766,1.000024219340466,1.0000012231990132,1.000012168776088,0.9999963392271668,0.0,476.87273114914,271.6291332707393,271.62913327073807,559.3125365225371,946.6966438180488,612.2059881926943,198.6263508548816,164.90310435123152,67.1740084713949,56.780364749811056,0.0151029534115423,0.01608036282623,True,,125.0,842.0,0,False,150.95599843160613,
coarse_intermediate_R2.000_C0.400,modifier,intermediate,2.0,0.4,140.0,90.0,139.95366838673382,89.7625889323308,ok,90.13274139398708,152.16223427865793,87.78500983671944,120.85723112858686,72.01294545221667,3.835829669902422,1.8402031511308063,0.9998164933994113,0.9999907319898692,0.9999234291518904,1.000019743337699,0.0,433.0612345220389,268.52874900295035,268.5287490029499,506.25627155186544,873.5123258013233,552.4859028664229,180.4795404013609,148.32031939252542,64.3772244419385,53.26583499417672,0.0128829138884327,0.0074722510672273,True,,88.4,600.0,0,False,152.9599002168518,
coarse_intermediate_R2.000_C0.800,modifier,intermediate,2.0,0.8,140.0,90.0,139.95366838673382,89.7625889323308,ok,118.72875000399654,137.61797407216417,102.28257467439762,120.56705972370086,72.01071751756524,3.8007870429010993,1.853358903549336,0.9996884753907715,0.9999842664338776,0.9998683835896264,1.0000344051585268,0.0,443.15317359387313,312.0333907121289,312.03339071212696,520.5741449128864,878.6576167263439,569.8948485904148,184.6935410434346,153.34265238538396,35.33539939776652,52.780852266525336,0.0155683448097363,0.0077781469786373,True,,117.0,793.0,0,False,162.20551091266967,
coarse_intermediate_R1.600_C1.000,modifier,intermediate,1.6,1.0,140.0,90.0,139.95366838673382,89.7625889323308,ok,191.6837996810209,128.7026039224226,96.25976396776264,113.3659063885622,72.01205311391158,4.362912858852772,1.5095311514427412,0.9998111352587504,0.9999904613767048,0.9999214962439908,1.0000201648871303,0.0,515.8609636242315,346.4783295214992,346.47832952149975,605.329666375853,1025.3511840155647,662.550533844113,214.97551417005,178.20266910915228,32.44283995465997,60.585869589794086,0.0102307358631605,0.0087923585842162,True,,,,0,False,168.79973502112526,
coarse_intermediate_R1.400_C0.900,modifier,intermediate,1.4,0.9,140.0,90.0,139.95366838673382,89.7625889323308,ok,134.397247565008,126.78280637585075,88.60810916208897,108.68147567310234,72.01262064637724,4.778341327925424,1.3153853881682802,0.9998480068145976,0.9999923235764948,0.9999354124326834,1.0000169959326697,0.0,566.0727744767833,382.5639566744219,382.5639566744223,664.9719380794072,1121.126303186541,728.435248468973,235.9236846868256,195.97918443809715,38.1746972137618,66.3542207606884,0.0091869671339992,0.0055776269072538,True,,133.0,993.0,0,False,174.8044296496201,
coarse_intermediate_R1.700_C1.000,modifier,intermediate,1.7,1.0,140.0,90.0,139.95366838673382,89.7625889323308,ok,108.86579467798585,129.79750027983096,98.26094858953728,114.80934868518573,72.01359466495359,4.233751276067667,1.5774960613250868,0.9999226129202792,0.9999960915616292,0.999967628849488,1.0000083935412938,0.0,493.1024773871669,365.5523769522823,365.5523769522824,578.8533055571895,979.1130299368664,633.6324116797737,205.51004743713472,170.45328700437858,31.536551690293663,58.791000446032186,0.0068895938611035,0.010292345063334,True,,107.0,706.0,0,False,175.36986747890586,
coarse_intermediate_R1.900_C0.900,modifier,intermediate,1.9,0.9,140.0,90.0,139.95366838673382,89.7625889323308,ok,115.00701007197496,134.38264527001496,101.83526818656772,118.6964858476886,72.01192977507641,3.932853706580736,1.7610020155513897,0.9997784220349843,0.999988809193686,0.9999069722087875,1.0000244724500875,0.0,458.5933542092277,332.5378992365006,332.5378992364976,538.6560000398786,909.300828177449,589.7155046755479,191.1295975622955,158.67400069430096,32.547377083447245,54.613919094581874,0.0105537772979573,0.0052904924572629,True,,113.0,761.0,0,False,176.78588294269838,
coarse_intermediate_R1.700_C0.400,modifier,intermediate,1.7,0.4,140.0,90.0,139.95366838673382,89.7625889323308,ok,130.86102031398332,149.17996325550536,80.00269519015181,115.67447843041002,72.01301704120819,4.2445525550249394,1.5852916259361256,0.9998584150487811,0.999992849244888,0.9999408481774492,1.0000153316577676,0.0,489.6613892423077,278.36640915363887,278.36640915364046,573.2480498093762,982.803692156014,626.3498320145195,204.0784068473546,168.21855263804258,69.17726806535354,58.94146266078629,0.0139590003952605,0.0079020710757617,True,,129.0,855.0,0,False,180.38004286414449,
coarse_intermediate_R1.500_C1.000,modifier,intermediate,1.5,1.0,140.0,90.0,139.95366838673382,89.7625889323308,ok,148.95866122000734,126.80146411605392,92.92767339772544,110.90155983419235,72.01247749858288,4.567259166319701,1.407572705248166,0.999772787926852,0.9999885246427712,0.999904788679105,1.0000248206467297,0.0,535.8241804321236,369.5096745724354,369.50967457243615,628.4021021556712,1066.8854568299366,687.6257137752016,223.2982970379816,184.90038882985223,33.87379071832848,63.42316394279837,0.0076379702803137,0.0076615161609652,True,,147.0,997.0,0,False,182.9982368507732,
coarse_intermediate_R1.800_C1.000,modifier,intermediate,1.8,1.0,140.0,90.0,139.95366838673382,89.7625889323308,ok,111.6180170949956,131.30266029835315,100.85196298510634,116.70526446644004,72.01407986396775,4.075265557502563,1.668580658140378,0.9999427597687808,0.9999971090792312,0.9999765600237944,1.00000596152864,0.0,474.9581908361816,349.8300075306446,349.8300075306446,557.7788766546973,942.0006442398928,610.650738000515,197.9511556715418,164.2995626548451,30.45069731324681,56.58984416937086,0.0062534843922037,0.0106750433090496,True,,110.0,725.0,0,False,197.8141578275993,
coarse_intermediate_R1.400_C0.500,modifier,intermediate,1.4,0.5,140.0,90.0,139.95366838673382,89.7625889323308,ok,93.36366234501476,138.96538484867526,75.3620915261097,108.63211955526988,72.0152339697348,4.818218994932664,1.303319556205193,0.9999352814963842,0.999996731388708,0.9999745244652484,1.0000061929946529,0.0,551.9123532362523,350.55189481869377,350.55189481869513,645.322991564503,1111.822533765417,704.7505676545724,230.03669220165344,189.16084283230572,63.60329332256556,66.90555219132627,0.0129345021122446,0.0098476930729418,True,,91.6,600.0,0,False,208.3510298981784,
coarse_intermediate_R2.000_C0.900,modifier,intermediate,2.0,0.9,140.0,90.0,139.95366838673382,89.7625889323308,ok,120.03498925102758,135.6486216651816,103.6450464382462,120.34036792252836,72.01068897171949,3.795195391694456,1.852606369093048,0.9996894732459244,0.9999843168306018,0.99986895612381,1.0000341916941262,0.0,442.97012835991,321.4254666017687,321.4254666017679,520.4984357809714,877.4270169836389,569.9059666212156,184.62124645310257,153.36760896091636,32.00357522693538,52.7032228949362,0.0165523090427655,0.0075940682025077,True,,118.0,784.0,0,False,211.2560536782948,
coarse_intermediate_R1.300_C0.700,modifier,intermediate,1.3,0.7,140.0,90.0,139.95366838673382,89.7625889323308,ok,89.8488815940218,129.2950792317751,79.7856963223648,105.85096917853886,72.01486929971753,5.030909273526346,1.213244869944504,0.9999413928016254,0.999997040040487,0.999975709679186,1.0000062169955646,0.0,584.9207681560988,398.0056658644893,398.00566586449145,685.5165233540657,1168.0611481585852,749.865940475341,243.7937710890889,201.5026298944977,49.50938290941031,69.85931270094076,0.0157610917191846,0.0113797531658832,True,,88.1,600.0,0,False,213.14390892499785,
coarse_intermediate_R1.300_C0.800,modifier,intermediate,1.3,0.8,140.0,90.0,139.95366838673382,89.7625889323308,ok,129.4146392779949,126.8304648273254,82.939881240693,106.02548723428788,72.01260722454597,5.014015298500484,1.2195176030699797,0.9998382383467947,0.999991830219536,0.9999314623625088,1.0000179850777404,0.0,589.0613510257324,396.8603509839885,396.8603509839885,691.0510908285709,1172.224878765915,756.4201283798066,245.5157171229669,203.3672568662597,43.8905835866324,69.62690967244168,0.0078220801860453,0.0058995303537017,True,,128.0,848.0,0,False,218.7678119072036,
coarse_intermediate_R1.900_C1.000,modifier,intermediate,1.9,1.0,140.0,90.0,139.95366838673382,89.7625889323308,ok,110.8513934520015,132.6884700829126,102.94920296544429,118.4598360073494,72.0130215522261,3.9274505428212327,1.7599644675873145,0.9998336158755468,0.9999915967613916,0.999930374491797,1.0000180728735062,0.0,458.12376913966057,336.68386076001144,336.68386076001025,538.2070449156122,907.6858530027266,589.2947243467231,190.938170025123,158.5777320511803,29.73926711746833,54.53806073076551,0.0067579481329005,0.005709855805307,True,,109.0,747.0,0,False,226.6698960521519,
coarse_intermediate_R1.400_C1.000,modifier,intermediate,1.4,1.0,140.0,90.0,139.95366838673382,89.7625889323308,ok,115.72499922299176,124.7936458964586,89.84246853055595,108.34631700785638,72.01249833170212,4.779130267130784,1.3110009171497743,0.9997733163587756,0.9999885513312522,0.9999050522659148,1.0000247131282043,0.0,565.0539176998824,390.9617104862156,390.9617104862156,663.9537657937235,1117.900165891214,727.4450869203633,235.4948708013858,195.74610295867296,34.95117736590265,66.36528905187093,0.0079275572806523,0.0055591856121424,True,,114.0,853.0,0,False,229.83266265586323,
coarse_intermediate_R1.300_C0.600,modifier,intermediate,1.3,0.6,140.0,90.0,139.95366838673382,89.7625889323308,ok,93.33107455898426,132.71745563278773,76.17548545691925,105.92941608819784,72.01664807484033,5.034282072649552,1.2132919683776469,1.0000008700166876,1.0000000439402357,1.0000034507035789,0.9999983169841388,0.0,580.7847776533147,382.75604015276633,382.7560401527671,679.6453471922293,1166.2883161245309,742.7195659987958,242.074800824918,199.43196367382387,56.541970175868485,69.904420814169,0.0186754803102076,0.0126772713953471,True,,91.5,600.0,0,False,236.9721558719128,
coarse_intermediate_R1.600_C0.400,modifier,intermediate,1.6,0.4,140.0,90.0,139.95366838673382,89.7625889323308,ok,92.8666712460108,147.80469236357573,76.25875090429918,113.31446449150812,72.01497803859627,4.435948806394996,1.482941827711406,0.9999396893940516,0.9999969540098,0.9999751043873724,1.0000063503268382,0.0,504.7606810223568,302.30395494618693,302.30395494618614,590.0228765683137,1018.3156084244522,644.0998080380882,210.37482137840092,172.86187017856827,71.54594145927655,61.59758604685762,0.0115593158076592,0.0146374557786259,True,,91.0,600.0,0,False,243.99221897225945,
coarse_intermediate_R1.300_C0.900,modifier,intermediate,1.3,0.9,140.0,90.0,139.95366838673382,89.7625889323308,ok,125.37750484698336,124.56162456275524,85.12357157872164,105.84985367063553,72.01136050170463,5.009203293103972,1.2186695612144134,0.9997345031812664,0.999986591069761,0.9998870020289812,1.0000297803701823,0.0,590.0089529598349,405.9642654392337,405.96426543923474,692.5716494621233,1171.4345604513096,758.3747903485793,245.90630531931245,203.9589459718563,39.43805298403359,69.56129224895557,0.0116003269531006,0.0071977963922051,True,,124.0,820.0,0,False,258.4354950863646,
coarse_intermediate_R2.000_C1.000,modifier,intermediate,2.0,1.0,140.0,90.0,139.95366838673382,89.7625889323308,ok,118.6885349819786,133.9794837977517,104.75819850654156,120.09863148344056,72.01245297313106,3.788359322711701,1.8522127890836733,0.9997814132725912,0.9999889602662936,0.9999080961587598,1.0000239410223055,0.0,442.4318826507722,325.03426803941807,325.0342680394174,519.9425743719274,875.3966221823835,569.3515922090487,184.401082952995,153.232321417326,29.221285291210137,52.60700290441704,0.012283098169064,0.0063132911973013,True,,117.0,780.0,0,False,260.55918800539297,
coarse_intermediate_R1.300_C1.000,modifier,intermediate,1.3,1.0,140.0,90.0,139.95366838673382,89.7625889323308,ok,121.91769801400368,122.65757637877324,86.88630091427191,105.66558690495424,72.0119106273399,5.00284193180584,1.2181343269001248,0.9997806222432792,0.999988920315317,0.999906536800962,1.0000246547605074,0.0,590.2034942082557,412.9617008691064,412.9617008691079,693.0758628532217,1170.0635372531035,759.12594812953,245.98301298030952,204.2086633158258,35.77127546450133,69.47242321753465,0.0090154502587012,0.0067587466922987,True,,120.0,800.0,0,False,307.42783151066703,
coarse_intermediate_R1.300_C0.500,modifier,intermediate,1.3,0.5,140.0,90.0,139.95366838673382,89.7625889323308,ok,91.65868775598938,137.12843750615795,71.85608044448438,105.94191434630076,72.01301066173211,5.034578404361444,1.213237625866927,0.999801400070088,0.9999899697005092,0.9999172956553484,1.0000212622010638,0.0,573.2862592925356,360.29732926800784,360.29732926800585,669.1419720460217,1161.6971966832934,730.0241990856551,238.9523482327033,195.7806241918176,65.27235706167357,69.91206669598152,0.0119580752165973,0.0057879592842056,True,,89.8,600.0,0,False,328.6249757538756,
coarse_intermediate_R1.500_C0.400,modifier,intermediate,1.5,0.4,140.0,90.0,139.95366838673382,89.7625889323308,ok,92.567576114001,146.4312524266316,72.74425497339568,111.03532330735892,72.01218413756078,4.617614327025839,1.3931431535864,0.9997427403081356,0.9999870070862694,0.9998921079944976,1.000028024918306,0.0,522.4154213615316,310.0057804454775,310.0057804454759,609.6605740332159,1059.6692145137995,664.9124730103994,217.7379178388374,178.31000775535404,73.68699745323592,64.12268121468269,0.015261116884119,0.0074648745439134,True,,90.7,600.0,0,False,331.5827857317826,
coarse_intermediate_R1.200_C0.700,modifier,intermediate,1.2,0.7,140.0,90.0,139.95366838673382,89.7625889323308,ok,91.68478794200928,127.1474624000622,75.70826678030022,102.93239473358102,72.01166266307517,5.268892691341163,1.1230112183439305,0.9997106646141708,0.999985387101726,0.999876079889221,1.0000328593622354,0.0,610.6545642189288,410.43302352946864,410.4330235294652,714.7798494357462,1224.8948404761018,781.3329907781629,254.528883075826,209.8268939003836,51.43919561976199,73.16721342753901,0.008627850318291,0.0047288023421572,True,,89.9,600.0,0,False,361.5228829261214,
coarse_intermediate_R1.200_C0.800,modifier,intermediate,1.2,0.8,140.0,90.0,139.95366838673382,89.7625889323308,ok,90.844078789989,124.34369760969456,78.60383613996949,102.83169705292332,72.0122875099028,5.264144146640214,1.1229910112647414,0.9997172149657028,0.9999857179275607,0.9998812797837988,1.0000308920571128,0.0,613.8037102755613,422.0846254072196,422.084625407218,719.2993859605476,1225.9593175968298,786.868277224715,255.8366939199244,211.43982948977532,45.739861469725085,73.10063780318481,0.0068323241403618,0.0056010224357265,True,,89.1,600.0,0,False,368.1889515410508,
coarse_intermediate_R1.200_C0.600,modifier,intermediate,1.2,0.6,140.0,90.0,139.95366838673382,89.7625889323308,ok,91.02500388299812,130.67230342343038,72.35524036071175,103.00020848083118,72.01628715940866,5.2724030115914085,1.123084388015306,0.999936912450334,0.9999968137601176,0.9999770993877892,1.000005584088874,0.0,605.1534904258401,394.0699429648695,394.0699429648674,707.0239375998165,1221.9239917725963,771.9199889207925,252.240638142257,207.1090123754126,58.31706306271863,73.21125844659139,0.0144534443639656,0.0084412065628498,True,,89.2,600.0,0,False,389.1595198758847,
coarse_intermediate_R1.200_C0.900,modifier,intermediate,1.2,0.9,140.0,90.0,139.95366838673382,89.7625889323308,ok,92.2715275399969,122.06370466805464,80.91744087543005,102.70942763501584,72.01664826496496,5.258324132509356,1.1229694599293432,0.9999947876500024,0.9999997367499988,1.0000007801737796,0.9999989258753434,0.0,615.525941378362,430.6736016135636,430.67360161356,721.8847146307637,1221.2510351158878,790.090608785318,256.54988660984554,212.39235418158103,41.1462637926246,73.01539656723311,0.0173793261471075,0.0126948951571677,True,,90.4,600.0,0,False,398.2874460041528,
coarse_intermediate_R1.400_C0.400,modifier,intermediate,1.4,0.4,140.0,90.0,139.95366838673382,89.7625889323308,ok,93.86357458899148,144.82095435458714,70.17513657020359,108.56787126282276,72.01487572714515,4.815317658243222,1.303294120122557,0.9999066680536088,0.999995286265335,0.9999615328660476,1.0000098033095302,0.0,551.0827378201,317.75615362499207,317.75615362499246,643.5480409407378,1104.0518197660808,703.0264498315103,229.4661882776748,189.2153677594269,74.64581778438355,66.8655969981511,0.013078954276267,0.0061867908032553,True,,92.0,600.0,0,False,407.3587627314646,
coarse_intermediate_R1.200_C1.000,modifier,intermediate,1.2,1.0,140.0,90.0,139.95366838673382,89.7625889323308,ok,92.68886544799898,120.14171676507944,82.78670782886974,102.56054494823498,72.01662310376724,5.251369074370602,1.1228884754761683,0.999996180889526,0.9999998071156332,0.9999997382720396,0.9999995351868454,0.0,612.6600661782473,430.77491692700767,430.7749169270073,717.5331969309344,1218.4067473116695,785.2385905130502,255.178130819606,211.43518529221967,37.3550089362097,72.91884634473925,0.0226091991844725,0.0119976792564386,True,,90.8,600.0,0,False,441.1763442283991,
coarse_intermediate_R1.200_C0.500,modifier,intermediate,1.2,0.5,140.0,90.0,139.95366838673382,89.7625889323308,ok,91.38345934200332,135.16794943776262,68.71000466080471,103.00806875834806,72.01580823366277,5.272487457062193,1.1230976413200078,1.0000000000070588,1.0000000000003566,1.0000001931982685,0.9999993855455278,0.0,612.2416143063582,370.0028247346038,370.00282473460345,716.1301385421615,1217.1929008660627,783.349915026588,254.9276830662056,211.0086453674828,66.4579447769579,73.21291791873057,0.02050607520232,0.0131479864904804,True,,89.6,600.0,0,False,466.1144103682497,
coarse_intermediate_R1.300_C0.400,modifier,intermediate,1.3,0.4,140.0,90.0,139.95366838673382,89.7625889323308,ok,94.5034079500183,143.12109490204853,66.63859045958148,105.87626177446138,72.01383159369897,5.031243293728329,1.2132092955803833,0.999865063372602,0.999993185018818,0.9999431371042812,1.000014847294912,0.0,578.5546177544315,335.3268514336544,335.3268514336549,676.709049775727,1163.2844772584667,739.1633198283286,241.17758988134932,198.33854884491336,76.48250444246705,69.86495763917317,0.0037856928438202,0.0069007043259858,True,,92.6,600.0,0,False,544.7518960976315,
coarse_intermediate_R1.100_C0.700,modifier,intermediate,1.1,0.7,140.0,90.0,139.95366838673382,89.7625889323308,ok,93.14315668999916,124.82978910840876,71.84619424137723,99.72763046820776,72.01545693851901,5.531655169852915,1.0327326756558108,0.9999250921212643,0.9999962167738006,0.999970366181594,1.0000071997880131,0.0,638.023365256516,422.9799502373954,422.9799502373927,745.6175572284214,1286.9179915912446,814.2703816184994,265.9481967739986,218.4932097373708,52.98359486703153,76.81205403689094,0.0145437122792628,0.0065324919785041,True,,91.4,600.0,0,False,549.7289231473794,
coarse_intermediate_R1.100_C0.800,modifier,intermediate,1.1,0.8,140.0,90.0,139.95366838673382,89.7625889323308,ok,92.27717244499944,121.98005136694228,74.26835575700972,99.63797487377629,72.01499154240213,5.527086367908124,1.0327078321589176,0.9999901927699668,0.9999995046853524,0.999996118430049,1.000000956046888,0.0,642.4855767978222,435.64367208934095,435.6436720893414,751.9791441026616,1288.8188485238636,822.0345468550743,267.80258196158525,220.74706915758784,47.711695609932576,76.74910806111528,0.0106015750353094,0.0090187197981634,True,,90.5,600.0,0,False,563.1221704653603,
coarse_intermediate_R1.100_C0.600,modifier,intermediate,1.1,0.6,140.0,90.0,139.95366838673382,89.7625889323308,ok,96.43253673499568,128.37384409584433,68.91938884001368,99.77663018519176,72.01110274636733,5.534197350091391,1.0326875882366149,0.9996305855097216,0.9999813427025106,0.999844188890182,1.0000404965494507,0.0,643.2949173745785,405.20589434592887,405.205894345928,752.0011397575895,1282.855884538364,822.4102740764688,267.8536235289107,221.51566643781297,59.45445525583065,76.85200113631879,0.0107871496487916,0.0058904698905308,True,,94.5,600.0,0,False,568.5313206962427,
coarse_intermediate_R1.100_C0.900,modifier,intermediate,1.1,0.9,140.0,90.0,139.95366838673382,89.7625889323308,ok,90.6108231160033,119.60524843121384,76.65454559620474,99.52431717014152,72.0153886931243,5.52134447078457,1.0326616466071987,0.999995549829457,0.999999775243912,0.9999986816009812,1.0000002206674057,0.0,645.0308369515893,444.86052504826375,444.8605250482624,755.6983090793294,1289.298168241175,826.6311949572048,268.8580632649258,222.09631835174667,42.950702835009096,76.66895327486752,0.0208376237680738,0.0118685288716164,True,,88.8,600.0,0,False,585.8789947879627,
coarse_intermediate_R1.100_C1.000,modifier,intermediate,1.1,1.0,140.0,90.0,139.95366838673382,89.7625889323308,ok,92.31064467100076,117.61510262106812,78.60012931791664,99.3928771176523,72.01491014081371,5.514550810742531,1.0325743388012822,0.9999360763796956,0.9999967715343284,0.9999729036563862,1.0000071052924402,0.0,646.4875655526067,451.80109830698393,451.8010983069827,757.8957298799119,1287.210515299555,829.3930814263638,269.4602186952643,222.9209927328159,39.01497330315148,76.57512590045177,0.0184903958367925,0.0088879557706178,True,,90.5,600.0,0,False,623.612025110399,
coarse_intermediate_R1.100_C0.500,modifier,intermediate,1.1,0.5,140.0,90.0,139.95366838673382,89.7625889323308,ok,93.44257100299,132.95364299602454,64.14224152594065,99.77498269111996,72.01136430670385,5.533768576890273,1.032678295998836,0.999688351410324,0.9999842601722386,0.9998692368635922,1.0000338890574572,0.0,638.9131380263556,390.67306052024855,390.67306052024935,746.9202842718969,1289.3529727098223,815.7432790452799,266.3579653716706,218.81151628311545,68.8114014700839,76.84576775023147,0.014552089040734,0.0062218894993293,True,,91.6,600.0,0,False,705.4025566946972,
coarse_intermediate_R1.200_C0.400,modifier,intermediate,1.2,0.4,140.0,90.0,139.95366838673382,89.7625889323308,ok,92.00161395801116,141.25150660362252,62.37880891143212,102.9260179469418,72.01494680052289,5.267865201919426,1.12305036211453,0.9999307863167202,0.9999965043594315,0.9999717283333932,1.0000071137841504,0.0,600.1185401283786,343.78894413203955,343.78894413203875,700.2169408798529,1219.3263560798914,763.7019375026907,250.17780109778985,204.67252069007844,78.8726976921904,73.14960901812645,0.0139820555202732,0.0084625644097755,True,,90.2,600.0,0,False,751.5557922701867,
coarse_intermediate_R1.000_C0.700,modifier,intermediate,1.0,0.7,140.0,90.0,139.95366838673382,89.7625889323308,ok,93.92465964899748,122.18537623212546,67.79091966103233,96.18674467206984,72.01631866402955,5.822814572756993,0.9422757758029996,0.9999713857898742,0.9999985548378724,0.9999909666021044,1.000001514169949,0.0,681.8617469249955,435.1475642662555,435.14756426625706,797.6105912048408,1355.33825032117,872.7668420633145,283.9081026324937,235.1699907617809,54.39445657109313,80.85409919273408,0.0178776234621977,0.0090431135364781,True,,92.1,600.0,0,False,798.4664566588383,
coarse_intermediate_R1.000_C0.800,modifier,intermediate,1.0,0.8,140.0,90.0,139.95366838673382,89.7625889323308,ok,90.94060158298817,119.28538481403544,70.4733156109897,96.10993867025044,72.0156784892416,5.818523544005556,0.9422649893355846,0.9999335093071048,0.9999966418841986,0.9999740122680536,1.0000061936713027,0.0,673.0715291531205,448.9057877739109,448.9057877739098,786.4191556532951,1358.3363406447015,858.8109077647821,280.5664109567242,230.45632465002228,48.81206920304575,80.79523328902307,0.016665969090738,0.0071611256134076,True,,89.2,600.0,0,False,799.2540111068748,
coarse_intermediate_R1.000_C0.900,modifier,intermediate,1.0,0.9,140.0,90.0,139.95366838673382,89.7625889323308,ok,92.84666006200132,116.897264579159,72.40307159608132,96.00732583631208,72.01457831688077,5.812671050483315,0.942212049693489,0.9998991588751178,0.9999949070138956,0.9999588010756204,1.0000104214001753,0.0,676.958113888606,459.0627407732128,459.0627407732137,792.0028901431895,1359.7072812225042,865.6429886168767,282.1805971745555,232.4052006382313,44.494192983077696,80.71519942679134,0.0074878474229649,0.0035068723892521,True,,91.1,600.0,0,False,832.9505986854965,
coarse_intermediate_R1.000_C1.000,modifier,intermediate,1.0,1.0,140.0,90.0,139.95366838673382,89.7625889323308,ok,157.27421426499495,115.39050388279864,74.46008677688751,96.3543257567996,72.01104059270544,5.811858348146547,0.9459448460115124,0.9997128696888112,0.9999854984691318,0.9998747945662784,1.0000340959009968,0.0,683.0814989734774,457.2684858158565,457.2684858158556,799.9442127843706,1367.0503776132905,874.9047662894072,284.72830510119377,235.0129131873832,40.93041710591112,80.7078789628722,0.0095589813633125,0.0014263933695985,True,,,,0,False,837.5156226647287,
coarse_intermediate_R1.000_C0.600,modifier,intermediate,1.0,0.6,140.0,90.0,139.95366838673382,89.7625889323308,ok,78.68540801698691,125.78730683992178,64.03473186804948,96.21454185413256,72.00947296473727,5.824413498582562,0.9422030355176574,0.9995146663548165,0.999975488199738,0.9997942023958772,1.0000539710537235,0.0,677.4119454858343,416.12570486399306,416.1257048639916,792.440881781085,1363.1151055053106,865.9041544856123,282.41750606646804,232.32826553380167,61.75257497187231,80.8839901027293,0.0142113342475767,0.0083426938243604,True,,77.4,600.0,0,False,862.6084285950852,
coarse_intermediate_R1.100_C0.400,modifier,intermediate,1.1,0.4,140.0,90.0,139.95366838673382,89.7625889323308,ok,137.02980158798164,139.46252449074106,58.176696227849845,100.00554330851458,72.0096771899885,5.52549609535663,1.0367263004266627,0.9995617647812298,0.9999778669081428,0.9998144215822776,1.0000485319866137,0.0,625.0257564707812,341.93800888072906,341.93800888072985,727.1153130133644,1282.8045059300566,791.6115293258645,260.57621890216694,211.835406474772,81.28582826289121,76.73268803550253,0.0154296371444218,0.0060355793878414,True,,135.0,892.0,0,False,997.9098402655542,
coarse_intermediate_R1.000_C0.500,modifier,intermediate,1.0,0.5,140.0,90.0,139.95366838673382,89.7625889323308,ok,94.89551363998908,130.49328206561174,59.26618574287819,96.2046061331005,72.01389666203903,5.823387121931926,0.9422636971665342,0.9999334257103504,0.9999966376621384,0.9999718587038872,1.000007372595797,0.0,665.47769704181,400.6273871512335,400.62738715122657,775.8243510043712,1356.1101598760015,845.8579401200836,277.4515273250738,226.55913503720927,71.22709632273354,80.86476904952195,0.0170756733522239,0.0094041250847425,True,,93.1,600.0,0,False,1019.529516838529,
coarse_intermediate_R1.000_C0.400,modifier,intermediate,1.0,0.4,140.0,90.0,139.95366838673382,89.7625889323308,ok,92.59492822200993,136.8529668245106,53.105007739623495,96.10243729939396,72.01721820466514,5.817285226033102,0.9422316694609506,0.9999578002527584,0.9999978686996364,0.9999870737983274,1.0000020114179224,0.0,666.0939131570103,358.8646787655674,358.8646787655696,775.3276652838582,1341.9330144481291,846.1900139903089,277.20981765874404,227.8840570493719,83.7479590848871,80.77631115243867,0.0215006947477149,0.0094848610162969,True,,90.8,600.0,0,False,1353.392609077902,
coarse_mild_R1.300_C0.700,modifier,mild,1.3,0.7,130.0,80.0,129.01287026934924,80.18649564356137,ok,90.65124804101652,129.2950792317751,79.7856963223648,105.85096917853886,72.01486929971753,5.030909273526346,1.213244869944504,0.9999413928016254,0.999997040040487,0.999975709679186,1.0000062169955646,0.0,584.9207681560988,398.0056658644893,398.00566586449145,685.5165233540657,1168.0611481585852,749.865940475341,243.7937710890889,201.5026298944977,49.50938290941031,69.85931270094076,0.0157610917191846,0.0113797531658832,True,,88.6,600.0,0,False,0.2402819943451191,
coarse_mild_R1.300_C0.800,modifier,mild,1.3,0.8,130.0,80.0,129.01287026934924,80.18649564356137,ok,127.70695461900324,126.8304648273254,82.939881240693,106.02548723428788,72.01260722454597,5.014015298500484,1.2195176030699797,0.9998382383467947,0.999991830219536,0.9999314623625088,1.0000179850777404,0.0,589.0613510257324,396.8603509839885,396.8603509839885,691.0510908285709,1172.224878765915,756.4201283798066,245.5157171229669,203.3672568662597,43.8905835866324,69.62690967244168,0.0078220801860453,0.0058995303537017,True,,126.0,848.0,0,False,12.344025759867131,
coarse_mild_R1.400_C0.700,modifier,mild,1.4,0.7,130.0,80.0,129.01287026934924,80.18649564356137,ok,121.13858380899184,131.4550843819045,83.85236410436454,108.74604671203666,72.01277605314765,4.800859449623573,1.3097484715173624,0.9998116603181396,0.9999904878948558,0.9999216867058592,1.000020123957913,0.0,562.5148154677594,379.4925339397891,379.4925339397878,659.9652645150269,1119.3821110337758,722.3497289068087,234.4483486764692,194.2116133758553,47.60272027753996,66.66677376914883,0.0183806306994256,0.0112391437396581,True,,119.0,805.0,0,False,19.40300134347548,
coarse_mild_R1.200_C0.700,modifier,mild,1.2,0.7,130.0,80.0,129.01287026934924,80.18649564356137,ok,92.55660111701582,127.1474624000622,75.70826678030022,102.93239473358102,72.01166266307517,5.268892691341163,1.1230112183439305,0.9997106646141708,0.999985387101726,0.999876079889221,1.0000328593622354,0.0,610.6545642189288,410.43302352946864,410.4330235294652,714.7798494357462,1224.8948404761018,781.3329907781629,254.528883075826,209.8268939003836,51.43919561976199,73.16721342753901,0.008627850318291,0.0047288023421572,True,,90.8,600.0,0,False,23.53428027054322,
coarse_mild_R1.200_C0.800,modifier,mild,1.2,0.8,130.0,80.0,129.01287026934924,80.18649564356137,ok,91.07054557299124,124.34369760969456,78.60383613996949,102.83169705292332,72.0122875099028,5.264144146640214,1.1229910112647414,0.9997172149657028,0.9999857179275607,0.9998812797837988,1.0000308920571128,0.0,613.8037102755613,422.0846254072196,422.084625407218,719.2993859605476,1225.9593175968298,786.868277224715,255.8366939199244,211.43982948977532,45.739861469725085,73.10063780318481,0.0068323241403618,0.0056010224357265,True,,89.4,600.0,0,False,24.30598442997631,
coarse_mild_R1.300_C0.600,modifier,mild,1.3,0.6,130.0,80.0,129.01287026934924,80.18649564356137,ok,91.67346557299608,132.71745563278773,76.17548545691925,105.92941608819784,72.01664807484033,5.034282072649552,1.2132919683776469,1.0000008700166876,1.0000000439402357,1.0000034507035789,0.9999983169841388,0.0,580.7847776533147,382.75604015276633,382.7560401527671,679.6453471922293,1166.2883161245309,742.7195659987958,242.074800824918,199.43196367382387,56.541970175868485,69.904420814169,0.0186754803102076,0.0126772713953471,True,,89.4,600.0,0,False,29.81215543234964,
coarse_mild_R1.400_C0.600,modifier,mild,1.4,0.6,130.0,80.0,129.01287026934924,80.18649564356137,ok,134.86073210902396,134.87333157541966,80.44935683192432,108.92492673630332,72.01286158034011,4.799492388149899,1.3122778797532024,0.9998662126556273,0.9999932430634152,0.9999433104080736,1.000014877423546,0.0,568.6721868657044,363.0445145280155,363.0445145280164,667.8705092014335,1119.2349902444148,732.0223153158138,236.8571528457264,197.3372735899384,54.423974743495336,66.64771101750226,0.0081641628683826,0.0067366517259586,True,,133.0,884.0,0,False,34.414102724296185,
coarse_mild_R1.400_C0.800,modifier,mild,1.4,0.8,130.0,80.0,129.01287026934924,80.18649564356137,ok,115.5127305999922,128.73340393339433,86.49886232867655,108.56022710644484,72.01153060009165,4.798279803748155,1.3081867698585057,0.9997477775056351,0.9999872614901836,0.9998924032384264,1.000028416707477,0.0,563.750907926014,381.8715215485393,381.8715215485388,661.8994881969829,1118.7665188927044,724.8124639875448,234.9591914063831,194.9485467065533,42.234541604717776,66.63210410558956,0.0076710434662743,0.0038665673725262,True,,114.0,757.0,0,False,39.92407460028406,
coarse_mild_R1.300_C0.900,modifier,mild,1.3,0.9,130.0,80.0,129.01287026934924,80.18649564356137,ok,124.85355380398688,124.56162456275524,85.12357157872164,105.84985367063553,72.01136050170463,5.009203293103972,1.2186695612144134,0.9997345031812664,0.999986591069761,0.9998870020289812,1.0000297803701823,0.0,590.0089529598349,405.9642654392337,405.96426543923474,692.5716494621233,1171.4345604513096,758.3747903485793,245.90630531931245,203.9589459718563,39.43805298403359,69.56129224895557,0.0116003269531006,0.0071977963922051,True,,123.0,820.0,0,False,44.1883071300102,
coarse_mild_R1.200_C0.900,modifier,mild,1.2,0.9,130.0,80.0,129.01287026934924,80.18649564356137,ok,90.3044839570066,122.06370466805464,80.91744087543005,102.70942763501584,72.01664826496496,5.258324132509356,1.1229694599293432,0.9999947876500024,0.9999997367499988,1.0000007801737796,0.9999989258753434,0.0,615.525941378362,430.6736016135636,430.67360161356,721.8847146307637,1221.2510351158878,790.090608785318,256.54988660984554,212.39235418158103,41.1462637926246,73.01539656723311,0.0173793261471075,0.0126948951571677,True,,88.7,600.0,0,False,48.82518348620762,
coarse_mild_R1.200_C0.600,modifier,mild,1.2,0.6,130.0,80.0,129.01287026934924,80.18649564356137,ok,91.60077042400373,130.67230342343038,72.35524036071175,103.00020848083118,72.01628715940866,5.2724030115914085,1.123084388015306,0.999936912450334,0.9999968137601176,0.9999770993877892,1.000005584088874,0.0,605.1534904258401,394.0699429648695,394.0699429648674,707.0239375998165,1221.9239917725963,771.9199889207925,252.240638142257,207.1090123754126,58.31706306271863,73.21125844659139,0.0144534443639656,0.0084412065628498,True,,89.9,600.0,0,False,64.08227769802384,
coarse_mild_R1.500_C0.700,modifier,mild,1.5,0.7,130.0,80.0,129.01287026934924,80.18649564356137,ok,124.89008668801398,133.2288674702073,87.32204663952017,111.19146093914758,72.01117634479853,4.597971073540215,1.4015665098015986,0.9996755679697792,0.9999836145439284,0.9998633702663492,1.0000354252850427,0.0,535.6555868499047,355.5010110572906,355.5010110572906,627.9184113963008,1068.912211706377,686.8572743608703,223.2411090014448,184.62080947564624,45.90682083068712,63.85079798619806,0.0144676977868982,0.0066959412965132,True,,123.0,823.0,0,False,68.69072041357151,
coarse_mild_R1.500_C0.600,modifier,mild,1.5,0.6,130.0,80.0,129.01287026934924,80.18649564356137,ok,117.31784016400344,136.4668005593018,83.88189376526411,111.24362877187154,72.01206035623615,4.605089334863039,1.3999269299585866,0.9997511292594644,0.9999874307706792,0.9998959024386056,1.0000270419071295,0.0,537.5836636580718,353.5313718362919,353.5313718362908,630.6092703418985,1070.8036094143592,690.0659540456061,224.05537707386748,185.51102835763652,52.58490679403768,63.94886234447595,0.0111673972220387,0.0078182186923498,True,,116.0,777.0,0,False,69.21704404535626,
coarse_mild_R1.400_C0.900,modifier,mild,1.4,0.9,130.0,80.0,129.01287026934924,80.18649564356137,ok,147.93434302599053,126.78280637585075,88.60810916208897,108.68147567310234,72.01262064637724,4.778341327925424,1.3153853881682802,0.9998480068145976,0.9999923235764948,0.9999354124326834,1.0000169959326697,0.0,566.0727744767833,382.5639566744219,382.5639566744223,664.9719380794072,1121.126303186541,728.435248468973,235.9236846868256,195.97918443809715,38.1746972137618,66.3542207606884,0.0091869671339992,0.0055776269072538,True,,146.0,993.0,0,False,75.89675922453225,
coarse_mild_R1.100_C0.800,modifier,mild,1.1,0.8,130.0,80.0,129.01287026934924,80.18649564356137,ok,92.45287960398127,121.98005136694228,74.26835575700972,99.63797487377629,72.01499154240213,5.527086367908124,1.0327078321589176,0.9999901927699668,0.9999995046853524,0.999996118430049,1.000000956046888,0.0,642.4855767978222,435.64367208934095,435.6436720893414,751.9791441026616,1288.8188485238636,822.0345468550743,267.80258196158525,220.74706915758784,47.711695609932576,76.74910806111528,0.0106015750353094,0.0090187197981634,True,,90.6,600.0,0,False,84.48492143084607,
coarse_mild_R1.300_C1.000,modifier,mild,1.3,1.0,130.0,80.0,129.01287026934924,80.18649564356137,ok,122.046316027001,122.65757637877324,86.88630091427191,105.66558690495424,72.0119106273399,5.00284193180584,1.2181343269001248,0.9997806222432792,0.999988920315317,0.999906536800962,1.0000246547605074,0.0,590.2034942082557,412.9617008691064,412.9617008691079,693.0758628532217,1170.0635372531035,759.12594812953,245.98301298030952,204.2086633158258,35.77127546450133,69.47242321753465,0.0090154502587012,0.0067587466922987,True,,120.0,800.0,0,False,85.2771511010333,
coarse_mild_R1.200_C1.000,modifier,mild,1.2,1.0,130.0,80.0,129.01287026934924,80.18649564356137,ok,87.17765391999274,120.14171676507944,82.78670782886974,102.56054494823498,72.01662310376724,5.251369074370602,1.1228884754761683,0.999996180889526,0.9999998071156332,0.9999997382720396,0.9999995351868454,0.0,612.6600661782473,430.77491692700767,430.7749169270073,717.5331969309344,1218.4067473116695,785.2385905130502,255.178130819606,211.43518529221967,37.3550089362097,72.91884634473925,0.0226091991844725,0.0119976792564386,True,,85.6,600.0,0,False,85.45846790494443,
coarse_mild_R1.100_C0.700,modifier,mild,1.1,0.7,130.0,80.0,129.01287026934924,80.18649564356137,ok,92.18753250400188,124.82978910840876,71.84619424137723,99.72763046820776,72.01545693851901,5.531655169852915,1.0327326756558108,0.9999250921212643,0.9999962167738006,0.999970366181594,1.0000071997880131,0.0,638.023365256516,422.9799502373954,422.9799502373927,745.6175572284214,1286.9179915912446,814.2703816184994,265.9481967739986,218.4932097373708,52.98359486703153,76.81205403689094,0.0145437122792628,0.0065324919785041,True,,90.4,600.0,0,False,87.05879547828982,
coarse_mild_R1.500_C0.800,modifier,mild,1.5,0.8,130.0,80.0,129.01287026934924,80.18649564356137,ok,129.98671995400218,130.63399732938538,89.37770114567157,111.07570378434932,72.01122263521421,4.59093513801568,1.402262895326701,0.9997252050862784,0.999986121469004,0.9998844985585252,1.000029994990022,0.0,541.5470286048985,369.6011008183523,369.60110081835313,636.2942038260148,1072.10902255034,697.0299604759153,225.69972549655168,187.5421086970118,41.256296183713815,63.753050844198086,0.0131131051218744,0.0063332537193758,True,,128.0,845.0,0,False,87.10631152680213,
coarse_mild_R1.100_C0.900,modifier,mild,1.1,0.9,130.0,80.0,129.01287026934924,80.18649564356137,ok,91.90089444501793,119.60524843121384,76.65454559620474,99.52431717014152,72.0153886931243,5.52134447078457,1.0326616466071987,0.999995549829457,0.999999775243912,0.9999986816009812,1.0000002206674057,0.0,645.0308369515893,444.86052504826375,444.8605250482624,755.6983090793294,1289.298168241175,826.6311949572048,268.8580632649258,222.09631835174667,42.950702835009096,76.66895327486752,0.0208376237680738,0.0118685288716164,True,,90.0,600.0,0,False,100.97801978638456,
coarse_mild_R1.400_C1.000,modifier,mild,1.4,1.0,130.0,80.0,129.01287026934924,80.18649564356137,ok,127.9472660869942,124.7936458964586,89.84246853055595,108.34631700785638,72.01249833170212,4.779130267130784,1.3110009171497743,0.9997733163587756,0.9999885513312522,0.9999050522659148,1.0000247131282043,0.0,565.0539176998824,390.9617104862156,390.9617104862156,663.9537657937235,1117.900165891214,727.4450869203633,235.4948708013858,195.74610295867296,34.95117736590265,66.36528905187093,0.0079275572806523,0.0055591856121424,True,,126.0,853.0,0,False,111.03966670316872,
coarse_mild_R1.500_C0.900,modifier,mild,1.5,0.9,130.0,80.0,129.01287026934924,80.18649564356137,ok,136.83854104299098,128.55229808532926,91.139764135321,110.989530995636,72.01145194205253,4.579787752389247,1.404752775367637,0.9996901653438788,0.9999843517850436,0.9998703467434444,1.0000337456573665,0.0,542.2616446848508,372.5202436497924,372.5202436497897,637.3737689203106,1070.683704587042,698.3928830222164,225.9941031426319,187.95061462992408,37.41253395000827,63.59804765601162,0.0132657122327373,0.0061308464760827,True,,135.0,915.0,0,False,120.1862173892669,
coarse_mild_R1.400_C0.500,modifier,mild,1.4,0.5,130.0,80.0,129.01287026934924,80.18649564356137,ok,93.31831201500609,138.96538484867526,75.3620915261097,108.63211955526988,72.0152339697348,4.818218994932664,1.303319556205193,0.9999352814963842,0.999996731388708,0.9999745244652484,1.0000061929946529,0.0,551.9123532362523,350.55189481869377,350.55189481869513,645.322991564503,1111.822533765417,704.7505676545724,230.03669220165344,189.16084283230572,63.60329332256556,66.90555219132627,0.0129345021122446,0.0098476930729418,True,,91.0,600.0,0,False,122.3274215401817,
coarse_mild_R1.100_C0.600,modifier,mild,1.1,0.6,130.0,80.0,129.01287026934924,80.18649564356137,ok,93.28447654700722,128.37384409584433,68.91938884001368,99.77663018519176,72.01110274636733,5.534197350091391,1.0326875882366149,0.9996305855097216,0.9999813427025106,0.999844188890182,1.0000404965494507,0.0,643.2949173745785,405.20589434592887,405.205894345928,752.0011397575895,1282.855884538364,822.4102740764688,267.8536235289107,221.51566643781297,59.45445525583065,76.85200113631879,0.0107871496487916,0.0058904698905308,True,,91.5,600.0,0,False,127.35605017297496,
coarse_mild_R1.600_C0.700,modifier,mild,1.6,0.7,130.0,80.0,129.01287026934924,80.18649564356137,ok,150.64896989398403,134.97838613766888,89.93353720139103,113.60630823952624,72.01082088899068,4.399292775908746,1.49991978161088,0.9996871313524188,0.999984198553152,0.9998680588728914,1.0000344348050736,0.0,520.5702086975496,334.37642585777985,334.37642585778,611.7307967079387,1030.3668663420367,670.1126822411665,216.95620280356843,180.3072692894272,45.044848936277845,61.09210701389642,0.0167426237480867,0.0085236860836346,True,,149.0,997.0,0,False,130.5921987052319,
coarse_mild_R1.600_C0.600,modifier,mild,1.6,0.6,130.0,80.0,129.01287026934924,80.18649564356137,ok,126.980126629991,138.06318725477266,87.26402628655562,113.55859685745334,72.01108658716768,4.41504029320453,1.493686008435448,0.9996752942004756,0.9999836007171972,0.99986278131857,1.0000357398231263,0.0,508.2330245083567,329.492858293767,329.4928582937657,594.5012653406428,1021.6995987310966,649.3668395109692,211.803545593531,174.38766048545256,50.79916096821704,61.31056344859108,0.0157702366431635,0.0063850879805471,True,,125.0,845.0,0,False,131.99967753916624,
coarse_mild_R1.100_C1.000,modifier,mild,1.1,1.0,130.0,80.0,129.01287026934924,80.18649564356137,ok,93.16037212801166,117.61510262106812,78.60012931791664,99.3928771176523,72.01491014081371,5.514550810742531,1.0325743388012822,0.9999360763796956,0.9999967715343284,0.9999729036563862,1.0000071052924402,0.0,646.4875655526067,451.80109830698393,451.8010983069827,757.8957298799119,1287.210515299555,829.3930814263638,269.4602186952643,222.9209927328159,39.01497330315148,76.57512590045177,0.0184903958367925,0.0088879557706178,True,,91.4,600.0,0,False,132.42566548334327,
coarse_mild_R1.300_C0.500,modifier,mild,1.3,0.5,130.0,80.0,129.01287026934924,80.18649564356137,ok,89.44334660400636,137.12843750615795,71.85608044448438,105.94191434630076,72.01301066173211,5.034578404361444,1.213237625866927,0.999801400070088,0.9999899697005092,0.9999172956553484,1.0000212622010638,0.0,573.2862592925356,360.29732926800784,360.29732926800585,669.1419720460217,1161.6971966832934,730.0241990856551,238.9523482327033,195.7806241918176,65.27235706167357,69.91206669598152,0.0119580752165973,0.0057879592842056,True,,87.6,600.0,0,False,135.25824896417606,
coarse_mild_R1.500_C0.500,modifier,mild,1.5,0.5,130.0,80.0,129.01287026934924,80.18649564356137,ok,90.33107345498864,140.59366966010035,79.03520993973089,111.09424135945612,72.01563410213532,4.620016923432406,1.3932300935902586,0.9999499677251074,0.9999974731174288,0.9999809289800632,1.0000044222661937,0.0,531.6034683339974,340.95827244895764,340.9582724489577,622.4446100498394,1065.9053429394344,680.3069525781059,221.5658775350961,182.7222178277744,61.55845972036949,64.1529715183806,0.0150196779458156,0.0132588725352604,True,,88.4,600.0,0,False,135.44037330066638,
coarse_mild_R1.600_C0.800,modifier,mild,1.6,0.8,130.0,80.0,129.01287026934924,80.18649564356137,ok,112.3152967649803,132.1761803444963,91.84394501344332,113.16212099325637,72.01410578166282,4.415944452727836,1.488020578811697,0.9999193274618228,0.9999959256293852,0.9999674071219916,1.0000081410374682,0.0,519.5014965401364,364.9830528555004,364.9830528554987,610.7346996998767,1025.098695111663,669.1938201140175,216.51332406094872,180.10094916447557,40.33223533105296,61.32054831197088,0.0088251694867551,0.0100867105329172,True,,110.0,716.0,0,False,145.90265644288814,
coarse_mild_R1.500_C1.000,modifier,mild,1.5,1.0,130.0,80.0,129.01287026934924,80.18649564356137,ok,152.48953535899636,126.80146411605392,92.92767339772544,110.90155983419235,72.01247749858288,4.567259166319701,1.407572705248166,0.999772787926852,0.9999885246427712,0.999904788679105,1.0000248206467297,0.0,535.8241804321236,369.5096745724354,369.50967457243615,628.4021021556712,1066.8854568299366,687.6257137752016,223.2982970379816,184.90038882985223,33.87379071832848,63.42316394279837,0.0076379702803137,0.0076615161609652,True,,151.0,997.0,0,False,167.22792773803775,
coarse_mild_R1.200_C0.500,modifier,mild,1.2,0.5,130.0,80.0,129.01287026934924,80.18649564356137,ok,92.2077386060264,135.16794943776262,68.71000466080471,103.00806875834806,72.01580823366277,5.272487457062193,1.1230976413200078,1.0000000000070588,1.0000000000003566,1.0000001931982685,0.9999993855455278,0.0,612.2416143063582,370.0028247346038,370.00282473460345,716.1301385421615,1217.1929008660627,783.349915026588,254.9276830662056,211.0086453674828,66.4579447769579,73.21291791873057,0.02050607520232,0.0131479864904804,True,,90.4,600.0,0,False,169.59484484673123,
coarse_mild_R1.600_C0.500,modifier,mild,1.6,0.5,130.0,80.0,129.01287026934924,80.18649564356137,ok,133.84210986900143,142.2617143226372,82.90759960401742,113.6454214688228,72.01184905381726,4.414628672747795,1.4949416716918975,0.999738856566871,0.9999868109377206,0.9998902937252586,1.0000283470430138,0.0,516.8227959109593,314.8808013868427,314.8808013868411,606.0744432100909,1026.5795243548096,663.4991633796476,215.2600808028948,178.72792459990677,59.35411471861978,61.3041982778219,0.0130407934037464,0.0062739327404131,True,,132.0,874.0,0,False,182.9362755119536,
coarse_mild_R1.000_C0.800,modifier,mild,1.0,0.8,130.0,80.0,129.01287026934924,80.18649564356137,ok,91.81894889601972,119.28538481403544,70.4733156109897,96.10993867025044,72.0156784892416,5.818523544005556,0.9422649893355846,0.9999335093071048,0.9999966418841986,0.9999740122680536,1.0000061936713027,0.0,673.0715291531205,448.9057877739109,448.9057877739098,786.4191556532951,1358.3363406447015,858.8109077647821,280.5664109567242,230.45632465002228,48.81206920304575,80.79523328902307,0.016665969090738,0.0071611256134076,True,,89.9,600.0,0,False,188.9698396284902,
coarse_mild_R1.700_C0.600,modifier,mild,1.7,0.6,130.0,80.0,129.01287026934924,80.18649564356137,ok,114.0701970520022,139.41623823960188,89.38775425555737,115.5360872040014,72.0145361109324,4.253047148128111,1.580259110672727,0.9999330612298748,0.9999966192540348,0.9999734356513076,1.0000064155354875,0.0,498.46256532670367,327.91431020362256,327.9143102036218,585.7043209350974,987.406205623284,641.474168124514,207.7442929941353,172.58322952042056,50.02848398404451,59.05817599903228,0.0123208074873844,0.0089040769964441,True,,112.0,752.0,0,False,192.89322516930915,
coarse_mild_R1.600_C0.900,modifier,mild,1.6,0.9,130.0,80.0,129.01287026934924,80.18649564356137,ok,136.1723484240065,130.1781474276342,94.13544392067428,113.16842155261304,72.01668091394593,4.396510924367477,1.4950221811894515,1.000081056039226,1.0000040937393542,1.0000375216408948,0.9999893603165244,0.0,515.7374216992872,357.5227335765865,357.5227335765862,605.2813158748456,1022.5219587317952,662.6840159003048,214.89189031543376,178.3566655533252,36.04270350695992,61.04850804803056,0.0210027300000206,0.0202010826287875,True,,134.0,884.0,0,False,195.93102889319167,
coarse_mild_R1.700_C0.700,modifier,mild,1.7,0.7,130.0,80.0,129.01287026934924,80.18649564356137,ok,112.14733942900784,136.2221325100528,92.24209032323766,115.38822624979022,72.01380155755689,4.251128930852557,1.5789516934940078,0.9999163369272712,0.9999957745922872,0.999965513867002,1.00000880536768,0.0,491.9284516063402,339.6017779146408,339.6017779146392,576.6472703873546,981.9220284416584,630.640045549532,205.0110136164934,169.52416056715904,43.98004218681514,59.03214160211847,0.0080439023442977,0.0110871431621717,True,,110.0,727.0,0,False,197.31082513587347,
coarse_mild_R1.000_C0.700,modifier,mild,1.0,0.7,130.0,80.0,129.01287026934924,80.18649564356137,ok,93.49551075097406,122.18537623212546,67.79091966103233,96.18674467206984,72.01631866402955,5.822814572756993,0.9422757758029996,0.9999713857898742,0.9999985548378724,0.9999909666021044,1.000001514169949,0.0,681.8617469249955,435.1475642662555,435.14756426625706,797.6105912048408,1355.33825032117,872.7668420633145,283.9081026324937,235.1699907617809,54.39445657109313,80.85409919273408,0.0178776234621977,0.0090431135364781,True,,91.7,600.0,0,False,200.26497876697687,
coarse_mild_R1.000_C0.900,modifier,mild,1.0,0.9,130.0,80.0,129.01287026934924,80.18649564356137,ok,90.34131503402024,116.897264579159,72.40307159608132,96.00732583631208,72.01457831688077,5.812671050483315,0.942212049693489,0.9998991588751178,0.9999949070138956,0.9999588010756204,1.0000104214001753,0.0,676.958113888606,459.0627407732128,459.0627407732137,792.0028901431895,1359.7072812225042,865.6429886168767,282.1805971745555,232.4052006382313,44.494192983077696,80.71519942679134,0.0074878474229649,0.0035068723892521,True,,88.6,600.0,0,False,207.3695911430605,
coarse_mild_R1.000_C1.000,modifier,mild,1.0,1.0,130.0,80.0,129.01287026934924,80.18649564356137,ok,153.75344399700407,115.39050388279864,74.46008677688751,96.3543257567996,72.01104059270544,5.811858348146547,0.9459448460115124,0.9997128696888112,0.9999854984691318,0.9998747945662784,1.0000340959009968,0.0,683.0814989734774,457.2684858158565,457.2684858158556,799.9442127843706,1367.0503776132905,874.9047662894072,284.72830510119377,235.0129131873832,40.93041710591112,80.7078789628722,0.0095589813633125,0.0014263933695985,True,,,,0,False,218.36062447774492,
coarse_mild_R1.700_C0.800,modifier,mild,1.7,0.8,130.0,80.0,129.01287026934924,80.18649564356137,ok,104.78779321498588,133.65766052299816,94.75460824423315,115.21553310890695,72.01274586033063,4.246353118292859,1.5783657695907696,0.9998600706487302,0.9999929328610472,0.9999404864382458,1.000015676943336,0.0,494.8328515046127,349.3384942310234,349.33849423102424,580.7542947681449,981.3988313562068,635.7566463160084,206.18665050534133,171.1048441346815,38.90305227876499,58.96668801560073,0.0092302842927267,0.0084275305082854,True,,103.0,718.0,0,False,233.8039812462444,
coarse_mild_R1.700_C0.500,modifier,mild,1.7,0.5,130.0,80.0,129.01287026934924,80.18649564356137,ok,118.01632828000584,143.52878297930238,85.98375297660418,115.63366038486376,72.01573819946384,4.252477123531112,1.5817468608132776,1.0000193229199636,1.0000009759050488,1.0000107423370994,0.999996516196727,0.0,495.5302640442905,309.0105433622281,309.0105433622292,581.519528464205,986.15161330108,636.3682858714758,206.52247887313968,171.10285986985326,57.5450300026982,59.04927492033641,0.017320770037287,0.0172391165510248,True,,116.0,781.0,0,False,244.3199143884977,
coarse_mild_R1.600_C1.000,modifier,mild,1.6,1.0,130.0,80.0,129.01287026934924,80.18649564356137,ok,181.1935703660129,128.7026039224226,96.25976396776264,113.3659063885622,72.01205311391158,4.362912858852772,1.5095311514427412,0.9998111352587504,0.9999904613767048,0.9999214962439908,1.0000201648871303,0.0,515.8609636242315,346.4783295214992,346.47832952149975,605.329666375853,1025.3511840155647,662.550533844113,214.97551417005,178.20266910915228,32.44283995465997,60.585869589794086,0.0102307358631605,0.0087923585842162,True,,,,0,False,258.44621982780694,
coarse_mild_R1.000_C0.600,modifier,mild,1.0,0.6,130.0,80.0,129.01287026934924,80.18649564356137,ok,94.13964305099216,125.78730683992178,64.03473186804948,96.21454185413256,72.00947296473727,5.824413498582562,0.9422030355176574,0.9995146663548165,0.999975488199738,0.9997942023958772,1.0000539710537235,0.0,677.4119454858343,416.12570486399306,416.1257048639916,792.440881781085,1363.1151055053106,865.9041544856123,282.41750606646804,232.32826553380167,61.75257497187231,80.8839901027293,0.0142113342475767,0.0083426938243604,True,,92.2,600.0,0,False,271.28373249719806,
coarse_mild_R1.100_C0.500,modifier,mild,1.1,0.5,130.0,80.0,129.01287026934924,80.18649564356137,ok,96.26716438899166,132.95364299602454,64.14224152594065,99.77498269111996,72.01136430670385,5.533768576890273,1.032678295998836,0.999688351410324,0.9999842601722386,0.9998692368635922,1.0000338890574572,0.0,638.9131380263556,390.67306052024855,390.67306052024935,746.9202842718969,1289.3529727098223,815.7432790452799,266.3579653716706,218.81151628311545,68.8114014700839,76.84576775023147,0.014552089040734,0.0062218894993293,True,,94.4,600.0,0,False,272.9477798740975,
coarse_mild_R1.800_C0.600,modifier,mild,1.8,0.6,130.0,80.0,129.01287026934924,80.18649564356137,ok,114.45490039300056,140.69489504381554,91.87121480096864,117.46172821789747,72.01531677301261,4.095308293600366,1.671119580942416,0.9999970834719952,0.9999998527006062,1.0000000000256517,0.9999998384140848,0.0,480.8017598751973,320.2257369113854,320.22573691138814,565.3113912692797,950.3674670215768,619.324751885151,200.3851280495901,166.6737097031846,48.82368024284689,56.86718433119582,0.0151627641927518,0.0136352580871772,True,,113.0,760.0,0,False,273.00236461872487,
coarse_mild_R1.700_C0.900,modifier,mild,1.7,0.9,130.0,80.0,129.01287026934924,80.18649564356137,ok,106.97285070299404,131.547696310503,96.70235779336411,115.01416906367471,72.0130383218611,4.241008855684172,1.577572681167106,0.9998689371274084,0.999993380663,0.9999446825882738,1.0000144622309937,0.0,492.909658487179,356.92029259993376,356.9202925999333,578.2598289043083,978.9527785020967,632.8575366147302,205.38918307320208,170.29554609226716,34.84533851713887,58.89223610770389,0.0057969574405376,0.0069029083493461,True,,105.0,705.0,0,False,279.1990456101986,
coarse_mild_R1.800_C0.700,modifier,mild,1.8,0.7,130.0,80.0,129.01287026934924,80.18649564356137,ok,113.7901201150089,137.5501594677937,95.0777549756874,117.32408698847372,72.01378947974914,4.0914546119532345,1.6707813085813372,0.9999353065470802,0.999996732653893,0.9999734025107904,1.0000067460324025,0.0,478.5877381124219,331.98890811927333,331.9889081192713,562.0589228615987,945.3430558430016,615.6079698768344,199.38075941623725,165.827882739262,42.47240449210628,56.81487728268743,0.0087094147744437,0.0109888026521645,True,,112.0,756.0,0,False,294.63491135450727,
coarse_mild_R1.800_C0.500,modifier,mild,1.8,0.5,130.0,80.0,129.01287026934924,80.18649564356137,ok,120.63305063100417,144.7588833122171,88.35865730155597,117.57457431487296,72.01448272744041,4.093921039667812,1.6733121739649974,0.999939532442674,0.999996946082962,0.9999762513731734,1.000005737204027,0.0,478.6680954492026,300.55759778833504,300.55759778833453,562.2259326683472,949.8862632013464,615.5364286538006,199.49474690194904,165.56882760284168,56.40022601066114,56.84857940537375,0.0110847229571788,0.0086872177613628,True,,119.0,799.0,0,False,314.72115291056207,
coarse_mild_R1.700_C1.000,modifier,mild,1.7,1.0,130.0,80.0,129.01287026934924,80.18649564356137,ok,105.9421820299758,129.79750027983096,98.26094858953728,114.80934868518573,72.01359466495359,4.233751276067667,1.5774960613250868,0.9999226129202792,0.9999960915616292,0.999967628849488,1.0000083935412938,0.0,493.1024773871669,365.5523769522823,365.5523769522824,578.8533055571895,979.1130299368664,633.6324116797737,205.51004743713472,170.45328700437858,31.536551690293663,58.791000446032186,0.0068895938611035,0.010292345063334,True,,104.0,706.0,0,False,327.3014935496462,
coarse_mild_R1.800_C0.800,modifier,mild,1.8,0.8,130.0,80.0,129.01287026934924,80.18649564356137,ok,112.29629735799972,135.05874506025427,97.49536707672964,117.13560156367662,72.0128118509593,4.087166184583103,1.669843767903424,0.999867631135219,0.9999933147037988,0.9999437229982536,1.0000148168544762,0.0,475.2005946369087,341.2057284855043,341.2057284855046,557.72201391521,944.6481071182546,610.3504921488553,198.0447526284393,164.1648978568964,37.56337798352462,56.75609769331146,0.0074826634086662,0.0078475427502411,True,,110.0,742.0,0,False,336.1496322772498,
coarse_mild_R1.400_C0.400,modifier,mild,1.4,0.4,130.0,80.0,129.01287026934924,80.18649564356137,ok,91.01011632100564,144.82095435458714,70.17513657020359,108.56787126282276,72.01487572714515,4.815317658243222,1.303294120122557,0.9999066680536088,0.999995286265335,0.9999615328660476,1.0000098033095302,0.0,551.0827378201,317.75615362499207,317.75615362499246,643.5480409407378,1104.0518197660808,703.0264498315103,229.4661882776748,189.2153677594269,74.64581778438355,66.8655969981511,0.013078954276267,0.0061867908032553,True,,89.0,600.0,0,False,350.1228329416552,
coarse_mild_R1.500_C0.400,modifier,mild,1.5,0.4,130.0,80.0,129.01287026934924,80.18649564356137,ok,90.90436971202143,146.4312524266316,72.74425497339568,111.03532330735892,72.01218413756078,4.617614327025839,1.3931431535864,0.9997427403081356,0.9999870070862694,0.9998921079944976,1.000028024918306,0.0,522.4154213615316,310.0057804454775,310.0057804454759,609.6605740332159,1059.6692145137995,664.9124730103994,217.7379178388374,178.31000775535404,73.68699745323592,64.12268121468269,0.015261116884119,0.0074648745439134,True,,89.1,600.0,0,False,358.7869831698009,
coarse_mild_R1.600_C0.400,modifier,mild,1.6,0.4,130.0,80.0,129.01287026934924,80.18649564356137,ok,92.32594991498628,147.80469236357573,76.25875090429918,113.31446449150812,72.01497803859627,4.435948806394996,1.482941827711406,0.9999396893940516,0.9999969540098,0.9999751043873724,1.0000063503268382,0.0,504.7606810223568,302.30395494618693,302.30395494618614,590.0228765683137,1018.3156084244522,644.0998080380882,210.37482137840092,172.86187017856827,71.54594145927655,61.59758604685762,0.0115593158076592,0.0146374557786259,True,,90.5,600.0,0,False,368.5597563578607,
coarse_mild_R1.900_C0.600,modifier,mild,1.9,0.6,130.0,80.0,129.01287026934924,80.18649564356137,ok,123.81092080101372,141.869141366107,94.65991263755268,119.29205665762484,72.01410957283504,3.9438486915880095,1.7649397240812876,0.9999523157646284,0.9999975917052832,0.9999806693473758,1.000004854549134,0.0,462.9393853109678,303.1887833709973,303.1887833709966,544.0134506256846,912.8060570309704,596.0042117938754,192.8615399849046,160.58392182203505,47.20922872855432,54.76494418915508,0.0101722955971581,0.0113596053157181,True,,122.0,818.0,0,False,374.76350599528473,
coarse_mild_R1.300_C0.400,modifier,mild,1.3,0.4,130.0,80.0,129.01287026934924,80.18649564356137,ok,84.87744328001281,143.12109490204853,66.63859045958148,105.87626177446138,72.01383159369897,5.031243293728329,1.2132092955803833,0.999865063372602,0.999993185018818,0.9999431371042812,1.000014847294912,0.0,578.5546177544315,335.3268514336544,335.3268514336549,676.709049775727,1163.2844772584667,739.1633198283286,241.17758988134932,198.33854884491336,76.48250444246705,69.86495763917317,0.0037856928438202,0.0069007043259858,True,,83.3,600.0,0,False,382.58773716081225,
coarse_mild_R1.800_C0.900,modifier,mild,1.8,0.9,130.0,80.0,129.01287026934924,80.18649564356137,ok,110.9819421809807,133.02100958484257,99.3734705268946,116.92803295577666,72.01272080483774,4.081448290576662,1.669229843430137,0.999849949452824,0.9999924216895368,0.9999363002101498,1.0000167469214545,0.0,470.4199487687288,344.4182077962738,344.4182077962723,550.9836545660254,939.8157913826108,602.4359689885408,195.9857138782367,162.08609423518544,33.64753905794798,56.6767682842845,0.0048414839089616,0.0065742421037668,True,,109.0,733.0,0,False,384.2051859460632,
coarse_mild_R1.900_C0.500,modifier,mild,1.9,0.5,130.0,80.0,129.01287026934924,80.18649564356137,ok,123.43832193102573,145.87837650581147,90.43203845121504,119.38453085450982,72.01399186676505,3.945480981156918,1.7655185908238082,0.9999434744713612,0.9999971451753212,0.9999768901042444,1.00000585218351,0.0,462.7798273505608,290.2189540334763,290.2189540334775,543.9751995863116,916.1236649250106,595.776134340648,192.874191455672,160.30774896171258,55.44633805459642,54.78769998553273,0.0083107366552326,0.0099245348392571,True,,122.0,826.0,0,False,389.4164480356106,
coarse_mild_R1.900_C0.700,modifier,mild,1.9,0.7,130.0,80.0,129.01287026934924,80.18649564356137,ok,119.67160822302684,138.82216890537612,97.7296188033246,119.11967368413582,72.01219762965027,3.942362594993776,1.7629945615757183,0.9998229248239086,0.9999910568092883,0.9999260003002806,1.0000191248269714,0.0,458.261044135869,320.0761351807631,320.07613518076164,537.8325231681977,911.3377790199328,588.5135929519283,190.98388110932603,158.284875435005,41.09255010205152,54.74576147875467,0.0125044348458516,0.0098328967225995,True,,118.0,789.0,0,False,403.98350992937975,
coarse_mild_R1.700_C0.400,modifier,mild,1.7,0.4,130.0,80.0,129.01287026934924,80.18649564356137,ok,130.20058530199458,149.17996325550536,80.00269519015181,115.67447843041002,72.01301704120819,4.2445525550249394,1.5852916259361256,0.9998584150487811,0.999992849244888,0.9999408481774492,1.0000153316577676,0.0,489.6613892423077,278.36640915363887,278.36640915364046,573.2480498093762,982.803692156014,626.3498320145195,204.0784068473546,168.21855263804258,69.17726806535354,58.94146266078629,0.0139590003952605,0.0079020710757617,True,,128.0,855.0,0,False,406.74542211894095,
coarse_mild_R1.800_C1.000,modifier,mild,1.8,1.0,130.0,80.0,129.01287026934924,80.18649564356137,ok,111.30659337897669,131.30266029835315,100.85196298510634,116.70526446644004,72.01407986396775,4.075265557502563,1.668580658140378,0.9999427597687808,0.9999971090792312,0.9999765600237944,1.00000596152864,0.0,474.9581908361816,349.8300075306446,349.8300075306446,557.7788766546973,942.0006442398928,610.650738000515,197.9511556715418,164.2995626548451,30.45069731324681,56.58984416937086,0.0062534843922037,0.0106750433090496,True,,110.0,725.0,0,False,432.30467882138737,
coarse_mild_R1.000_C0.500,modifier,mild,1.0,0.5,130.0,80.0,129.01287026934924,80.18649564356137,ok,95.258171391004,130.49328206561174,59.26618574287819,96.2046061331005,72.01389666203903,5.823387121931926,0.9422636971665342,0.9999334257103504,0.9999966376621384,0.9999718587038872,1.000007372595797,0.0,665.47769704181,400.6273871512335,400.62738715122657,775.8243510043712,1356.1101598760015,845.8579401200836,277.4515273250738,226.55913503720927,71.22709632273354,80.86476904952195,0.0170756733522239,0.0094041250847425,True,,93.3,600.0,0,False,439.8509854271358,
coarse_mild_R1.900_C0.800,modifier,mild,1.9,0.8,130.0,80.0,129.01287026934924,80.18649564356137,ok,116.99706455200794,136.3879017238167,100.04941969769784,118.91479502843632,72.01213659522564,3.9391336363273246,1.7614073196294926,0.9998197382739736,0.9999908958724232,0.9999248623138196,1.0000196685710083,0.0,458.6401347971096,326.4665086187025,326.4665086187007,538.5390468869465,910.4626289139342,589.4711823175992,191.14542532457483,158.5821256218955,36.33848202611887,54.70096878903724,0.0115702236426216,0.0094552624815804,True,,115.0,765.0,0,False,448.9268409347771,
coarse_mild_R1.800_C0.400,modifier,mild,1.8,0.4,130.0,80.0,129.01287026934924,80.18649564356137,ok,125.6396291879937,150.2817138808541,83.10770540945921,117.60042735147424,72.01541566556861,4.0890615691002425,1.6756623074560766,1.000024219340466,1.0000012231990132,1.000012168776088,0.9999963392271668,0.0,476.87273114914,271.6291332707393,271.62913327073807,559.3125365225371,946.6966438180488,612.2059881926943,198.6263508548816,164.90310435123152,67.1740084713949,56.780364749811056,0.0151029534115423,0.01608036282623,True,,124.0,842.0,0,False,460.8971750670288,
coarse_mild_R1.200_C0.400,modifier,mild,1.2,0.4,130.0,80.0,129.01287026934924,80.18649564356137,ok,91.7696862189914,141.25150660362252,62.37880891143212,102.9260179469418,72.01494680052289,5.267865201919426,1.12305036211453,0.9999307863167202,0.9999965043594315,0.9999717283333932,1.0000071137841504,0.0,600.1185401283786,343.78894413203955,343.78894413203875,700.2169408798529,1219.3263560798914,763.7019375026907,250.17780109778985,204.67252069007844,78.8726976921904,73.14960901812645,0.0139820555202732,0.0084625644097755,True,,90.0,600.0,0,False,466.8979260722464,
coarse_mild_R2.000_C0.600,modifier,mild,2.0,0.6,130.0,80.0,129.01287026934924,80.18649564356137,ok,124.92615633402602,142.99520413740424,97.21395600004644,120.95758558619389,72.01312379704805,3.806591162644214,1.8565360714419008,0.9998584938557104,0.9999928532250362,0.9999378365738,1.000016136032494,0.0,442.3543430057642,293.4942804430856,293.49428044308644,519.0306000621877,879.8726737067939,567.9015274548369,184.32028067386483,152.81268355856622,45.78124813735779,52.85968670616471,0.0170827293799504,0.0133229172502353,True,,123.0,836.0,0,False,485.4400665894291,
coarse_mild_R2.000_C0.500,modifier,mild,2.0,0.5,130.0,80.0,129.01287026934924,80.18649564356137,ok,131.48983556599703,146.8822666385164,93.1713442187174,121.0995590680448,72.01476500436432,3.803440364728932,1.8603047254902263,0.9999791882369422,0.9999989489008552,0.9999922987597908,1.0000016957660716,0.0,447.7935173110993,278.298771686083,278.29877168608493,526.6769943757192,883.6400292593727,576.9932840266156,186.6283842098299,155.2965347312615,53.71092241979899,52.8147299307084,0.0115643174503645,0.0131011413945287,True,,130.0,891.0,0,False,487.9216191181363,
coarse_mild_R1.900_C0.900,modifier,mild,1.9,0.9,130.0,80.0,129.01287026934924,80.18649564356137,ok,115.46113604100536,134.38264527001496,101.83526818656772,118.6964858476886,72.01192977507641,3.932853706580736,1.7610020155513897,0.9997784220349843,0.999988809193686,0.9999069722087875,1.0000244724500875,0.0,458.5933542092277,332.5378992365006,332.5378992364976,538.6560000398786,909.300828177449,589.7155046755479,191.1295975622955,158.67400069430096,32.547377083447245,54.613919094581874,0.0105537772979573,0.0052904924572629,True,,114.0,761.0,0,False,497.5038361766,
coarse_mild_R2.000_C0.700,modifier,mild,2.0,0.7,130.0,80.0,129.01287026934924,80.18649564356137,ok,119.5005409620062,140.0050689071757,100.17729015387192,120.76896726884748,72.01280553167193,3.806164797868162,1.8538362772283417,0.9998464511935596,0.9999922450097762,0.9999345338849766,1.0000168458126737,0.0,442.9008394624888,307.2594063599455,307.2594063599432,520.062691101139,879.5175294850754,569.1841562323399,184.5848685501344,153.11888309288884,39.82777875330379,52.85399964307979,0.0150389600220819,0.0126168298521491,True,,118.0,797.0,0,False,520.4602960468967,
coarse_mild_R1.900_C1.000,modifier,mild,1.9,1.0,130.0,80.0,129.01287026934924,80.18649564356137,ok,111.92415273099324,132.6884700829126,102.94920296544429,118.4598360073494,72.0130215522261,3.9274505428212327,1.7599644675873145,0.9998336158755468,0.9999915967613916,0.999930374491797,1.0000180728735062,0.0,458.12376913966057,336.68386076001144,336.68386076001025,538.2070449156122,907.6858530027266,589.2947243467231,190.938170025123,158.5777320511803,29.73926711746833,54.53806073076551,0.0067579481329005,0.005709855805307,True,,110.0,747.0,0,False,531.6508786111684,
coarse_mild_R1.900_C0.400,modifier,mild,1.9,0.4,130.0,80.0,129.01287026934924,80.18649564356137,ok,134.30744528098148,151.30147862490506,86.09271717503479,119.41999679038086,72.01407828032288,3.940834332767551,1.7681179727955278,0.9999438148916346,0.9999971623682644,0.9999771893926112,1.0000057336124355,0.0,458.5054522606076,262.5366569262443,262.53665692624486,537.9748501067347,913.6017347198564,588.5173024969474,191.0918020406028,158.21831523607614,65.20876144987027,54.72311007616332,0.0095017023383263,0.012819841708989,True,,132.0,870.0,0,False,531.665515206193,
coarse_mild_R2.000_C0.800,modifier,mild,2.0,0.8,130.0,80.0,129.01287026934924,80.18649564356137,ok,118.61619824302034,137.61797407216417,102.28257467439762,120.56705972370086,72.01071751756524,3.8007870429010993,1.853358903549336,0.9996884753907715,0.9999842664338776,0.9998683835896264,1.0000344051585268,0.0,443.15317359387313,312.0333907121289,312.03339071212696,520.5741449128864,878.6576167263439,569.8948485904148,184.6935410434346,153.34265238538396,35.33539939776652,52.780852266525336,0.0155683448097363,0.0077781469786373,True,,117.0,793.0,0,False,562.284519994181,
coarse_mild_R1.100_C0.400,modifier,mild,1.1,0.4,130.0,80.0,129.01287026934924,80.18649564356137,ok,137.47321467200527,139.46252449074106,58.176696227849845,100.00554330851458,72.0096771899885,5.52549609535663,1.0367263004266627,0.9995617647812298,0.9999778669081428,0.9998144215822776,1.0000485319866137,0.0,625.0257564707812,341.93800888072906,341.93800888072985,727.1153130133644,1282.8045059300566,791.6115293258645,260.57621890216694,211.835406474772,81.28582826289121,76.73268803550253,0.0154296371444218,0.0060355793878414,True,,136.0,892.0,0,False,593.6265436665075,
coarse_mild_R2.000_C0.400,modifier,mild,2.0,0.4,130.0,80.0,129.01287026934924,80.18649564356137,ok,91.95813491399169,152.16223427865793,87.78500983671944,120.85723112858686,72.01294545221667,3.835829669902422,1.8402031511308063,0.9998164933994113,0.9999907319898692,0.9999234291518904,1.000019743337699,0.0,433.0612345220389,268.52874900295035,268.5287490029499,506.25627155186544,873.5123258013233,552.4859028664229,180.4795404013609,148.32031939252542,64.3772244419385,53.26583499417672,0.0128829138884327,0.0074722510672273,True,,90.1,600.0,0,False,593.6304719791015,
coarse_mild_R2.000_C0.900,modifier,mild,2.0,0.9,130.0,80.0,129.01287026934924,80.18649564356137,ok,117.47534741999698,135.6486216651816,103.6450464382462,120.34036792252836,72.01068897171949,3.795195391694456,1.852606369093048,0.9996894732459244,0.9999843168306018,0.99986895612381,1.0000341916941262,0.0,442.97012835991,321.4254666017687,321.4254666017679,520.4984357809714,877.4270169836389,569.9059666212156,184.62124645310257,153.36760896091636,32.00357522693538,52.7032228949362,0.0165523090427655,0.0075940682025077,True,,116.0,784.0,0,False,594.3368019740998,
coarse_mild_R2.000_C1.000,modifier,mild,2.0,1.0,130.0,80.0,129.01287026934924,80.18649564356137,ok,115.79421366201132,133.9794837977517,104.75819850654156,120.09863148344056,72.01245297313106,3.788359322711701,1.8522127890836733,0.9997814132725912,0.9999889602662936,0.9999080961587598,1.0000239410223055,0.0,442.4318826507722,325.03426803941807,325.0342680394174,519.9425743719274,875.3966221823835,569.3515922090487,184.401082952995,153.232321417326,29.221285291210137,52.60700290441704,0.012283098169064,0.0063132911973013,True,,114.0,780.0,0,False,628.4358315270991,
coarse_mild_R1.000_C0.400,modifier,mild,1.0,0.4,130.0,80.0,129.01287026934924,80.18649564356137,ok,92.76887207099936,136.8529668245106,53.105007739623495,96.10243729939396,72.01721820466514,5.817285226033102,0.9422316694609506,0.9999578002527584,0.9999978686996364,0.9999870737983274,1.0000020114179224,0.0,666.0939131570103,358.8646787655674,358.8646787655696,775.3276652838582,1341.9330144481291,846.1900139903089,277.20981765874404,227.8840570493719,83.7479590848871,80.77631115243867,0.0215006947477149,0.0094848610162969,True,,91.0,600.0,0,False,794.8741010853864,
refine_higher_0.02_R1.800_C0.540,modifier,higher,1.8,0.54,150.0,90.0,148.60512489521057,90.7067870743288,ok,147.56433610798558,143.008314332764,89.69539455169273,117.54240515491752,72.01436193079743,4.094115492502015,1.6727873711385584,0.9999332709258684,0.9999966298447404,0.9999735102566684,1.000006489718388,0.0,479.8464580577819,308.7990224254704,308.79902242547007,563.89859510258,950.4414833317114,617.5729464004833,199.98612611537152,166.1583702520124,53.31291978107127,56.85137495818231,0.009700761694944,0.0081373428390634,True,,145.0,789.0,0,False,32.34720330675758,0.02
refine_higher_0.02_R1.800_C0.520,modifier,higher,1.8,0.52,150.0,90.0,148.60512489521057,90.7067870743288,ok,153.5510815080197,143.85663674385788,89.04327458773248,117.56216061928303,72.0160614613333,4.09406117332639,1.673068056837169,1.0000504745675092,1.0000025492205826,1.0000239649806415,0.9999930452472116,0.0,479.281491457123,302.3790596670059,302.3790596670059,563.0994001021814,950.1566952621852,616.6005279279764,199.75056372879808,165.87698570199194,54.81336215612539,56.84927903929548,0.0173706001476432,0.0145302510634905,True,,151.0,795.0,0,False,25.31541351659874,0.02
refine_higher_0.02_R1.800_C0.420,modifier,higher,1.8,0.42,150.0,90.0,148.60512489521057,90.7067870743288,ok,153.58845346499584,149.01277174080482,84.44322031289205,117.59128901482588,72.0149068769243,4.091943144995746,1.6743084073923598,0.9999769505947071,0.9999988358886218,0.9999917549531916,1.000001763982552,0.0,474.43172956992953,279.5275766106042,279.52757661060224,556.0992652088362,945.0856075630862,608.2335354055001,197.66868866433575,163.61791285254782,64.56955142791277,56.82077950873425,0.0133761538960754,0.0148479131115806,True,,151.0,817.0,0,False,39.3984445256982,0.02
refine_higher_0.02_R1.800_C0.480,modifier,higher,1.8,0.48,150.0,90.0,148.60512489521057,90.7067870743288,ok,157.09573501700652,145.70829279492855,87.6331693519732,117.57471944909248,72.01490976056483,4.094458539037414,1.673040873474792,0.9999874964017106,0.9999993685051372,0.9999963242761524,1.0000005058660002,0.0,477.8368833227965,291.50984781363223,291.50984781363303,561.0686556344032,949.3282231485744,614.1398454186233,199.14841688403408,165.16742299743697,58.07512344295536,56.8557060288025,0.0125012845822425,0.0095032350648267,True,,155.0,794.0,0,False,17.838762120402762,0.02
refine_higher_0.02_R1.820_C0.440,modifier,higher,1.82,0.44,150.0,90.0,148.60512489521057,90.7067870743288,ok,157.46844369199243,148.0563703324019,86.31386565880543,117.96575211711608,72.01644823669443,4.06275034207074,1.6922649386973885,1.0000742686403807,1.0000037509414328,1.000034451968299,0.999990205267282,0.0,472.8340720782036,284.2873096735465,284.2873096735466,554.8838062395246,941.3741230952136,607.1338776433495,197.0633766569517,163.23796348114172,61.742504673596486,56.41420038819206,0.0186960538827918,0.0176559381443155,True,,155.0,814.0,0,False,19.59889013316721,0.02
refine_higher_0.02_R1.800_C0.460,modifier,higher,1.8,0.46,150.0,90.0,148.60512489521057,90.7067870743288,ok,160.48355689199525,146.7422793243697,86.89753781853273,117.59212874671738,72.01470849549393,4.093246876745638,1.673817591195861,0.999958435787056,0.999997900797327,0.9999836326364544,1.0000039328201482,0.0,476.9999709276582,285.6159730672919,285.61597306729107,559.8862415065239,948.895703575121,612.7047054504488,198.79945508570157,164.75291668525293,59.84474150583696,56.83903972202787,0.0122883593345477,0.0124696728802575,True,,158.0,808.0,0,False,17.98057351358442,0.02
refine_higher_0.02_R1.800_C0.440,modifier,higher,1.8,0.44,150.0,90.0,148.60512489521057,90.7067870743288,ok,160.77615289701498,147.83734547595662,85.73363281146844,117.60266961369337,72.01516386978969,4.091603160947514,1.674638673957896,1.0000080770918016,1.0000004079339289,1.000005281214173,0.9999981265440324,0.0,476.0690130861752,290.31750113425704,290.3175011342567,558.5655852413222,948.3916154794316,611.1027400967512,198.41086608853257,164.2914511126511,62.103712664488185,56.815855732072265,0.0138738991863078,0.0160562014738161,True,,159.0,823.0,0,False,25.32174855883611,0.02
refine_higher_0.02_R1.820_C0.460,modifier,higher,1.82,0.46,150.0,90.0,148.60512489521057,90.7067870743288,ok,163.65357798099285,146.96982775782604,87.2964558713546,117.97024572490244,72.01450362480034,4.062182268957295,1.6925632592951747,0.9999449880733632,0.9999972216198671,0.9999785647713296,1.000005140665918,0.0,473.8845295324995,288.59705092551417,288.5970509255121,556.3361229833051,942.1105252358454,608.8824036620283,197.50098496837143,163.73981523114816,59.67337188647144,56.40783542883938,0.0111335306676778,0.0088034311487632,True,,161.0,819.0,0,False,14.30455564151752,0.02
refine_higher_0.02_R1.800_C0.560,modifier,higher,1.8,0.56,150.0,90.0,148.60512489521057,90.7067870743288,ok,193.3067062350165,142.2038104225429,90.31637009494618,117.5130999413378,72.01538338659654,4.095070284146182,1.6719418278814553,1.0000000000637912,1.000000000003222,1.000000495665915,0.999999327573338,0.0,480.2400806187545,313.3071338199365,313.3071338199351,564.4822289448763,950.4849031431116,618.2953769692306,200.15074752180996,166.37010703986758,51.88744032759671,56.86382674883259,0.015114901849671,0.0138850756602124,True,,190.0,774.0,0,False,41.12925239577493,0.02
refine_higher_0.02_R1.820_C0.520,modifier,higher,1.82,0.52,150.0,90.0,148.60512489521057,90.7067870743288,ok,194.85302583599696,144.09256605420944,89.43077542064954,117.92442329920608,72.01551151971034,4.064535945812298,1.6909063320271775,1.000009366281192,1.0000004730445042,1.0000061606959731,0.9999977944516698,0.0,466.9529338662147,298.40389273353014,298.40389273352946,546.6354996480045,936.8412966183538,597.2194916544051,194.59968861729251,160.43429772253663,54.6617906335599,56.43972888673923,0.0163760233324978,0.0129253200978212,True,,192.0,790.0,0,False,21.99139303382269,0.02
refine_higher_0.02_R1.820_C0.500,modifier,higher,1.82,0.5,150.0,90.0,148.60512489521057,90.7067870743288,ok,200.67299875701428,144.99261509857593,88.7538793589094,117.94730417964392,72.01391403165113,4.063413668483517,1.6917049965690447,0.9999275896481516,0.9999963429115232,0.99997029738183,1.000007545846239,0.0,466.1148118746062,293.47444783112905,293.47444783112826,545.4310857310104,936.4951323551924,595.7505096637024,194.2494249589455,160.00960568304845,56.23873573966653,56.42539671843957,0.0077424852538285,0.0078965829277848,True,,198.0,804.0,0,False,16.86407557572587,0.02
refine_higher_0.02_R1.820_C0.480,modifier,higher,1.82,0.48,150.0,90.0,148.60512489521057,90.7067870743288,ok,201.34162702501635,146.0812548963683,88.31643731580414,118.20580206338856,72.01508583389914,4.038394364354626,1.7063143838217651,0.9999886534322876,0.9999994269410252,0.9999970822828798,1.000000219581867,0.0,466.4791081647106,272.69691513205885,272.69691513205777,545.6785200502534,938.2567720063232,595.9065607117165,194.3979933889899,160.02701211920265,57.76481758056417,56.07706104341907,0.014307606213066,0.0081710415540925,True,,,,0,False,12.08369173913494,0.02
refine_higher_0.02_R1.820_C0.420,modifier,higher,1.82,0.42,150.0,90.0,148.60512489521057,90.7067870743288,ok,205.34962135500973,149.23235528309564,85.06721032695121,117.97446258045964,72.01448965486415,4.060412352238803,1.693344018307305,0.999942741350554,0.9999971081490184,0.9999767811843244,1.0000058098352147,0.0,471.7612175989999,277.1655545949003,277.1655545948992,553.3665627104879,940.7530931384852,605.295324351706,196.6159288391431,162.7081902547081,64.16514495614443,56.383269140678365,0.0112838290810941,0.0130758217668471,True,,202.0,833.0,0,False,32.19824384904845,0.02
refine_higher_0.02_R1.820_C0.400,modifier,higher,1.82,0.4,150.0,90.0,148.60512489521057,90.7067870743288,ok,206.68655506600044,150.49084191082224,83.70360079052504,117.96668145020514,72.01592002063596,4.059618918272603,1.6936030340262032,1.0000527973607611,1.0000026665333717,1.0000249141747235,0.9999928368627176,0.0,471.96897663712735,270.40306729662274,270.4030672966224,553.2835132046312,939.7864046363006,605.3996009548376,196.58396712603744,163.03331403127595,66.7872411202972,56.37113178737883,0.0170059389417644,0.0167832006824539,True,,204.0,838.0,0,False,52.60054678862448,0.02
refine_higher_0.02_R1.800_C0.580,modifier,higher,1.8,0.58,150.0,90.0,148.60512489521057,90.7067870743288,ok,243.9204011450056,141.57569663857686,91.55019612565238,117.7537111040376,72.01606401055214,4.0694227836301415,1.6863492628990464,1.000050508850868,1.0000025509520638,1.0000238606089664,0.9999930300738066,0.0,477.7832590973916,295.10763281415325,295.10763281415245,560.7693108841717,950.134126628028,613.6880299063322,199.11490888187456,165.0386730569296,50.02550051292448,56.50715350166693,0.0170218710169365,0.0173217731449,True,,,,0,False,50.124200443014935,0.02
refine_higher_0.02_R1.820_C0.540,modifier,higher,1.82,0.54,150.0,90.0,148.60512489521057,90.7067870743288,ok,268.73482521699043,143.4888999264213,90.76679231527314,118.34748913204938,72.01157343366225,4.021443500519835,1.7158589149078147,0.999761665289655,0.9999879628934174,0.9998994708249715,1.0000262731865273,0.0,478.851261834089,276.3761847322371,276.3761847322353,562.8709290014708,947.5790785974672,616.5562903652428,199.5672519532889,165.90478106996432,52.722107611148175,55.84440540275693,0.01633746699801,0.0055693418041755,True,,,,0,False,26.17935856020339,0.02
refine_higher_0.02_R1.820_C0.580,modifier,higher,1.82,0.58,150.0,90.0,148.60512489521057,90.7067870743288,ok,144.01179464900633,141.6622129157954,91.6813514412278,117.8581007842455,72.01502151207774,4.064973595410793,1.6897817208278845,0.9999757852593318,0.999998777033298,0.9999917087130163,1.0000015887095426,0.0,477.1595370182568,314.87275528312614,314.8727552831258,561.0132913133416,943.4904964136284,614.5921049003146,198.86718893264816,165.3962734529008,49.98086147456762,56.44619011505885,0.0125467940039811,0.0131196028641085,True,,142.0,770.0,0,False,49.153802459135726,0.02
refine_higher_0.02_R1.820_C0.560,modifier,higher,1.82,0.56,150.0,90.0,148.60512489521057,90.7067870743288,ok,150.45174593100091,142.43505311166751,90.88396415206378,117.8851933814588,72.01413012971592,4.064666450091178,1.690295253524554,0.9999430730784838,0.9999971249029538,0.9999768239902684,1.000005850355961,0.0,476.8499347561183,306.52363127971563,306.52363127971535,560.5584846746592,943.4484520980736,614.0277954539619,198.7378611279885,165.23051635847446,51.55108895960373,56.44262372911638,0.0121261025363708,0.0134543668572177,True,,148.0,779.0,0,False,38.10117753094883,0.02
refine_higher_0.02_R1.840_C0.420,modifier,higher,1.84,0.42,150.0,90.0,148.60512489521057,90.7067870743288,ok,160.24465414800216,149.44268654822525,85.65907966839451,118.33879673913248,72.01449311810181,4.030814885102296,1.7115462548178504,0.9999441429210476,0.9999971789354064,0.9999773360845254,1.0000056507350277,0.0,468.6276991284912,275.42616807523893,275.42616807523973,549.7957767329838,933.9432495609024,601.4496812049028,195.3102477201826,161.6887938153732,63.78360687983074,55.97227322688877,0.0112011024449998,0.0140743654182386,True,,158.0,834.0,0,False,26.180859578524576,0.02
refine_higher_0.02_R1.820_C0.600,modifier,higher,1.82,0.6,150.0,90.0,148.60512489521057,90.7067870743288,ok,176.162867231993,140.93179083178987,92.43125178304754,117.83269034715352,72.01392377713442,4.064839638178524,1.6894709261230123,0.9999347501623151,0.9999967045536526,0.9999732346970556,1.0000068008204157,0.0,477.39839825562274,315.7289182647677,315.72891826476723,561.3715583749333,942.563352334881,615.0365803612435,198.96688794236653,165.52749910817357,48.500539048742326,56.445190387878505,0.0078705942111128,0.0097320630866022,True,,173.0,765.0,0,False,61.8538341804688,0.02
refine_higher_0.02_R1.840_C0.520,modifier,higher,1.84,0.52,150.0,90.0,148.60512489521057,90.7067870743288,ok,153.4767733940098,144.32543527953484,89.8245870445302,118.29008516781796,72.01520726855419,4.034364230691652,1.7093448632479469,0.9999949315487732,0.9999997440176148,0.999999205682057,0.9999999999956856,0.0,472.7429040608802,301.24410813209875,301.24410813209715,555.5881788790784,936.2869539943522,608.467282466549,197.0262198790275,163.7116390700085,54.50084823500464,56.0210042254961,0.0149340704161886,0.0112589357298702,True,,151.0,795.0,0,False,19.09402009909925,0.02
refine_higher_0.02_R1.840_C0.540,modifier,higher,1.84,0.54,150.0,90.0,148.60512489521057,90.7067870743288,ok,148.6460934499919,143.47335850415743,90.59626873004149,118.26943238254204,72.01557838935202,4.035030593766268,1.7087530899242238,1.0000164646423635,1.000000831547593,1.000008901107081,0.9999971039484896,0.0,473.17890553617576,305.5073797173039,305.5073797173031,556.2166941414539,936.416677002626,609.2389280656757,197.20798007176847,163.93623137489763,52.87708977411596,56.02996857084014,0.0147824141817238,0.0151107685597224,True,,147.0,785.0,0,False,26.34724059676652,0.02
refine_higher_0.02_R1.840_C0.480,modifier,higher,1.84,0.48,150.0,90.0,148.60512489521057,90.7067870743288,ok,191.50066188600613,146.18065805759707,88.43977370638915,118.33588886805352,72.0153663267407,4.031954549213275,1.7110401984693793,1.0000002318620052,1.000000011710202,1.0000020880600753,0.9999989132722702,0.0,471.570169278906,291.211431685187,291.21143168518773,553.9094865068348,935.8101028353268,606.4165013938957,196.5367349206772,163.116500549141,57.74088435120792,55.98741983648192,0.0151624268949603,0.012183621419652,True,,188.0,825.0,0,False,11.017389057104667,0.02
refine_higher_0.02_R1.840_C0.580,modifier,higher,1.84,0.58,150.0,90.0,148.60512489521057,90.7067870743288,ok,152.74292526300997,141.89803033380832,92.25113579181512,118.23160434804346,72.01577743286505,4.034412905697941,1.7084790828659866,1.0000284876039036,1.000001438767874,1.0000140876183552,0.999995653707701,0.0,473.842166873863,312.0688066952434,312.068806695243,557.1662251686314,936.069105363122,610.4020131274631,197.48446743516112,164.27588077123585,49.646894541993206,56.021236588870046,0.0164246360464233,0.0152344568530082,True,,150.0,781.0,0,False,47.37013041679317,0.02
refine_higher_0.02_R1.840_C0.400,modifier,higher,1.84,0.4,150.0,90.0,148.60512489521057,90.7067870743288,ok,208.7333971300104,150.70152245427394,84.30683845055007,118.33649838011412,72.01552366813243,4.029456537676391,1.7120593219770812,1.0000138137314034,1.0000006976632034,1.0000079228513925,0.9999973374630908,0.0,467.3105311704253,268.50649761316083,268.5064976131592,547.7655010895792,930.9613257420672,599.0987341239559,194.70237495987956,161.10816023713753,66.39468400372387,55.95261038779983,0.0148394472213624,0.0168968232706987,True,,206.0,843.0,0,False,45.3542251126541,0.02
refine_higher_0.02_R1.840_C0.460,modifier,higher,1.84,0.46,150.0,90.0,148.60512489521057,90.7067870743288,ok,210.0195539839915,147.31055531574646,87.94319821967699,118.5708065810598,72.01686526328955,4.008908319780174,1.7247241669653033,1.00009610297225,1.0000048536854682,1.0000441981784804,0.9999875179571214,0.0,462.2117963641556,266.2298032606136,266.229803260614,540.5335730450264,930.6682422658712,590.1670330184461,192.61906452981492,158.46500304393493,59.36735709606947,55.66624297133503,0.0205048811676249,0.0170737094565822,True,,,,0,False,9.31333375362961,0.02
refine_higher_0.02_R1.840_C0.560,modifier,higher,1.84,0.56,150.0,90.0,148.60512489521057,90.7067870743288,ok,173.88731662998907,142.6591559975124,91.44165555076212,118.24753741016433,72.01390363590669,4.035012148966757,1.7084446999131089,0.9999306940861156,0.9999964997013188,0.9999715341988972,1.0000072418989243,0.0,473.5065179898056,304.67697887554283,304.6769788755435,556.6913429020775,936.5002614809124,609.8229166230395,197.34475285006735,164.10748600707174,51.217500446750265,56.03101547400173,0.0082463066424907,0.011928232037107,True,,171.0,780.0,0,False,35.89457781004953,0.02
refine_higher_0.02_R1.840_C0.440,modifier,higher,1.84,0.44,150.0,90.0,148.60512489521057,90.7067870743288,ok,225.66675974900136,148.41173147410137,87.1980963659741,118.6116420002493,72.01478570630998,4.00417927456661,1.7273365556704894,0.9999673638403248,0.999998351709108,0.9999877892264556,1.0000027588520606,0.0,462.4145559065961,258.1918282088177,258.1918282088178,540.4291241136059,930.242224074044,590.194491502364,192.59353200854568,158.73155305010727,61.21363510812728,55.60218273642327,0.0126232075249959,0.0073465304836162,True,,,,0,False,12.348311502222966,0.02
refine_higher_0.02_R1.840_C0.600,modifier,higher,1.84,0.6,150.0,90.0,148.60512489521057,90.7067870743288,ok,191.249463524,141.16630768259915,92.9879581535956,118.1988575020254,72.01380817114475,4.034674490934385,1.7078849309386517,0.9999152896401068,0.999995721698995,0.9999650432311614,1.0000089345322036,0.0,466.2664143113216,311.15039875113666,311.1503987511347,546.5618416201019,931.15206956607,597.6375613013593,194.3163663021748,160.64632644273547,48.17834952900356,56.02640095557453,0.0064301442042449,0.0097171691866151,True,,188.0,771.0,0,False,60.53974301552705,0.02
refine_higher_0.02_R1.840_C0.500,modifier,higher,1.84,0.5,150.0,90.0,148.60512489521057,90.7067870743288,ok,215.64422664200535,145.3680406769663,89.46021100075166,118.59076119885783,72.01580052156947,4.005194464592591,1.7265909695196988,1.0000338632865315,1.0000017102669974,1.0000167349710447,0.999994965155076,0.0,469.1459495109235,273.4901900697348,273.490190069734,550.229860696377,935.5225417431608,601.8448904963714,195.5159585079701,161.79524399943074,55.90782967621465,55.61549598262111,0.0166447174887593,0.0099652534871097,True,,,,0,False,12.032666143221084,0.02
refine_higher_0.02_R1.860_C0.440,modifier,higher,1.86,0.44,150.0,90.0,148.60512489521057,90.7067870743288,ok,157.47388747998048,148.4953210888167,87.2830209475466,118.7097778767194,72.01549317262169,4.001358076843104,1.7300526809598626,1.0000131678940285,1.0000006650451536,1.000007811958211,0.9999974107336635,0.0,457.6345632890362,273.5837304067663,273.58373040676594,534.8222408803424,921.0769001696284,584.0256905057721,190.6099798193939,157.06678203734094,61.21230014127009,55.5624616393561,0.0149710213889306,0.0130973513996366,True,,155.0,840.0,0,False,11.734231366799754,0.02
refine_higher_0.02_R1.860_C0.400,modifier,higher,1.86,0.4,150.0,90.0,148.60512489521057,90.7067870743288,ok,211.49278436001623,150.906625794049,84.91292936340376,118.70444997097138,72.01542722589517,3.9992876861672353,1.7308504061466208,1.0000071877136616,1.000000363015842,1.0000050758572172,0.999998154206712,0.0,464.4043945940692,271.70593158057346,271.7059315805727,544.6827544955818,926.5575264567148,595.7293728574975,193.5500269843404,160.12762731370643,65.99369643064524,55.53376325356547,0.0148354788230449,0.0156094644189579,True,,208.0,854.0,0,False,38.86569356179968,0.02
refine_higher_0.02_R1.860_C0.460,modifier,higher,1.86,0.46,150.0,90.0,148.60512489521057,90.7067870743288,ok,165.89863110598526,147.40691461196877,88.05946290591969,118.6958905457052,72.01502961022534,4.002887987061724,1.729180925384816,0.999996967047251,0.9999998468205678,0.999999683886037,0.9999999980854776,0.0,467.5574597036051,279.9952515342411,279.9952515342401,549.092939017188,928.5005307041174,601.0573057696765,194.8645559048556,161.6602986685059,59.347451706049085,55.58406361459523,0.0133192347059889,0.0122962913325608,True,,164.0,825.0,0,False,8.44403313550938,0.02
refine_higher_0.02_R1.860_C0.480,modifier,higher,1.86,0.48,150.0,90.0,148.60512489521057,90.7067870743288,ok,157.10275688100955,146.39405205075138,88.80952539622157,118.68385468393828,72.0145807667371,4.003815912140404,1.7286361084422,0.9999541947470638,0.9999976866033884,0.9999816825305804,1.000004481822976,0.0,468.3517845214057,290.1058354860688,290.10583548606775,550.2124267929039,928.9722928051413,602.4164793346913,195.19588803157512,162.05201549764251,57.58452665452981,55.597295290924365,0.0112548703317543,0.0091140936181943,True,,155.0,815.0,0,False,8.48844499871907,0.02
refine_higher_0.02_R1.860_C0.420,modifier,higher,1.86,0.42,150.0,90.0,148.60512489521057,90.7067870743288,ok,216.166844449006,149.76329389193378,86.6987939967256,118.94869794435412,72.01607760561524,3.976020058147564,1.744975002925415,1.000058500189797,1.0000029545550395,1.0000271123140294,0.9999922056699632,0.0,460.14759492454215,256.9291823873979,256.9291823873961,538.0989159483411,922.421108522744,587.8524091942272,191.65035886998072,158.1397469222723,63.064499895208186,55.21017237180862,0.0174068886195755,0.016900775479641,True,,,,0,False,17.40536393508606,0.02
refine_higher_0.02_R1.860_C0.520,modifier,higher,1.86,0.52,150.0,90.0,148.60512489521057,90.7067870743288,ok,151.988397514011,144.54972634203173,90.26001408713807,118.6517504919808,72.01390411275081,4.004751882530767,1.7277327949280414,0.9999352191976814,0.999996728242306,0.9999733888728072,1.0000067712530023,0.0,469.5324087314465,296.94321436763784,296.9432143676355,551.8925159406034,929.5094442361832,604.4617689387512,195.68841665469915,162.64386151082067,54.28971225489365,55.610814770722655,0.0073264961780239,0.0095773062504491,True,,150.0,800.0,0,False,16.64586352720828,0.02
refine_higher_0.02_R1.860_C0.540,modifier,higher,1.86,0.54,150.0,90.0,148.60512489521057,90.7067870743288,ok,156.73295119701652,143.69601656858967,91.160772708492,118.63483977630467,72.01442435709995,4.004961185064601,1.7274191546316104,0.9999497232676952,0.9999974607710956,0.9999796116720724,1.0000050962464089,0.0,469.9035471381599,298.60321686668954,298.60321686668954,552.4249350570119,929.6322225521964,605.1138360071157,195.84309920474112,162.8344992116127,52.53524386009767,55.613319426190046,0.0123620544451625,0.0141946502496352,True,,154.0,795.0,0,False,24.30544751852517,0.02
refine_higher_0.02_R1.860_C0.500,modifier,higher,1.86,0.5,150.0,90.0,148.60512489521057,90.7067870743288,ok,204.5840423899936,145.45346455514525,89.53870751074051,118.67982111169964,72.01667030856736,4.003829460047544,1.7286228167695037,1.000084058857758,1.0000042453968558,1.0000388091756696,0.9999889849187,0.0,469.03275432155897,294.2961270079938,294.29612700799134,551.1763932622935,929.3378806341716,603.5830065436842,195.47964897862897,162.38843968464252,55.91475704440474,55.59587027409727,0.0194319445675432,0.0201394121880724,True,,202.0,816.0,0,False,11.297372766013265,0.02
refine_higher_0.02_R1.860_C0.580,modifier,higher,1.86,0.58,150.0,90.0,148.60512489521057,90.7067870743288,ok,190.8443532359961,142.12547471873327,92.80767739980098,118.59521279966248,72.01411355241058,4.004260359055598,1.727156413452496,0.9999537200460488,0.9999976626285864,0.9999812548295084,1.0000047025604233,0.0,470.5780519378511,309.77613361580416,309.77613361580416,553.3949774075054,928.5688881933928,606.303945209431,196.1243210503537,163.1823000470417,49.31779731893229,55.603827659995694,0.0094552891009414,0.0105260496070656,True,,188.0,791.0,0,False,46.399606569184805,0.02
refine_higher_0.02_R1.880_C0.440,modifier,higher,1.88,0.44,150.0,90.0,148.60512489521057,90.7067870743288,ok,165.16863329100306,148.70035187156202,87.65215166374246,119.06169496235492,72.01454768761019,3.9726239200896223,1.748245850265365,0.9999545930302328,0.9999977067186993,0.9999817786875134,1.000004472071005,0.0,463.65579094751706,277.14573266562047,277.1457326656202,544.4091833556181,921.4561295513912,595.8465036715422,193.23850582527743,160.24374165831898,61.04820020781956,55.16418623251446,0.0112438635090938,0.0090067248752347,True,,163.0,841.0,0,False,9.339865668633037,0.02
refine_higher_0.02_R1.860_C0.560,modifier,higher,1.86,0.56,150.0,90.0,148.60512489521057,90.7067870743288,ok,196.3596197169973,142.88526115459456,92.00877477482658,118.61425534241364,72.01422868454021,4.004729127452425,1.7271998081039586,0.9999464499588204,0.9999972954524654,0.9999785896621473,1.0000052910698711,0.0,470.2901431966807,306.64200355995354,306.64200355995274,552.9739912590642,929.7328840861344,605.7836352407244,196.00422737958985,163.02920031565895,50.87648637976798,55.61024814964306,0.0070192858390214,0.0104684658272162,True,,193.0,791.0,0,False,34.41201318346121,0.02
refine_higher_0.02_R1.860_C0.600,modifier,higher,1.86,0.6,150.0,90.0,148.60512489521057,90.7067870743288,ok,191.71091501999763,141.40943406918305,93.5625456545502,118.5765930075094,72.01545495881543,4.003848440976128,1.7271072085913024,1.0000000001012237,1.0000000000051124,1.0000011037540384,0.9999992234369536,0.0,463.2112777738932,308.1834177454928,308.1834177454916,543.0661566488772,924.5909932199028,593.8627758918187,193.04318001836447,159.6423368225508,47.84688841463286,55.59707209050988,0.0154065812242265,0.0177790821333445,True,,190.0,791.0,0,False,59.933323532284646,0.02
refine_higher_0.02_R1.880_C0.460,modifier,higher,1.88,0.46,150.0,90.0,148.60512489521057,90.7067870743288,ok,160.03608511399943,147.62828504006757,88.44547309337965,119.06146994809164,72.0167261268477,3.973412442927809,1.747950347013007,1.000088871245549,1.0000044884467465,1.000040910429212,0.9999884658782054,0.0,464.519025405896,282.4028087724687,282.40280877246647,545.6261971949425,921.9534547605932,597.3194319806174,193.5982888103824,160.66802876246413,59.18281194668792,55.17346672950923,0.0191208669197635,0.020767621744028,True,,157.0,836.0,0,False,6.067757023031906,0.02
refine_higher_0.02_R1.880_C0.480,modifier,higher,1.88,0.48,150.0,90.0,148.60512489521057,90.7067870743288,ok,157.85179818500183,146.61561055666178,89.19822690990992,119.0493441109984,72.01392173994631,3.973537682761924,1.7476444807238072,0.9999380922299808,0.9999968733449488,0.999974592078838,1.00000645890122,0.0,465.2954858714057,287.3807000995512,287.3807000995507,546.7101277683314,922.411265019233,598.6289418090964,193.92220019066815,161.04459417810153,57.41738364675186,55.17735441642796,0.0067770092952343,0.0061684378120219,True,,156.0,831.0,0,False,6.23392107296274,0.02
refine_higher_0.02_R1.880_C0.420,modifier,higher,1.88,0.42,150.0,90.0,148.60512489521057,90.7067870743288,ok,192.89750834699956,149.86449639995112,86.84563844279677,119.0787363419834,72.01532490114423,3.969931950308912,1.7496744734400451,1.0000124154518,1.000000627043019,1.0000067608881755,0.999997754674128,0.0,462.7089065808092,270.0083955764041,270.00839557640376,543.070934852133,920.9265616699196,594.2216939047187,192.84332030167965,159.7752336020573,63.01885795715435,55.12621036922983,0.0140637065389626,0.0140392327829914,True,,190.0,865.0,0,False,16.494485341734176,0.02
refine_higher_0.02_R1.880_C0.400,modifier,higher,1.88,0.4,150.0,90.0,148.60512489521057,90.7067870743288,ok,207.3881793959881,151.1062695706248,85.50372474532753,119.0628100720804,72.0153468756313,3.970052647670829,1.749363663646045,1.000002510589824,1.0000001267974663,1.0000030457545948,0.9999986988302628,0.0,461.4367131490395,269.9311515880963,269.9311515880965,541.31190378695,920.0286159252272,592.1067942864335,192.31335793800469,159.16928687699408,65.60254482529726,55.12786954323792,0.0147790082202732,0.0155091104167865,True,,204.0,860.0,0,False,33.32758228682504,0.02
refine_higher_0.02_R1.880_C0.520,modifier,higher,1.88,0.52,150.0,90.0,148.60512489521057,90.7067870743288,ok,154.72021531200153,144.7679516862788,90.8310448175107,119.01517536685796,72.0155800787627,3.9750397043566057,1.7464933278876869,1.000019176238623,1.0000009684969002,1.0000101490721796,0.9999967964727912,0.0,466.36157213608953,296.7614128066713,296.76141280666934,548.2334068157573,922.8656826170746,600.4889232108144,194.36674529921905,161.5840843922525,53.93690686876809,55.196940717677286,0.0144146872547707,0.0152632948640416,True,,153.0,811.0,0,False,14.73933822208442,0.02
refine_higher_0.02_R1.880_C0.500,modifier,higher,1.88,0.5,150.0,90.0,148.60512489521057,90.7067870743288,ok,162.7014011660067,145.6703136579504,89.91316206985081,119.02879378476852,72.0153822055747,3.974783533330867,1.7468057943065975,1.000004475468096,1.0000002260337422,1.0000039383200254,0.9999984601689352,0.0,465.8362307972629,288.02786398196656,288.0278639819667,547.4897612530982,922.6109814245068,599.5842865507173,194.1478996789857,161.32251034122874,55.75715158809959,55.19353520869296,0.01504053872398,0.0123499987285242,True,,161.0,816.0,0,False,9.242957646081218,0.02
refine_higher_0.02_R1.880_C0.580,modifier,higher,1.88,0.58,150.0,90.0,148.60512489521057,90.7067870743288,ok,147.1612372759846,142.35041272942013,93.36173581131594,118.95518261737448,72.01384635905855,3.9744023026310473,1.7459036315477314,0.9999358384105566,0.9999967595156856,0.999973525716336,1.0000067673633668,0.0,467.3543387921766,307.20597088083497,307.20597088083537,549.6610865708454,921.1614763273196,602.2393779240685,194.7807647629146,162.09579474758078,48.98867691810419,55.18941847398089,0.0061651335760757,0.0091433462245902,True,,145.0,802.0,0,False,46.170177072916495,0.02
refine_higher_0.02_R1.880_C0.560,modifier,higher,1.88,0.56,150.0,90.0,148.60512489521057,90.7067870743288,ok,162.21526986302342,143.1135816957765,92.56804697438756,118.97809254309396,72.01559750644846,3.975410513665179,1.7458287288968597,1.0000094369711665,1.0000004766147068,1.0000058187136265,0.9999978641323152,0.0,466.9828353201544,299.8874088832632,299.8874088832644,549.1304620322234,922.2247389708824,601.5920619047433,194.62589365120527,161.90742639636704,50.54553472138895,55.20207637393011,0.0155461598942849,0.0181555531068084,True,,159.0,801.0,0,False,33.62133512681722,0.02
refine_higher_0.02_R1.880_C0.540,modifier,higher,1.88,0.54,150.0,90.0,148.60512489521057,90.7067870743288,ok,179.33732548201806,143.9148829740082,91.7327074250296,119.00039452998126,72.01405828317098,3.9745969645520742,1.7464786681543898,0.9999479901388092,0.999997373239335,0.9999788412949272,1.0000053312216577,0.0,466.7791154209077,300.300688243965,300.300688243965,548.8212628052697,923.0651017187386,601.2041406844362,194.54080521809965,161.79191390282222,52.182175548978606,55.19195917168441,0.0091458556568682,0.0100719051363142,True,,176.0,811.0,0,False,23.05088184538604,0.02
refine_higher_0.02_R1.880_C0.600,modifier,higher,1.88,0.6,150.0,90.0,148.60512489521057,90.7067870743288,ok,189.145320954005,141.63583592420943,94.10906005675452,118.93381895345723,72.01425444059059,3.973823434754796,1.7458729950967389,0.9999472325001773,0.9999973349747562,0.999978464807793,1.000005412610089,0.0,467.208279073379,307.89684528846374,307.89684528846533,549.2154751631956,920.0498854410632,601.8475665676638,194.64004037554656,162.18356836185328,47.52677586745492,55.18106749314569,0.0096505504002379,0.0118555716850465,True,,186.0,802.0,0,False,60.14645020826201,0.02
refine_higher_0.02_R1.900_C0.420,modifier,higher,1.9,0.42,150.0,90.0,148.60512489521057,90.7067870743288,ok,195.08413183898665,150.0612575755083,87.19372971894325,119.4156664397334,72.01608737634578,3.943202191711404,1.7669961888149268,1.0000529938275289,1.0000026764559358,1.0000250398763482,0.9999928113000048,0.0,451.06156008612953,264.4871198486443,264.4871198486412,527.1912105061929,907.2675836634112,575.6987662972379,187.8735818985931,154.83056349144942,62.86752785656506,54.75446300081248,0.0160654950000207,0.0172218840164646,True,,192.0,851.0,0,False,14.46189436485964,0.02
refine_higher_0.02_R1.900_C0.520,modifier,higher,1.9,0.52,150.0,90.0,148.60512489521057,90.7067870743288,ok,158.45099440900958,144.97995059494033,91.39169612349536,119.37209276358053,72.015849438775,3.945690364835061,1.7652591380141696,1.0000375339102805,1.0000018956520351,1.000018111530332,0.999994643025056,0.0,454.8482566325,289.8892330872095,289.8892330872088,532.8481030079752,910.5113267819283,582.372148748673,189.5563508859562,156.49469848728705,53.58825447144498,54.78919426187605,0.01593990589555,0.0169036543008616,True,,155.0,822.0,0,False,13.610989112969987,0.02
refine_higher_0.02_R1.900_C0.460,modifier,higher,1.9,0.46,150.0,90.0,148.60512489521057,90.7067870743288,ok,163.5910867859784,147.83697203704656,88.82110379087386,119.414208715225,72.01527784158918,3.943763942616602,1.7667523307803608,1.000000000127243,1.0000000000064264,1.0000009209650278,0.9999992758396024,0.0,461.52315891822616,280.2102840076764,280.2102840076765,542.1973490245241,915.505307666651,593.6166848415796,192.34999306423984,159.68395390267608,59.0158682461727,54.762878944821054,0.0147398596020877,0.0116155910783675,True,,161.0,847.0,0,False,4.14586025900692,0.02
refine_higher_0.02_R1.900_C0.560,modifier,higher,1.9,0.56,150.0,90.0,148.60512489521057,90.7067870743288,ok,156.92185130299185,143.3325460709278,93.13118476499837,119.33914147335088,72.01415733819958,3.9447541947223095,1.7652230401624391,0.999945949961488,0.9999972702000746,0.9999779727509904,1.0000055762713569,0.0,463.9253873152423,297.0081328932767,297.008132893276,545.6100398864585,915.0092447672891,597.7754325313706,193.35150428493532,160.89026406237596,50.20136130592945,54.77748182481103,0.0105841833264719,0.0116867640779645,True,,155.0,822.0,0,False,33.67779162079883,0.02
refine_higher_0.02_R1.900_C0.480,modifier,higher,1.9,0.48,150.0,90.0,148.60512489521057,90.7067870743288,ok,165.74430034600664,146.83163789050877,89.57202100873982,119.39853643502911,72.01588711295328,3.9452562802404416,1.7658346036485386,1.0000397839163453,1.000002009288706,1.0000192271324495,0.9999943219444212,0.0,462.1954367890724,285.90086229626627,285.9008622962631,543.1545259038603,915.8201981499506,594.7818426314918,192.63042737284005,160.0207066378635,57.25961688176895,54.78313797693704,0.0155953660946295,0.0157173655562843,True,,164.0,831.0,0,False,4.4329501794584205,0.02
refine_higher_0.02_R1.900_C0.580,modifier,higher,1.9,0.58,150.0,90.0,148.60512489521057,90.7067870743288,ok,159.9017034629942,142.5758698308486,93.9144851294724,119.31424624600388,72.01410023709067,3.944642263691825,1.764905028538367,0.9999489600633552,0.9999974222254217,0.9999791141692642,1.0000052885010993,0.0,464.1781362862087,304.3155096015876,304.3155096015853,545.9777302023664,913.8700970028776,598.2446332701636,193.4538448743138,161.02852076215848,48.66138470137619,54.77597096547694,0.0083345533813883,0.0102238295974643,True,,157.0,817.0,0,False,46.64124344410646,0.02
refine_higher_0.02_R1.900_C0.540,modifier,higher,1.9,0.54,150.0,90.0,148.60512489521057,90.7067870743288,ok,180.3057947069756,144.12500827441693,92.27232074476522,119.34684208076608,72.0138766008476,3.946209033019789,1.7646397502972109,0.9999353411759944,0.9999967344028278,0.9999733805526448,1.0000067884026618,0.0,463.56982328333015,296.3916459623919,296.39164596239027,545.112880610637,916.1660374165068,597.1725359658478,193.20364935047135,160.7152540914371,51.8526875296517,54.797897562056015,0.0062966798372769,0.0095062315786691,True,,177.0,812.0,0,False,22.52234060918154,0.02
refine_higher_0.02_R1.900_C0.440,modifier,higher,1.9,0.44,150.0,90.0,148.60512489521057,90.7067870743288,ok,219.367192026024,148.91479282937792,88.04588778387088,119.43600364749364,72.01397846813423,3.941272755824563,1.7681900294469557,0.9999396407053815,0.9999969515507774,0.9999753217408228,1.0000062482977057,0.0,460.75950952974216,269.04900936238016,269.0490093623779,541.1095590585035,915.135951556474,592.2926154883692,192.03112245265555,159.30109475691853,60.86890504550704,54.72927395017557,0.0071335469612563,0.0068854884885496,True,,216.0,871.0,0,False,7.176279263410935,0.02
refine_higher_0.02_R1.920_C0.460,modifier,higher,1.92,0.46,150.0,90.0,148.60512489521057,90.7067870743288,ok,159.92501507000998,148.0407909199159,89.18814256990179,119.7605158202621,72.01397929724713,3.915357360169435,1.7851892939018594,0.9999414328296647,0.9999970420621032,0.9999760360478156,1.000006073016678,0.0,458.5061393499293,273.9040424748039,273.90404247480285,538.7375107802786,909.0557384014838,589.8756388305894,191.0928367577593,158.68884393434902,58.85264835001412,54.36940713980385,0.0076434181961246,0.0070475245414627,True,,158.0,852.0,0,False,2.624753966498249,0.02
refine_higher_0.02_R1.920_C0.440,modifier,higher,1.92,0.44,150.0,90.0,148.60512489521057,90.7067870743288,ok,173.83275867599878,149.11112052564738,88.38462682354874,119.75963833752355,72.0164115307585,3.916067868001024,1.7848881120648006,1.0000730797747197,1.0000036908977126,1.000033865158318,0.999990406455999,0.0,457.6081566646244,271.37810843208405,271.37810843208297,537.4867391591365,908.4531780408456,588.3702698242057,190.71851442933792,158.25729120521078,60.72649370209864,54.377436819779,0.0172233669799481,0.0190307811555356,True,,171.0,847.0,0,False,5.648459808324052,0.02
refine_higher_0.02_R1.920_C0.400,modifier,higher,1.92,0.4,150.0,90.0,148.60512489521057,90.7067870743288,ok,220.6347422960098,151.49689689763673,86.68867344684273,119.77766388217208,72.01437827291585,3.911286436380093,1.787276910877053,0.9999449050962416,0.9999972174291036,0.9999782045267172,1.0000053213264124,0.0,449.15246431366097,259.9081779116419,259.90817791164005,525.2658857267623,900.1457060127016,573.7980518191064,187.0791571296176,154.35736489460908,64.808223450794,54.31257660181873,0.0085396536276505,0.0139763315889638,True,,218.0,886.0,0,False,24.507582437405127,0.02
refine_higher_0.02_R1.920_C0.420,modifier,higher,1.92,0.42,150.0,90.0,148.60512489521057,90.7067870743288,ok,215.8367260750092,150.25892893949876,87.56473334788417,119.76980659635528,72.01474625904672,3.9137049696936086,1.7861028632660083,0.999973835759911,0.9999986785737328,0.9999900868980638,1.0000022696968738,0.0,456.7387941896949,266.81190910177384,266.81190910177344,536.2571467945731,907.9927164401274,586.8753637177513,190.35590861633125,157.82522125291507,62.69419559161459,54.34588293369092,0.012143367401336,0.0099663922254649,True,,213.0,867.0,0,False,12.607569436768568,0.02
refine_higher_0.02_R1.920_C0.520,modifier,higher,1.92,0.52,150.0,90.0,148.60512489521057,90.7067870743288,ok,156.6213583080098,145.1867513652275,91.94794039294209,119.72480033641232,72.0142103111179,3.91623225189156,1.7842980486849729,0.9999558849706818,0.9999977719682156,0.9999821302871696,1.000004480422988,0.0,460.1184166389569,287.39536435453067,287.3953643545284,541.0167891008475,909.8667564213616,592.6458022594697,191.7649221423225,159.49055380193033,53.23881097228544,54.38138160472133,0.0112591454243045,0.0135628936422449,True,,154.0,837.0,0,False,13.225739150793563,0.02
refine_higher_0.02_R1.920_C0.500,modifier,higher,1.92,0.5,150.0,90.0,148.60512489521057,90.7067870743288,ok,171.83965203599655,146.0815331204947,90.99062598603376,119.73541952221208,72.01406447792125,3.916470240749686,1.7843296648266571,0.9999468947465202,0.9999973179164916,0.9999784314950392,1.0000054227187367,0.0,459.70842209796376,287.97842985414303,287.9784298541415,540.4298209716616,909.6930075642828,591.9277150109723,191.59404265362656,159.2813826714672,55.09090713446095,54.38479648583693,0.0064007055920285,0.0101494754324988,True,,170.0,837.0,0,False,6.4490799732114334,0.02
refine_higher_0.02_R1.920_C0.480,modifier,higher,1.92,0.48,150.0,90.0,148.60512489521057,90.7067870743288,ok,177.250090394984,147.04378663325716,89.98350060905268,119.75312947166826,72.01553029689956,3.915735023719224,1.7849440535622374,1.0000187915083787,1.000000949066079,1.000009876827712,0.9999968688711348,0.0,459.2062114797248,283.2179789122944,283.2179789122951,539.7187531820896,909.4543274807844,591.06260353556,191.38461818575004,159.03066931807416,57.06028602420447,54.37348038090897,0.0146440214950587,0.0152759047600454,True,,174.0,847.0,0,False,2.960920479091314,0.02
refine_higher_0.02_R1.920_C0.560,modifier,higher,1.92,0.56,150.0,90.0,148.60512489521057,90.7067870743288,ok,160.31759724699077,143.54430272040472,93.66851483953874,119.6846061407928,72.01402386912758,3.916198645521074,1.783717287732691,0.9999490178992578,0.999997425146427,0.9999791804361036,1.000005266766943,0.0,460.7894737186582,299.0121074166344,299.01210741663283,541.9803786103525,907.8042494706524,593.8283607380528,192.04476658786703,159.83590780833606,49.87578788086597,54.3810557321176,0.0083469043044317,0.0098436262730672,True,,158.0,828.0,0,False,34.383752440222096,0.02
refine_higher_0.02_R1.920_C0.600,modifier,higher,1.92,0.6,150.0,90.0,148.60512489521057,90.7067870743288,ok,163.03302685101517,142.1037267814113,95.19584358127616,119.64140301056254,72.01390179935316,3.9147906539716,1.7837372943138894,0.9999445865575104,0.99999720134129,0.9999771423295376,1.0000058418650952,0.0,458.761428791158,304.85045794724795,304.85045794724834,538.9298176361706,905.6830833638882,590.2978581782302,191.12110799469048,159.0230757410173,46.90788320013513,54.361596249555845,0.0061139135837606,0.0092488003311075,True,,161.0,829.0,0,False,62.41980575667915,0.02
refine_higher_0.02_R1.940_C0.400,modifier,higher,1.94,0.4,150.0,90.0,148.60512489521057,90.7067870743288,ok,173.4980399160122,151.68702418032942,87.05386750845928,120.11305807674746,72.01593838270982,3.884415966179284,1.8052010588749088,1.000046671753098,1.0000023571592478,1.0000222749299534,0.9999935658294552,0.0,452.7343152904508,258.3722829712643,258.3722829712658,531.4004492112097,900.9770532901013,581.439283523596,188.6867996621905,156.342459997254,64.63315667187014,53.938281627833184,0.0152213282357251,0.0162143017416269,True,,171.0,882.0,0,False,22.84192455832848,0.02
refine_higher_0.02_R1.940_C0.440,modifier,higher,1.94,0.44,150.0,90.0,148.60512489521057,90.7067870743288,ok,171.54735533500207,149.31272362993678,88.75917039127712,120.1124068755039,72.01540878452158,3.8862874735338657,1.8043356166756537,1.000011228059249,1.0000005670737002,1.0000065581958415,0.9999977360520964,0.0,454.7693651426737,270.9430020066002,270.94300200659745,534.252433240862,902.2905241205996,584.883077122309,189.53546885188663,157.33066659165252,60.55355323865966,53.96466588368729,0.0145953232186855,0.0124208582070224,True,,169.0,868.0,0,False,4.293906713487363,0.02
refine_higher_0.02_R1.920_C0.540,modifier,higher,1.92,0.54,150.0,90.0,148.60512489521057,90.7067870743288,ok,211.83928968099644,144.34494385013608,92.84299170587116,119.71082568633446,72.01439355172555,3.915841400918469,1.7842875592969556,0.999953734048064,0.9999976633357608,0.9999812073771124,1.000004728243853,0.0,460.499761206396,291.0179175310808,291.0179175310801,541.5609247898692,908.993500172324,593.3087987628758,191.92377686445545,159.68316948042127,51.501952144264905,54.37581583056518,0.0107443772818669,0.0134017723230499,True,,209.0,837.0,0,False,22.71251276463504,0.02
refine_higher_0.02_R1.940_C0.420,modifier,higher,1.94,0.42,150.0,90.0,148.60512489521057,90.7067870743288,ok,193.9858068279864,150.4514960017085,87.92038619656715,120.11176667873951,72.01400170220563,3.8856708963427975,1.8045724452401128,0.9999440145141856,0.9999971724502112,0.9999771319710936,1.0000057846197854,0.0,453.8240578811669,262.8270723650211,262.82707236501767,532.9305819534662,901.684620714786,583.288605364952,189.14140784827063,156.87315344925435,62.53110980514138,53.95715839276555,0.0076179141365173,0.0061231134521619,True,,191.0,872.0,0,False,11.17311611450143,0.02
refine_higher_0.02_R1.920_C0.580,modifier,higher,1.92,0.58,150.0,90.0,148.60512489521057,90.7067870743288,ok,207.57244055400952,142.8103297560639,94.46618102340965,119.6716471993764,72.0154614666227,3.915330536917352,1.7839699549454515,1.0000038903624249,1.0000001964829517,1.0000034253512018,0.9999985644999728,0.0,460.0856464997685,297.6031439467486,297.60314394674737,540.7531286803376,906.6758687060224,592.4851485759194,191.6727207511657,159.64654831284912,48.34414873265428,54.36791568338427,0.0152316010257607,0.0178132709379497,True,,205.0,833.0,0,False,47.7126935690633,0.02
refine_higher_0.02_R1.940_C0.480,modifier,higher,1.94,0.48,150.0,90.0,148.60512489521057,90.7067870743288,ok,163.9823612019827,147.2363703947869,90.53514626130102,120.09842587013166,72.01409484462403,3.887199271241088,1.8036976612558224,0.9999419946943016,0.9999970704391076,0.9999764361543964,1.0000059269184745,0.0,447.46258497334,276.32813104302386,276.32813104302045,523.9864303519176,897.0672723571197,572.517738782806,186.47753636170484,153.81797405728247,56.701224133485866,53.97831187947332,0.0096187489512544,0.0113096515851935,True,,162.0,858.0,0,False,1.9029494511269056,0.02
refine_higher_0.02_R1.940_C0.500,modifier,higher,1.94,0.5,150.0,90.0,148.60512489521057,90.7067870743288,ok,160.84675035701366,146.28858160999062,91.55421376453708,120.08953403005228,72.01636289353128,3.887618282919106,1.8034267339785963,1.0000706861281998,1.0000035700064744,1.0000324797864075,0.9999906998638176,0.0,456.67695647572793,285.46921589058826,285.46921589058786,536.9391072768046,903.3444772023372,588.1403634514422,190.3305219466135,158.27155183518684,54.73436784545355,53.982430196683865,0.017349658198384,0.0176570376276146,True,,159.0,853.0,0,False,6.084504787574976,0.02
refine_higher_0.02_R1.940_C0.540,modifier,higher,1.94,0.54,150.0,90.0,148.60512489521057,90.7067870743288,ok,153.7083489529905,144.5550120988989,93.39172726873316,120.05913704596092,72.01627512103198,3.88726385126256,1.803143082839445,1.000065945675812,1.0000033305896872,1.0000306919777084,0.9999912843627377,0.0,457.43933340529793,292.6920459503433,292.69204595034176,538.0269507240478,901.876848994606,589.4691903108895,190.6482871385154,158.6582569897984,51.163284830165765,53.97757444035459,0.0177025488538333,0.0169526940257185,True,,152.0,849.0,0,False,23.612317510375444,0.02
refine_higher_0.02_R1.940_C0.520,modifier,higher,1.94,0.52,150.0,90.0,148.60512489521057,90.7067870743288,ok,168.7779244989797,145.38918539702357,92.49444952497151,120.07062750274632,72.01396826451254,3.887592338967501,1.8031141231529813,0.9999479895664912,0.9999973732104288,0.999978657488572,1.0000054257375957,0.0,457.0970836243813,289.4772932907735,289.4772932907728,537.5278042857162,903.1431785279726,588.8575705291082,190.5057009631089,158.47986916287206,52.89473587205204,53.98386497308538,0.0074321085853057,0.0096692660799533,True,,167.0,848.0,0,False,13.538003893437203,0.02
refine_higher_0.02_R1.940_C0.460,modifier,higher,1.94,0.46,150.0,90.0,148.60512489521057,90.7067870743288,ok,217.59905746000004,148.24284368464785,89.5606834455542,120.1072013332614,72.01493568429558,3.886530287505232,1.804089404669647,0.999986979965554,0.9999993424225028,0.9999961022237543,1.0000005582291185,0.0,455.5353061424063,276.25728740560817,276.25728740560703,535.3273243819754,902.73571392149,586.1852677051522,189.85475152453483,157.70670021183875,58.68216023909365,53.96839211998039,0.011272755909772,0.0092623288942803,True,,215.0,863.0,0,False,1.444801203417084,0.02
refine_higher_0.02_R1.940_C0.580,modifier,higher,1.94,0.58,150.0,90.0,148.60512489521057,90.7067870743288,ok,169.58649768098255,143.03760679341988,94.9967108067574,120.01436497764216,72.01476717112646,3.8865847427001023,1.8027882917158933,0.999974944626586,0.9999987345771006,0.999990066157622,1.00000242617288,0.0,455.9706259035879,295.3174111273379,295.3174111273395,535.7455908341892,899.6308468688744,586.8664335309634,189.9583878208797,158.11015393916793,48.04089598666249,53.96927457204063,0.0120481904933456,0.0129726350017307,True,,167.0,844.0,0,False,49.40070344382097,0.02
refine_higher_0.02_R1.940_C0.600,modifier,higher,1.94,0.6,150.0,90.0,148.60512489521057,90.7067870743288,ok,184.8034371920221,142.33528965013755,95.72473329276326,119.9855282517077,72.01385786043116,3.8861520988000446,1.8025384914369085,0.9999392766170364,0.9999969331624768,0.9999749319986424,1.0000064111483802,0.0,454.6439560494281,302.1591942893441,302.1591942893425,533.9175383274044,898.7057093369658,584.673996595789,189.40580296663603,157.48480256309057,46.61055635737429,53.96394824912353,0.005358293299821,0.0091157184154297,True,,182.0,840.0,0,False,64.49061825146045,0.02
refine_higher_0.02_R1.940_C0.560,modifier,higher,1.94,0.56,150.0,90.0,148.60512489521057,90.7067870743288,ok,210.05591500701848,143.76953585155252,94.21385558208624,120.03360484934296,72.01388848859547,3.8870458515861306,1.802831538980891,0.9999414342628647,0.999997042134487,0.999975860664881,1.0000061640615838,0.0,457.4660510765882,296.2545989555253,296.2545989555249,537.8275311861389,900.7448407333562,589.3681126413571,190.58184386324007,158.80209436287436,49.55568026946629,53.9763361369065,0.0060375248808384,0.0092930699275939,True,,207.0,844.0,0,False,35.682450917249625,0.02
refine_higher_0.02_R1.960_C0.400,modifier,higher,1.96,0.4,150.0,90.0,148.60512489521057,90.7067870743288,ok,221.3308126119955,151.868220687719,87.39198506350178,120.44022445350178,72.01528647244245,3.857721366876619,1.823106549890992,1.000003061068342,1.0000001545994113,1.000002987313483,0.9999987226860598,0.0,449.8493559308898,257.3890711256409,257.3890711256382,528.1190659543454,894.7250509635002,577.906353641173,187.48514033281725,155.40513639799752,64.47623562421722,53.568090274178445,0.0140592128956313,0.0116465577177535,True,,218.0,878.0,0,False,21.635706522069142,0.02
refine_higher_0.02_R1.960_C0.420,modifier,higher,1.96,0.42,150.0,90.0,148.60512489521057,90.7067870743288,ok,172.08554132000427,150.64680538992695,88.28129016061608,120.45489886001356,72.01538340505694,3.857544913362624,1.8234362315193908,1.000013958126044,1.0000007049558604,1.0000076892631315,0.9999974840047188,0.0,450.9274691973965,258.45653437219806,258.4565343721977,529.6137352193825,895.4706147855585,579.7050664014414,187.934271771306,155.92039190068635,62.36551522931087,53.56556795185716,0.0126727463952533,0.0129159000241259,True,,170.0,883.0,0,False,10.051494520935288,0.02
refine_higher_0.02_R1.960_C0.480,modifier,higher,1.96,0.48,150.0,90.0,148.60512489521057,90.7067870743288,ok,164.13099769200198,147.432554934656,91.10856798723164,120.45271268285582,72.01397105122996,3.857441204911058,1.8234820918002683,0.999946334048824,0.9999972895984242,0.9999780006074952,1.0000055864388542,0.0,453.27593613195256,277.6534724052839,277.6534724052831,532.8840984984546,896.9815373665838,583.6503068077742,188.91275274604604,157.05486893674504,56.323986947424345,53.56517837583093,0.0075370953111075,0.0098042044202628,True,,162.0,884.0,0,False,1.5363482143679903,0.02
refine_higher_0.02_R1.980_C0.400,modifier,higher,1.98,0.4,150.0,90.0,148.60512489521057,90.7067870743288,ok,115.12509250600124,151.98519320739413,87.451968341167,120.53282575681747,72.01567719210409,3.862025201936024,1.8224523589266783,0.9999687873573406,0.999998423603906,0.9999877218388123,1.000002957319315,0.0,436.4708913158212,269.7688881542813,269.7688881542818,510.01407740181867,879.4000243253059,556.7807221567107,181.8039768233924,149.71982707302513,64.53322486622713,53.62756211587026,0.0117211468685241,0.0092608035911609,True,,113.0,600.0,0,False,22.018706780768444,0.02
refine_higher_0.02_R1.960_C0.440,modifier,higher,1.96,0.44,150.0,90.0,148.60512489521057,90.7067870743288,ok,193.7033941450063,149.5132977463618,89.13966148206116,120.47017698807468,72.01411437370317,3.856099518912781,1.824371908330968,0.9999501587486956,0.9999974827650862,0.9999798114543834,1.0000050629689254,0.0,451.9558143158793,263.051157877798,263.0511578777969,531.0329391660409,896.2275517597716,581.4087191992323,188.3624942366192,156.4084402453724,60.37363626430063,53.54644089493772,0.0093853134669075,0.0081301749562783,True,,191.0,898.0,0,False,3.280660549508351,0.02
refine_higher_0.02_R1.960_C0.500,modifier,higher,1.96,0.5,150.0,90.0,148.60512489521057,90.7067870743288,ok,170.75579341000412,146.48445356804967,92.0994361113682,120.43240606213828,72.01452816436844,3.858862730208953,1.822516899311698,0.9999583069348608,0.9999978942896394,0.9999826711812598,1.0000044335045168,0.0,453.6759289476848,278.5914175595778,278.59141755957654,533.4651611270775,897.0905110823721,584.3642254994459,189.07974877882572,157.26359944531129,54.38501745668148,53.58450341299677,0.0112239991162823,0.0119966190628701,True,,168.0,868.0,0,False,6.436718218209081,0.02
refine_higher_0.02_R1.980_C0.420,modifier,higher,1.98,0.42,150.0,90.0,148.60512489521057,90.7067870743288,ok,121.91118122299667,150.75509026585684,88.33301701753608,120.53907573701042,72.01398906550739,3.862232881247495,1.8224482107165607,0.9998954767228694,0.9999947210466098,0.9999556746030476,1.0000116474017842,0.0,437.1782185195067,275.81757890759644,275.81757890759525,511.29604848595,880.4512223813052,558.1567953652504,182.1955141627224,149.87228792923509,62.42207324832076,53.631703108881005,0.0044985220889657,0.0060048830075913,True,,119.0,600.0,0,False,10.25713537750388,0.02
refine_higher_0.02_R1.960_C0.460,modifier,higher,1.96,0.46,150.0,90.0,148.60512489521057,90.7067870743288,ok,191.7943171809893,148.4477962529918,90.01436461731589,120.45505063815196,72.01610941201614,3.85816993744761,1.823170584881187,1.0000571807253569,1.0000028879154232,1.000026762003598,0.9999923188249632,0.0,452.6492069128656,273.7561134924406,273.75611349244264,532.0200730504405,896.5705952312821,582.6087684993784,188.651813932587,156.75504686240316,58.4334316356759,53.57370689624981,0.0159502292718798,0.0172308500635125,True,,189.0,878.0,0,False,0.5042011606381974,0.02
refine_higher_0.02_R1.980_C0.440,modifier,higher,1.98,0.44,150.0,90.0,148.60512489521057,90.7067870743288,ok,125.0137999500148,149.62035368584287,89.17798256819961,120.54354798123384,72.01335924197316,3.862408307131064,1.8224118278148864,0.9998286068171428,0.9999913437786436,0.9999285909006675,1.0000184007113506,0.0,438.4777626082412,281.31014276191627,281.310142761919,513.1080623917562,881.3217093029185,560.3412614735848,182.7376845906313,150.49805222535315,60.44237111764326,53.63460818641897,0.0111463386903096,0.008027759469698,True,,122.0,600.0,0,False,3.367932715289656,0.02
refine_higher_0.02_R1.960_C0.600,modifier,higher,1.96,0.6,150.0,90.0,148.60512489521057,90.7067870743288,ok,159.65661935898245,142.55180297916527,96.21445555701084,120.305561971066,72.01338156624425,3.8600670362672314,1.8200277559427216,0.9999098118797776,0.9999954450444332,0.9999619008804776,1.000009972002307,0.0,447.9370574433939,297.1285959190649,297.1285959190629,525.4894298965517,891.9531648584547,574.8113175747098,186.6791180767772,154.56443021612728,46.33734742215444,53.6020799511602,0.0064602609944017,0.008822043194371,True,,157.0,830.0,0,False,66.97711833440327,0.02
refine_higher_0.02_R1.960_C0.560,modifier,higher,1.96,0.56,150.0,90.0,148.60512489521057,90.7067870743288,ok,188.86753809297807,143.99191327671352,94.75009385512702,120.37606072231338,72.0132531072168,3.858344570596889,1.8219064813634387,0.999909560569316,0.9999954323519856,0.999961585579151,1.000010106871256,0.0,453.3553098223671,293.5208184302933,293.52081843029174,532.8102748527281,893.7940491296932,583.7324955560737,188.86913817851357,157.28197469351528,49.2418194215865,53.578256836313166,0.0065971145916421,0.0080787576657002,True,,186.0,859.0,0,False,37.630051160685,0.02
refine_higher_0.02_R1.980_C0.460,modifier,higher,1.98,0.46,150.0,90.0,148.60512489521057,90.7067870743288,ok,131.16620167699875,148.55131511221185,90.06047346487905,120.5394979621542,72.01269250120625,3.862201818353632,1.8224257598234777,0.9998099406069494,0.9999904010407544,0.9999183680639192,1.000021710634032,0.0,439.59884762376487,286.2959674606048,286.29596746060474,514.6731673216302,882.0733893156382,562.2277819755079,183.2056253245551,151.03772685098397,58.4908416473328,53.6322373766116,0.0113442984620348,0.0070604817897219,True,,128.0,600.0,0,False,0.4206167745063306,0.02
refine_higher_0.02_R1.960_C0.520,modifier,higher,1.96,0.52,150.0,90.0,148.60512489521057,90.7067870743288,ok,215.2675074019935,145.59246705774797,93.04225862496791,120.4155962711846,72.01392701470232,3.8588419535557055,1.822259556077617,0.9999406198058902,0.9999970010002982,0.9999755976632168,1.000006211827893,0.0,454.0814155771762,282.6522584526214,282.65225845261875,534.0465851949541,896.110343963642,585.0754883640151,189.24890953226716,157.4703451929422,52.55020843278005,53.58466221079552,0.0063072792717662,0.0107969112735446,True,,212.0,864.0,0,False,14.53053460946948,0.02
refine_higher_0.02_R1.960_C0.540,modifier,higher,1.96,0.54,150.0,90.0,148.60512489521057,90.7067870743288,ok,213.8996936919866,144.77136254598656,93.92019951503856,120.39659164692434,72.01440254743575,3.859017287430417,1.8219134829725423,0.9999548294687284,0.9999977186600364,0.9999815777849306,1.0000046110867813,0.0,454.4057863173131,290.5327011935357,290.53270119353374,534.5134335595712,894.8894327817011,585.6480132833625,189.3841107240736,157.63752009380983,50.851163030948015,53.58674308085094,0.0099638972633044,0.0119166559860133,True,,211.0,859.0,0,False,25.02375326443571,0.02
refine_higher_0.02_R1.960_C0.580,modifier,higher,1.96,0.58,150.0,90.0,148.60512489521057,90.7067870743288,ok,211.68846022698563,143.2577213937197,95.51421615377704,120.34812426843308,72.01401842999881,3.858777125842065,1.8213029944461172,0.9999452018814914,0.9999972324182576,0.9999775615531828,1.000005685359873,0.0,451.9086121046729,296.96089524350054,296.9608952435005,530.8019211983426,892.6706180712819,581.319785127861,188.26628654882404,156.59329626294553,47.74350523994266,53.58369398026285,0.0097824405688982,0.0113604654336114,True,,209.0,850.0,0,False,51.70609856168127,0.02
refine_higher_0.02_R1.980_C0.480,modifier,higher,1.98,0.48,150.0,90.0,148.60512489521057,90.7067870743288,ok,188.24151029300992,147.61855820187768,91.6352767553129,120.78017975787095,72.01409669800967,3.8306195469323367,1.841725045965243,0.9999533279171748,0.9999976428241004,0.9999810820925512,1.0000047468487836,0.0,450.282919608063,276.1429794184537,276.14297941845666,529.4288515642975,890.7270816827745,579.89655352417,187.66565700502707,156.05290549239825,55.98328144656477,53.19263481143141,0.0063151629023252,0.0102903313857893,True,,185.0,884.0,0,False,1.835406928087748,0.02
refine_higher_0.02_R2.000_C0.440,modifier,higher,2.0,0.44,150.0,90.0,148.60512489521057,90.7067870743288,ok,116.98527490798732,149.80681949691612,89.52170920989889,120.86616728475816,72.01233253432173,3.836262265374695,1.840223200013912,0.9997745261013282,0.9999886124293612,0.9999058953244686,1.0000247563062428,0.0,435.7783237532987,279.9858591464499,279.98585914644946,510.0436276661754,875.3784529423456,557.0505047307834,181.6132030397589,149.6265285481889,60.28511028701723,53.2722955966785,0.0124161674830531,0.005133597058105,True,,115.0,600.0,0,False,2.848479460530037,0.02
refine_higher_0.02_R1.980_C0.520,modifier,higher,1.98,0.52,150.0,90.0,148.60512489521057,90.7067870743288,ok,172.75225562497508,145.80497628133566,93.5821687703261,120.7541200785964,72.01372001206167,3.830572249271084,1.841376839215118,0.9999350872920496,0.9999967215804072,0.9999728193396118,1.00000705474074,0.0,451.10185988053206,280.0823138689348,280.0823138689336,530.596866281582,889.2053123945286,581.32270443436,188.00710164839325,156.46756827345246,52.22280751100955,53.19225626213306,0.0077578822694022,0.0108210190328605,True,,171.0,879.0,0,False,16.10865215746192,0.02
refine_higher_0.02_R1.980_C0.500,modifier,higher,1.98,0.5,150.0,90.0,148.60512489521057,90.7067870743288,ok,182.4336501689977,146.67760992775766,92.63801979155896,120.767627101109,72.01426254616227,3.830963920103733,1.841375513124276,0.9999590633313048,0.9999979324914804,0.9999833501290272,1.0000042026028908,0.0,450.6963402829166,276.2470268180799,276.24702681808026,530.0224118627584,890.4554663818673,580.6232372593308,187.8380893846566,156.26462308648502,54.0395901361987,53.19729432274649,0.0112845050900887,0.0137515983765723,True,,179.0,879.0,0,False,7.444973757855168,0.02
refine_higher_0.02_R2.000_C0.460,modifier,higher,2.0,0.46,150.0,90.0,148.60512489521057,90.7067870743288,ok,118.88654386400594,148.73766002454477,90.58337973431608,120.86639877964488,72.01234059366668,3.836391513716548,1.8401653457257277,0.999761946795026,0.9999879771108602,0.9998965366462614,1.000026972601894,0.0,436.8285250543338,284.91044012928,284.9104401292773,511.5163691266646,876.0403261225663,558.8265285362031,182.051432334728,150.13604178519645,58.15428029022869,53.27408444288159,0.0167602728097904,0.0102819242754179,True,,117.0,600.0,0,False,0.0327949320766481,0.02
refine_higher_0.02_R2.000_C0.480,modifier,higher,2.0,0.48,150.0,90.0,148.60512489521057,90.7067870743288,ok,112.59783432501716,147.72661232865198,91.67250176897412,120.86062918104489,72.01330137490797,3.836151293463871,1.840241361018116,0.9998160185141264,0.9999907080057648,0.9999234481498988,1.000019819361842,0.0,437.7093443271344,289.3931273584132,289.39312735841247,512.7464143840964,876.5989775113499,560.3115131873757,182.41887737667815,150.56167617002157,56.054110559677866,53.270037898866896,0.0104732464138237,0.0080211720570986,True,,110.0,600.0,0,False,1.704389201055242,0.02
refine_higher_0.02_R2.000_C0.420,modifier,higher,2.0,0.42,150.0,90.0,148.60512489521057,90.7067870743288,ok,140.3648116600234,150.94350700722907,88.67460063891389,120.86712114520556,72.01327052397059,3.836175965570761,1.8402281226574624,0.999836682998934,0.9999917516666128,0.9999319577497988,1.0000175690651438,0.0,434.5175514365512,274.543973955743,274.54397395573955,508.284972452405,874.5213681079673,554.9292269773629,181.087204510449,149.01891195535285,62.26890636831519,53.27040332509045,0.0115476130718832,0.0068446077922033,True,,137.0,600.0,0,False,9.597812610092513,0.02
refine_higher_0.02_R1.980_C0.600,modifier,higher,1.98,0.6,150.0,90.0,148.60512489521057,90.7067870743288,ok,158.4822317279759,142.77318059631358,96.7064057835128,120.6284322677782,72.01404397076945,3.833884884119129,1.837822779911532,0.9999485843310512,0.9999974032490428,0.9999789547876016,1.0000053350332143,0.0,445.7594221991829,295.80306141620474,295.8030614162043,523.0825738783608,885.963369564095,572.3863978318461,185.73886532115057,154.02687041461178,46.06677481280077,53.2380168189875,0.0092602120936646,0.0120988030926127,True,,156.0,826.0,0,False,70.0069989610278,0.02
refine_higher_0.02_R1.980_C0.560,modifier,higher,1.98,0.56,150.0,90.0,148.60512489521057,90.7067870743288,ok,171.25917841499904,144.20767021339412,95.25879815466476,120.7031505698457,72.01389505264382,3.831586086167365,1.840105714767395,0.9999480035562502,0.9999973739169832,0.9999785152203025,1.000005531947885,0.0,449.2981263093667,291.7324041413655,291.7324041413643,527.8606606849595,886.8504931894148,578.1718668029057,187.17903124585652,155.76006519165284,48.94887205872938,53.20620532143676,0.0079423688532926,0.0093769880855205,True,,168.0,860.0,0,False,40.05841255413056,0.02
refine_higher_0.02_R1.980_C0.540,modifier,higher,1.98,0.54,150.0,90.0,148.60512489521057,90.7067870743288,ok,208.451387750014,144.98400023445467,94.45408263339355,120.73300084769296,72.0131481954429,3.8306291157035743,1.840999098882888,0.999893293420917,0.9999946107788344,0.999955641439379,1.000011413685312,0.0,443.85169346863626,283.7015104644755,283.7015104644736,520.4210662718872,885.9524165568048,569.0619434103808,184.9745755010113,152.9791201269619,50.52991760106112,53.19346829980671,0.0114677982089403,0.0096238797970897,True,,205.0,874.0,0,False,27.154767815720923,0.02
refine_higher_0.02_R2.000_C0.520,modifier,higher,2.0,0.52,150.0,90.0,148.60512489521057,90.7067870743288,ok,173.94780291398638,146.01723839596494,94.1018234303118,121.08361413934108,72.01510423048504,3.803779013576606,1.8598832228595368,0.9999985367871398,0.99999992610036,0.9999998485520852,0.9999999999927148,0.0,444.2607406303224,278.0602099799728,278.06020997997234,521.7229566052006,880.9667706842265,571.0286130217135,185.1505472369081,153.60127900281637,51.91541496565313,52.8191836174058,0.0131375863713572,0.0161749400717496,True,,172.0,885.0,0,False,18.22342839142418,0.02
refine_higher_0.02_R1.980_C0.580,modifier,higher,1.98,0.58,150.0,90.0,148.60512489521057,90.7067870743288,ok,214.25618458900132,143.46997911337354,96.0083147181282,120.66723653097904,72.01312080764204,3.8325006613716415,1.839088374685788,0.9998957227470204,0.9999947334720708,0.9999567222803352,1.0000111264371785,0.0,447.8946241150667,291.9795615893878,291.97956158938695,525.9242221829411,886.017956166871,575.850860931299,186.59457219059416,155.0985060690051,47.461664395245336,53.21947748395508,0.0107911027072873,0.0093531950904264,True,,211.0,845.0,0,False,54.47591755868784,0.02
refine_higher_0.02_R2.000_C0.560,modifier,higher,2.0,0.56,150.0,90.0,148.60512489521057,90.7067870743288,ok,168.10608131298795,144.4213440084989,95.75481072512902,121.02313425280244,72.01501349579472,3.805820758863869,1.8579308117500453,0.9999945772282032,0.9999997261226355,0.9999984472069732,1.0000002223061402,0.0,445.2599499043487,286.5876790597976,286.58767905979454,522.9467183275463,879.9663804960776,572.6567409540304,185.4972346359957,154.25143904817207,48.66653328336987,52.84760182800087,0.0131647294935248,0.0160970986394062,True,,165.0,856.0,0,False,42.98656528705228,0.02
refine_higher_0.02_R2.000_C0.580,modifier,higher,2.0,0.58,150.0,90.0,148.60512489521057,90.7067870743288,ok,176.59925690302043,143.6839510767559,96.50618078489268,120.98869866276006,72.0131148992734,3.8060495570532655,1.857257781025622,0.9998975375904072,0.9999948251308292,0.9999573959493278,1.0000109638300474,0.0,443.9596616239164,293.87158501528006,293.8715850152804,521.1507342584766,879.8909073325517,570.5031630265241,184.9555639850151,153.63758871871931,47.177770291863226,52.85217230745935,0.0107854108641731,0.0093652635838452,True,,173.0,846.0,0,False,57.85091916157148,0.02
refine_higher_0.02_R2.000_C0.540,modifier,higher,2.0,0.54,150.0,90.0,148.60512489521057,90.7067870743288,ok,204.32436285199947,145.19643993402744,94.97156785594436,121.0617806910745,72.01414429137625,3.80359039173953,1.8596219436186767,0.999963445538198,0.9999981538150604,0.9999850609213008,1.0000037788194664,0.0,446.81459156165954,285.95749557511755,285.9574955751157,525.0822355539683,881.2155335713269,575.2126502368328,186.14447223422897,154.97983674893675,50.22487207808308,52.817268457010776,0.0089577544210612,0.0101793162165648,True,,201.0,881.0,0,False,29.80748827983341,0.02
refine_intermediate_0.02_R1.600_C0.560,modifier,intermediate,1.6,0.56,140.0,90.0,139.95366838673382,89.7625889323308,ok,168.67786526700365,139.6162701200127,85.75212293791965,113.62158784120189,72.01171202547775,4.413770153328532,1.4949611990027156,0.999725638049983,0.9999861433358576,0.9998847656517982,1.000029806350316,0.0,510.7419998277254,323.0015408094041,323.0015408093984,597.5628395843233,1021.0275922732594,653.2304367827335,212.72409538557923,175.7868898366749,53.86414718209305,61.292392989725606,0.0132171390296775,0.0064794726016401,True,,166.0,874.0,0,False,16.19767508271462,0.02
refine_intermediate_0.02_R1.600_C0.580,modifier,intermediate,1.6,0.58,140.0,90.0,139.95366838673382,89.7625889323308,ok,173.52591681000197,138.86072552034707,86.64955829011494,113.64918713280451,72.01122172458314,4.4100876067191495,1.4966439403180714,0.9996864227374952,0.9999841627645198,0.9998676762264632,1.0000344241994967,0.0,517.6962023421363,322.2507486039436,322.2507486039424,607.7151975070393,1028.805069392536,665.2489960064909,215.7626991828208,178.89864562111794,52.211167230232135,61.24167179923899,0.0150406209859283,0.0065510193344948,True,,171.0,915.0,0,False,10.88548388856058,0.02
refine_intermediate_0.02_R1.620_C0.500,modifier,intermediate,1.62,0.5,140.0,90.0,139.95366838673382,89.7625889323308,ok,161.0320393370057,142.52637848581526,83.54620150817863,114.06027739673227,72.01216692837227,4.380587465065693,1.5125872640175917,0.9997639902652804,0.9999880803164284,0.9999016464946398,1.000025507285873,0.0,510.4875719947111,313.5486927247949,313.54869272479334,598.6154404120184,1014.0242186645912,654.8213130695078,212.75985014557983,176.002749435861,58.98017697763663,60.83121300075436,0.0119921194937546,0.0065885586156042,True,,159.0,859.0,0,False,45.2623098610729,0.02
refine_intermediate_0.02_R1.600_C0.520,modifier,intermediate,1.6,0.52,140.0,90.0,139.95366838673382,89.7625889323308,ok,242.14265824999893,141.4226071410013,84.11930073122213,113.77686850580056,72.01129154203217,4.404373071962365,1.5003451237819327,0.9996991068140514,0.9999848033744472,0.9998726617482414,1.0000331989138411,0.0,516.0638202633369,317.52716902440534,317.5271690244056,605.2847475686452,1028.7000689509402,662.2301349633874,215.0846483163424,178.01221322988098,57.30330640977914,61.16225633019764,0.0148910107714357,0.006443202457774,True,,,,0,False,34.00448278456116,0.02
refine_intermediate_0.02_R1.600_C0.620,modifier,intermediate,1.6,0.62,140.0,90.0,139.95366838673382,89.7625889323308,ok,185.16334207600448,137.41799177386466,87.8965720011928,113.6256605682782,72.01255562010316,4.407949814588139,1.4970852147273728,0.999828151180878,0.9999913207667106,0.999928428109976,1.0000187652098007,0.0,518.8312163685218,328.076619351892,328.0766193518913,609.30949015338,1029.39473648207,667.1844960390019,216.2342935578633,179.4586770357269,49.52141977267186,61.21085103328297,0.0103004821708907,0.0053859281061221,True,,183.0,926.0,0,False,9.911675072345355,0.02
refine_intermediate_0.02_R1.600_C0.540,modifier,intermediate,1.6,0.54,140.0,90.0,139.95366838673382,89.7625889323308,ok,206.2981522489863,140.43327609484186,84.83169673561358,113.6130753294062,72.01224281513679,4.415745248056099,1.4941179014155843,0.9997694188184364,0.9999883544857786,0.9999035816308144,1.0000250265053636,0.0,512.5475673308713,324.26971393977675,324.26971393977647,600.1052850770689,1020.4424750426716,656.3067569469288,213.47698717343008,176.66988191843797,55.60157935922828,61.319368421725095,0.0113778027792932,0.0068279970614639,True,,203.0,854.0,0,False,24.543721409323453,0.02
refine_intermediate_0.02_R1.600_C0.660,modifier,intermediate,1.6,0.66,140.0,90.0,139.95366838673382,89.7625889323308,ok,187.59348693597715,136.15237501330327,88.9736426223145,113.63691049760048,72.01211462933972,4.4025300332505815,1.4991487490105646,0.9997566040175864,0.9999877072736147,0.9998979974742428,1.0000265247261877,0.0,519.8983373107867,330.69031419766804,330.69031419766736,610.7897160545133,1030.1100608546008,668.9650171120234,216.677829653851,179.97082643852826,47.17873239098877,61.13596380152499,0.0110941991087543,0.0053315689811768,True,,185.0,976.0,0,False,15.072267590975372,0.02
refine_intermediate_0.02_R1.600_C0.680,modifier,intermediate,1.6,0.68,140.0,90.0,139.95366838673382,89.7625889323308,ok,205.41237749400895,135.55193113192,89.46742261555045,113.6248953521824,72.01091879319434,4.400349966804345,1.49971147050693,0.9996575073416194,0.9999827023909904,0.9998550000005422,1.0000379255269105,0.0,511.73294950527566,332.1784326795222,332.1784326795214,599.3050375534095,1024.4432580440912,655.1192606339279,213.261467840596,176.03108508332917,46.08450851636954,61.10670493514404,0.0171459511284695,0.0077261606198248,True,,202.0,991.0,0,False,19.462414014977742,0.02
refine_intermediate_0.02_R1.600_C0.640,modifier,intermediate,1.6,0.64,140.0,90.0,139.95366838673382,89.7625889323308,ok,210.59794103098105,136.77151161674286,88.44654112579697,113.63402911755432,72.01238280853559,4.405259410637496,1.498135873990526,0.999778758976176,0.9999888262109172,0.9999072159025656,1.0000241036824986,0.0,510.3335948118296,329.3074190587316,329.3074190587316,597.3523023754123,1023.5489032851148,652.7622612594233,212.6786805075692,175.35367906318697,48.32497049094589,61.17363762771286,0.0102167857374695,0.0052791783697898,True,,208.0,951.0,0,False,11.858103537881858,0.02
refine_intermediate_0.02_R1.620_C0.540,modifier,intermediate,1.62,0.54,140.0,90.0,139.95366838673382,89.7625889323308,ok,180.39001772500345,140.75595896601843,85.57898793813169,114.10104607452206,72.01086725806262,4.37561817403876,1.514964686965482,0.9996588871499232,0.9999827720782792,0.999855725759113,1.0000376774427795,0.0,507.1535096587822,318.62007812673573,318.62007812673414,593.459819420355,1012.7775824152392,648.7979236727704,211.22962246779383,174.60530072822058,55.17697102788674,60.763303382502286,0.0134799837162802,0.0057608450819515,True,,178.0,915.0,0,False,18.14618745227261,0.02
refine_intermediate_0.02_R1.620_C0.520,modifier,intermediate,1.62,0.52,140.0,90.0,139.95366838673382,89.7625889323308,ok,219.6904443770181,141.60786458567378,84.58188323516445,114.07382128924166,72.01132288029949,4.378775545499666,1.5134528626422374,0.9996976492465228,0.9999847297599256,0.9998724020298566,1.0000332014976363,0.0,509.0587863939335,316.7494976372303,316.74949763723146,596.1610015623919,1012.755958013974,652.0756678164962,212.02425868993788,175.54748724347593,57.025981350509326,60.806764413677925,0.0150672874581516,0.0063273376929373,True,,217.0,879.0,0,False,29.57607658523923,0.02
refine_intermediate_0.02_R1.620_C0.580,modifier,intermediate,1.62,0.58,140.0,90.0,139.95366838673382,89.7625889323308,ok,187.37287978400127,139.17355271562187,87.27185357745502,114.1137481504308,72.01194229236494,4.371930675803662,1.5164794042595104,0.9997807181241394,0.9999889251577856,0.9999079179112332,1.0000239546871252,0.0,514.0983638276671,323.3522405635461,323.35224056354684,603.6013661883296,1021.0327943562072,660.8100676707461,214.2622687037516,177.72103837051844,51.90169913816685,60.711189514286936,0.015301814585257,0.0068757417376161,True,,185.0,951.0,0,False,6.812343068342644,0.02
refine_intermediate_0.02_R1.620_C0.560,modifier,intermediate,1.62,0.56,140.0,90.0,139.95366838673382,89.7625889323308,ok,205.6254661550047,139.86972166858075,86.3360065362708,114.0040163926027,72.00934646838252,4.381566185673919,1.511458935452087,0.9995444979238776,0.9999769948446398,0.9998067033013612,1.000050959715062,0.0,505.1859982756093,321.1348322686643,321.13483226866424,590.8189128190302,1012.5199404025408,645.6704139690129,210.40931242371087,173.71922378478018,53.53371513230995,60.84718721336756,0.0142261484868981,0.007716712128726,True,,203.0,835.0,0,False,11.748513968476953,0.02
refine_intermediate_0.02_R1.620_C0.600,modifier,intermediate,1.62,0.6,140.0,90.0,139.95366838673382,89.7625889323308,ok,220.94789860901076,138.45711362613343,87.86835606394422,114.1259858240967,72.01251824899079,4.3691869722789765,1.517579988293582,0.9998032807878504,0.9999900646862554,0.999917701950336,1.0000213814668577,0.0,514.7423738852033,319.9633847031762,319.9633847031744,604.4965631273653,1021.45218665087,661.8903834102318,214.53016314521244,178.0311798271719,50.588757562189215,60.67260357667339,0.0091366132168104,0.0048437290955689,True,,219.0,976.0,0,False,5.827794311151743,0.02
refine_intermediate_0.02_R1.620_C0.680,modifier,intermediate,1.62,0.68,140.0,90.0,139.95366838673382,89.7625889323308,ok,141.66017131801345,135.65840965853926,89.63899887861088,113.78138656493358,72.01594332541319,4.386563173676352,1.5068119647204192,1.0000535923642486,1.0000027066850627,1.0000249735463085,0.9999927993748036,0.0,514.7152348668316,347.89906484394464,347.89906484394294,604.832156528117,1019.1170642909362,662.5102848405227,214.5171816577113,178.2555028879649,46.01941077992838,60.91100069126512,0.0197131681899236,0.0163644380555183,True,,139.0,731.0,0,False,18.46452204351011,0.02
refine_intermediate_0.02_R1.620_C0.640,modifier,intermediate,1.62,0.64,140.0,90.0,139.95366838673382,89.7625889323308,ok,198.0985309690004,137.11377134137112,88.97607515875559,114.1231764924785,72.01115172337484,4.364807666239454,1.5192032494285663,0.9996684606737763,0.999983255589584,0.999860270242062,1.0000362849919666,0.0,515.8179612984892,323.549116185048,323.5491161850484,605.9901988911859,1022.136854488195,663.6922227709777,214.97712886468685,178.5507521161193,48.13769618261553,60.61294065961503,0.0176160463030896,0.0074838898999871,True,,,,0,False,8.683619144283334,0.02
refine_intermediate_0.02_R1.620_C0.620,modifier,intermediate,1.62,0.62,140.0,90.0,139.95366838673382,89.7625889323308,ok,247.204134745989,137.77298408738767,88.44067934495175,114.13238984551242,72.01234921777869,4.3666654844685135,1.518626359374628,0.9997773688027896,0.9999887560001413,0.9999066676567984,1.0000242457790671,0.0,510.7851056332846,321.5250357244314,321.52503572443175,598.9126116127768,1018.7529150882216,655.1510063534805,212.87349535681196,176.11406621685995,49.33230474243592,60.63773133220398,0.0104865195519039,0.0052287514777873,True,,,,0,False,6.502828970619488,0.02
refine_intermediate_0.02_R1.620_C0.700,modifier,intermediate,1.62,0.7,140.0,90.0,139.95366838673382,89.7625889323308,ok,178.2745209610148,135.0731227041876,90.093330630653,113.75016238455171,72.01464391578759,4.385718021457422,1.506634335140391,0.999937312158365,0.9999968339473904,0.9999754255529238,1.0000059276849802,0.0,514.97751742823,352.93512936001434,352.9351293600126,605.2251068188266,1019.1127363452784,662.999421622497,214.6270396325305,178.3988469123745,44.97979207353458,60.90036391190087,0.0120183486288567,0.009443511573707,True,,175.0,726.0,0,False,23.92911623042968,0.02
refine_intermediate_0.02_R1.640_C0.600,modifier,intermediate,1.64,0.6,140.0,90.0,139.95366838673382,89.7625889323308,ok,146.92534334299853,138.5768219277128,88.06462883830152,114.30746338957896,72.01472921340354,4.353728931786623,1.5256889976350358,0.9999502703650832,0.9999974884022768,0.9999807425175398,1.000004559995283,0.0,509.5691750051001,336.88929187860947,336.8892918786074,598.482623683316,1010.9207966337262,655.32411104199,212.3727925601084,176.2733008950487,50.51219308941127,60.456089738046224,0.0131817916687566,0.0094289931109301,True,,145.0,746.0,0,False,4.778774652634708,0.02
refine_intermediate_0.02_R1.640_C0.500,modifier,intermediate,1.64,0.5,140.0,90.0,139.95366838673382,89.7625889323308,ok,179.5977005629975,142.82613419296553,84.2766236286746,114.52961401295372,72.01044014282634,4.34165297781926,1.5330266146062563,0.9996308268837504,0.9999813548931196,0.9998434243087468,1.0000410124658552,0.0,505.7557676591947,308.5829267943516,308.58292679435,592.4615192979049,1005.2774789447496,648.1307776930489,210.64898528383924,174.50569666530822,58.54951056429093,60.29199334440916,0.0190371336048542,0.0069711404078844,True,,176.0,910.0,0,False,38.34687512089001,0.02
refine_intermediate_0.02_R1.640_C0.540,modifier,intermediate,1.64,0.54,140.0,90.0,139.95366838673382,89.7625889323308,ok,182.66100489799285,141.05631050495543,86.27318280305211,114.55768103573354,72.0123330912061,4.338350541382852,1.534664877233641,0.9997788648643742,0.9999888315588064,0.9999075773429054,1.0000239888883384,0.0,501.78868167541657,308.9853844059187,308.985384405918,586.8829827507186,1005.1624105069396,641.3848817018509,208.9944063091977,172.57018563956,54.783127701903325,60.2445491647685,0.0114413304700065,0.006939104076423,True,,180.0,946.0,0,False,13.39177477592394,0.02
refine_intermediate_0.02_R1.640_C0.560,modifier,intermediate,1.64,0.56,140.0,90.0,139.95366838673382,89.7625889323308,ok,186.78839871799573,140.2730174129785,87.18988885932178,114.6049408376746,72.01211294670796,4.333192522356533,1.5372415117037073,0.9997943891714278,0.999989615614718,0.9999137757096236,1.000022381030281,0.0,510.02856539742913,314.58348607877014,314.5834860787694,598.7892305721052,1013.2248524812268,655.5059896963544,212.56606301988492,176.28837337208498,53.08312855365672,60.17310623232622,0.0144443496546102,0.0060260324286929,True,,,,0,False,6.720769466224025,0.02
refine_intermediate_0.02_R1.640_C0.520,modifier,intermediate,1.64,0.52,140.0,90.0,139.95366838673382,89.7625889323308,ok,203.4570549140044,141.86130605851778,85.18948995948051,114.46810727082912,72.0108260216418,4.346099726683679,1.5306046606591182,0.9996482445663882,0.9999822345740602,0.9998512107458868,1.000038845566384,0.0,503.5405503474643,316.1830166283325,316.1830166283305,589.4280923063084,1003.5286274734634,644.5069492215029,209.72515325204935,173.47384109401054,56.67181609903727,60.35342137830112,0.0190354322267296,0.006562237391293,True,,200.0,855.0,0,False,24.552315702293694,0.02
refine_intermediate_0.02_R1.640_C0.620,modifier,intermediate,1.64,0.62,140.0,90.0,139.95366838673382,89.7625889323308,ok,150.5283894019958,137.87161917941552,88.60399207629247,114.28374892292749,72.01608964942835,4.353645892770591,1.5254140761421244,1.0000423892993948,1.0000021408737072,1.0000206922245718,0.9999938484667908,0.0,509.9726801938773,339.97788692499404,339.97788692499364,599.0722132038351,1010.9866413393536,656.0508109757184,212.5405701909005,176.4855049925945,49.26762710312305,60.45379461678601,0.017981721090706,0.0144789990496576,True,,148.0,741.0,0,False,5.6772755765166885,0.02
refine_intermediate_0.02_R1.640_C0.640,modifier,intermediate,1.64,0.64,140.0,90.0,139.95366838673382,89.7625889323308,ok,146.06677273398964,137.19843558316617,89.11813211049707,114.25399838050436,72.01514127439832,4.35319638185615,1.525181868481814,0.9999930752988432,0.9999996502676164,0.9999991807498032,0.9999998571557878,0.0,510.2835928487526,338.0967457322322,338.0967457322306,599.5323862194188,1010.9824663902232,656.6221362337637,212.6703084020077,176.6547082398817,48.0803034726691,60.44834884471343,0.0139146718503866,0.0101324252838992,True,,143.0,736.0,0,False,8.006632397063289,0.02
refine_intermediate_0.02_R1.620_C0.660,modifier,intermediate,1.62,0.66,140.0,90.0,139.95366838673382,89.7625889323308,ok,239.27132334798807,136.5297442819308,89.54256102704038,114.16397796232964,72.01486207017791,4.359842853733402,1.521522478536956,0.9999535420418268,0.9999976536384768,0.9999822611124248,1.0000041373101336,0.0,516.4717793134585,323.16857676493896,323.168576764937,606.8632704280265,1022.7741461197908,664.7252495544659,215.24914232861323,178.8442356454375,46.98718325489041,60.54087626363527,0.0134334450973199,0.0084005486139773,True,,,,0,False,11.771668554557756,0.02
refine_intermediate_0.02_R1.640_C0.660,modifier,intermediate,1.64,0.66,140.0,90.0,139.95366838673382,89.7625889323308,ok,144.8434781889955,136.56260549835005,89.613844701005,114.2267307937452,72.0146838634427,4.352672152689499,1.5249848741795051,0.9999432098492488,0.9999971318105688,0.999977688277256,1.000005375838934,0.0,510.613674974374,345.9575946995842,345.95759469958506,600.0190501915603,1011.0489779277272,657.2255164441724,212.80823658572896,176.8318383332153,46.94876079734506,60.44145331448265,0.0125435526319677,0.0095113729856564,True,,143.0,731.0,0,False,11.521432359326392,0.02
refine_intermediate_0.02_R1.640_C0.700,modifier,intermediate,1.64,0.7,140.0,90.0,139.95366838673382,89.7625889323308,ok,138.55893678299617,135.3767276876331,90.5529040206499,114.17148642230748,72.01433857328148,4.350754678164966,1.52490418898219,0.9999153743553186,0.9999957259775404,0.9999661789830012,1.0000083419431975,0.0,503.0027922220676,345.5324289378631,345.5324289378626,589.3697424673298,1005.404778355522,644.4181285379407,209.62458897261052,173.1944327013259,44.82382366698319,60.41511682756979,0.011935760862201,0.0084905976822398,True,,136.0,731.0,0,False,21.57298410190953,0.02
refine_intermediate_0.02_R1.640_C0.680,modifier,intermediate,1.64,0.68,140.0,90.0,139.95366838673382,89.7625889323308,ok,185.39729853600147,135.9597796993513,90.09540651429472,114.2029641140624,72.0158910882529,4.351992186630654,1.524907714399536,1.0000187940382883,1.0000009491938526,1.000010603296626,0.9999964818941764,0.0,510.8311579440784,343.4802187219192,343.480218721916,600.3514168594822,1010.9667954146772,657.6437661582046,212.89898743674928,176.95687855830812,45.86437318505658,60.43099822645315,0.0179358308683106,0.0143558794425757,True,,182.0,731.0,0,False,16.061914390066505,0.02
refine_intermediate_0.02_R1.640_C0.580,modifier,intermediate,1.64,0.58,140.0,90.0,139.95366838673382,89.7625889323308,ok,261.67831546100206,139.6461828486602,87.99343146777285,114.7899552926994,72.01577953616663,4.318511337415297,1.5452184603670074,1.0000115220507872,1.0000005819217552,1.0000076567102898,0.9999972554491964,0.0,511.6989866851277,307.3076944304976,307.3076944304968,600.9304295991303,1015.4243928957494,657.9847625636653,213.2623011157785,176.98034520311114,51.65275138088735,59.96618192887188,0.0171923630398964,0.0123759701235712,True,,,,0,False,3.224465490525536,0.02
refine_intermediate_0.02_R1.660_C0.500,modifier,intermediate,1.66,0.5,140.0,90.0,139.95366838673382,89.7625889323308,ok,174.6736765950045,143.10161108453917,84.94698007255128,114.9624768373162,72.01094836034709,4.306299103627482,1.5520509509075096,0.9996549749681682,0.9999825744933428,0.9998545474652396,1.0000378310311389,0.0,500.3632008386121,305.70434513219254,305.7043451321925,585.841121900205,996.3955258408446,640.6640470184717,208.40212288819052,172.4550451512671,58.15463101198789,59.800616457354565,0.0189902697329387,0.0063501618817554,True,,173.0,926.0,0,False,33.09963191905298,0.02
refine_intermediate_0.02_R1.660_C0.540,modifier,intermediate,1.66,0.54,140.0,90.0,139.95366838673382,89.7625889323308,ok,150.1755296990159,141.21007366881778,86.62888992853365,114.78987462388424,72.01675623718646,4.319962783822614,1.5447141460998284,1.0000695454473978,1.0000035123963338,1.000033085589004,0.9999903696739308,0.0,504.1520780080477,318.0714058535471,318.07140585354915,591.7906294197035,1002.2775804552144,647.7452869293932,210.1161205000127,174.18621308057365,54.58118374028413,59.98552294683838,0.0213008174654305,0.0172011172598587,True,,148.0,765.0,0,False,11.398623679247711,0.02
refine_intermediate_0.02_R1.660_C0.580,modifier,intermediate,1.66,0.58,140.0,90.0,139.95366838673382,89.7625889323308,ok,145.50664477501414,139.59958708689285,87.9482320300905,114.74620681129048,72.01610750049788,4.320140103012446,1.544012877662069,1.0000449843392865,1.0000022719363273,1.0000216947466818,0.9999935529842012,0.0,505.299412569872,326.1376718613653,326.1376718613658,593.4323134484908,1002.723256445894,649.7495875221309,210.5930134925173,174.76686894746553,51.65135505680236,59.98852552510672,0.0180620827287327,0.0121412465184107,True,,143.0,751.0,0,False,3.4172645356041094,0.02
refine_intermediate_0.02_R1.660_C0.640,modifier,intermediate,1.66,0.64,140.0,90.0,139.95366838673382,89.7625889323308,ok,140.7293001700018,137.49205309837876,89.56859621691511,114.67102943080567,72.01640691574862,4.319437969315919,1.543292071886026,1.0000602029470866,1.0000030405528817,1.0000287991047574,0.9999916524833103,0.0,506.4466068845487,335.9699449010327,335.9699449010319,595.1059519803684,1002.958345182456,651.8150768588512,211.07162916566196,175.3717097878486,47.92345688146365,59.97852648173898,0.01912780524043,0.0132574084638577,True,,139.0,737.0,0,False,6.097183001497731,0.02
refine_intermediate_0.02_R1.660_C0.680,modifier,intermediate,1.66,0.68,140.0,90.0,139.95366838673382,89.7625889323308,ok,143.82354006098467,136.25116856663152,90.5431818503064,114.61314792081753,72.01442202374456,4.3178823933028525,1.543043360393599,0.9999171005092302,0.9999958131570306,0.9999668803819176,1.0000081318819398,0.0,498.88671808927234,341.1510596626889,341.1510596626881,584.5243593257492,997.3993049516756,639.0884095965787,207.9093350821976,171.75716629574282,45.70798671632512,59.95857873967471,0.0119900669070318,0.0083311792999722,True,,142.0,732.0,0,False,14.31783022145125,0.02
refine_intermediate_0.02_R1.660_C0.620,modifier,intermediate,1.66,0.62,140.0,90.0,139.95366838673382,89.7625889323308,ok,171.33006664499408,138.15847667089696,89.04950321493823,114.69641067174597,72.0146555148004,4.319623191274666,1.5435291242990667,0.9999411035045218,0.9999970254295208,0.9999763200703546,1.0000058245970145,0.0,506.18900319868885,335.4490323227224,335.4490323227239,594.7138120612124,1002.9931339065132,651.3215647228294,210.9641639001822,175.22483315582716,49.10897345595873,59.98255716694917,0.0132583406586093,0.0093771436741576,True,,168.0,741.0,0,False,3.731204536958586,0.02
refine_intermediate_0.02_R1.660_C0.520,modifier,intermediate,1.66,0.52,140.0,90.0,139.95366838673382,89.7625889323308,ok,226.10448432300475,142.25712583971645,86.11549146419128,115.07068692704496,72.01081539729611,4.297354717562722,1.5569548364348318,0.999692973646217,0.9999844936184952,0.999870484045344,1.0000338412721543,0.0,505.0850194149505,303.2079921285879,303.2079921285883,592.7633350110559,1004.8333130619452,648.73731927431,210.50627726855063,174.43525031859582,56.14163437552517,59.6765179487758,0.0185742126422496,0.0072609900458076,True,,,,0,False,18.607236179810915,0.02
refine_intermediate_0.02_R1.660_C0.700,modifier,intermediate,1.66,0.7,140.0,90.0,139.95366838673382,89.7625889323308,ok,150.92734159799875,135.66996767782425,91.07334963363712,114.5836549943983,72.0169853899885,4.317595303558906,1.542797861499818,1.00008710721013,1.0000043993540464,1.000040251762,0.9999884159134362,0.0,507.0884790498968,343.816609769698,343.816609769696,596.0811792644809,1002.7877154492836,653.0437251121773,211.33967617471492,175.73819732543726,44.59661804418712,59.95245816217016,0.0224163846984595,0.0193743231108953,True,,148.0,727.0,0,False,20.06818537960146,0.02
refine_intermediate_0.02_R1.660_C0.600,modifier,intermediate,1.66,0.6,140.0,90.0,139.95366838673382,89.7625889323308,ok,189.6548746849876,138.85730108982006,88.50907661065841,114.72042981155016,72.01514236298581,4.3198387458272975,1.543774445762267,0.9999968500084798,0.9999998409095188,1.0000000000364833,0.9999995517790192,0.0,505.80349444488,334.8532157355578,334.85321573555746,594.1424798990261,1002.9345701366062,650.6191675202948,210.8029802133272,175.02048778039472,50.34822447916165,59.98514484708703,0.0149319255241948,0.0118790349087589,True,,187.0,746.0,0,False,2.773314390326507,0.02
refine_intermediate_0.02_R1.660_C0.560,modifier,intermediate,1.66,0.56,140.0,90.0,139.95366838673382,89.7625889323308,ok,192.03851713097535,140.38707073085118,87.37127674532013,114.7756981436384,72.01467668616526,4.319139554848112,1.5447646268399382,0.9999505060372328,0.9999975003049106,0.9999807869882684,1.000004569273053,0.0,504.87207379922177,327.26583884575035,327.26583884574666,592.796784734281,1002.716753485996,648.9636619932922,210.41570391891923,174.53650572892957,53.01579398553105,59.97582372924632,0.0131520227431281,0.0093256340284426,True,,189.0,766.0,0,False,5.906211567632167,0.02
refine_intermediate_0.02_R1.680_C0.520,modifier,intermediate,1.68,0.52,140.0,90.0,139.95366838673382,89.7625889323308,ok,154.02180298001622,142.3542199327263,86.3493491969278,115.22254618944744,72.01469108328158,4.285133572001041,1.563626479595613,0.999947307895246,0.9999973387825868,0.9999793785003112,1.000004945678208,0.0,499.9208381298347,311.2712499982931,311.27124999829266,586.759518697912,994.2997797619224,642.17835200988,208.3525579356892,172.67795113611822,56.00487073579849,59.50360277246052,0.0127812201959329,0.0139172367011184,True,,152.0,781.0,0,False,17.412853216300757,0.02
refine_intermediate_0.02_R1.660_C0.660,modifier,intermediate,1.66,0.66,140.0,90.0,139.95366838673382,89.7625889323308,ok,184.71145148400683,136.85406706471932,90.0667341084729,114.64324386905352,72.01459214431975,4.31813815636936,1.543309933569262,0.999947961788516,0.9999973718075008,0.9999799562414976,1.0000047341443783,0.0,506.8180725206741,343.4742556747384,343.47425567473766,595.63619420739,1003.0857164764304,652.465432136783,211.226454689428,175.561719180819,46.787332956246416,59.96198864413008,0.0116417042511898,0.0103302972790828,True,,182.0,737.0,0,False,9.700032643604592,0.02
refine_intermediate_0.02_R1.680_C0.500,modifier,intermediate,1.68,0.5,140.0,90.0,139.95366838673382,89.7625889323308,ok,182.74577259502257,143.2798733326621,85.36579459368164,115.23659794284472,72.01658434446578,4.2852848363421385,1.5638144826337983,1.0000724611103802,1.0000036596520403,1.0000340146241178,0.9999902454305716,0.0,499.10780730567046,318.23542524964205,318.23542524964296,585.6169116358449,993.8675642598336,640.7935637987052,208.0143331186556,172.2782641008873,57.914078738980464,59.504138877859,0.0200162373216699,0.0171341971127247,True,,180.0,785.0,0,False,30.395439798695055,0.02
refine_intermediate_0.02_R1.680_C0.540,modifier,intermediate,1.68,0.54,140.0,90.0,139.95366838673382,89.7625889323308,ok,147.03490875000716,141.47604829225614,87.1877603217296,115.19847014763768,72.01593043405893,4.286263684363198,1.5628705620057175,1.0000349866297555,1.0000017670015051,1.0000174781041786,0.9999947293210296,0.0,500.5144691897299,316.1291156164888,316.12911561648787,587.6172919273095,994.4979769974018,643.231882558091,208.599322962988,172.98485793109614,54.28828797052654,59.5182712842667,0.017548047528237,0.0113303675642697,True,,145.0,766.0,0,False,8.947382950708645,0.02
refine_intermediate_0.02_R1.680_C0.560,modifier,intermediate,1.68,0.56,140.0,90.0,139.95366838673382,89.7625889323308,ok,146.76160506901215,140.64939275691134,87.79509219801338,115.17281963894608,72.0151596353647,4.286690655606623,1.5623825391095305,0.99999899613644,0.9999999492998204,1.0000008568655807,0.9999992538696632,0.0,491.61580086904,320.36998599974606,320.3699859997464,575.13120127671,988.1702496958692,628.1905469579679,204.87596792578756,168.70701660974632,52.85430055889796,59.52483723304205,0.0140893868793909,0.0087246404937388,True,,145.0,756.0,0,False,4.35507579880862,0.02
refine_intermediate_0.02_R1.680_C0.580,modifier,intermediate,1.68,0.58,140.0,90.0,139.95366838673382,89.7625889323308,ok,170.92516864297795,139.87239758382825,88.37906128522214,115.14788276386552,72.01477220275386,4.286959820660587,1.5619377005233746,0.999952029242322,0.999997577234461,0.9999814743433592,1.0000043659361486,0.0,501.6296456812599,327.0467909233509,327.0467909233503,589.2169569673822,994.9087607831038,645.1874142018507,209.0638811456977,173.5526337908781,51.49333629860611,59.52889510767143,0.0131763681249879,0.009504232545396,True,,168.0,747.0,0,False,1.9207536937189544,0.02
refine_intermediate_0.02_R1.680_C0.600,modifier,intermediate,1.68,0.6,140.0,90.0,139.95366838673382,89.7625889323308,ok,164.19099281201488,139.1420890105383,88.9523414384884,115.13216325063888,72.0168319001831,4.286653830046459,1.5618939348023282,1.0000823441957016,1.0000041587977635,1.0000384578787922,0.9999889720120938,0.0,502.0456126663832,327.721005829438,327.72100582943915,589.825868796994,995.0219940673252,645.939583870128,209.2371846818193,173.77399588779366,50.18974757204991,59.52294369166162,0.0213911564002842,0.0161685312561132,True,,161.0,747.0,0,False,1.3151620851437784,0.02
refine_intermediate_0.02_R1.680_C0.660,modifier,intermediate,1.68,0.66,140.0,90.0,139.95366838673382,89.7625889323308,ok,142.3514371989877,137.14465013402338,90.50712071897976,115.04767170222424,72.01673005257913,4.285571776098211,1.561157881182151,1.000089406805415,1.0000045154952242,1.00004100560738,0.9999882937210288,0.0,502.9437981804375,336.8681348530947,336.8681348530935,591.1521346694242,995.0497915105736,647.5867907488546,209.6121193553664,174.2580064593882,46.63752941504363,59.50800283447098,0.021536585920387,0.0157671391365425,True,,140.0,732.0,0,False,8.444911125391116,0.02
refine_intermediate_0.02_R1.680_C0.620,modifier,intermediate,1.68,0.62,140.0,90.0,139.95366838673382,89.7625889323308,ok,168.94113938498776,138.43948541914835,89.49437903724096,115.10749853229242,72.01486651156439,4.285545244364933,1.5619084743934608,0.999972385610904,0.9999986053338834,0.9999901205625984,1.0000020949376636,0.0,502.49300157106654,335.491451393228,335.49145139322707,590.4541360893786,995.219398651454,646.7036483211941,209.42365785383376,173.99493485158558,48.945106381907394,59.5091743130114,0.0132713024335942,0.0110878833426255,True,,166.0,747.0,0,False,2.364686607150041,0.02
refine_intermediate_0.02_R1.680_C0.680,modifier,intermediate,1.68,0.68,140.0,90.0,139.95366838673382,89.7625889323308,ok,146.09520268501365,136.5373431486631,91.0818483085324,115.02541685812544,72.01419819953719,4.283968169414312,1.561409044934306,0.9999212751232638,0.9999960239961252,0.9999683644059048,1.0000078563769574,0.0,503.2605903658844,343.6578314844727,343.6578314844727,591.6018875310215,995.1798955714204,648.138746342742,209.74428844135855,174.41933785773497,45.45549484013071,59.487827074659336,0.0092556366399776,0.0104953281552582,True,,144.0,737.0,0,False,13.411723433974805,0.02
refine_intermediate_0.02_R1.680_C0.640,modifier,intermediate,1.68,0.64,140.0,90.0,139.95366838673382,89.7625889323308,ok,175.60216285299975,137.77589984055317,90.00854910496348,115.07590895396748,72.01498945331886,4.285702531104786,1.56144545098514,0.9999672479644977,0.9999983458567934,0.9999882028390858,1.0000025498556315,0.0,502.7642312150606,336.36270843253,336.36270843253124,590.8691824404473,995.1612892041908,647.2241520299391,209.53723392010144,174.14857073790574,47.76735073558969,59.5112568041524,0.0140362566370981,0.010289280086539,True,,173.0,737.0,0,False,4.803172247255316,0.02
refine_intermediate_0.02_R1.700_C0.520,modifier,intermediate,1.7,0.52,140.0,90.0,139.95366838673382,89.7625889323308,ok,148.04864341998473,142.599685087685,86.94732890621158,115.60761496486934,72.00888896429355,4.2529611645102605,1.581204105184797,0.9995247344372208,0.9999759966887488,0.9997979773240296,1.0000531096194076,0.0,487.68880365127495,309.74751134420933,309.7475113442082,570.1247849462873,979.6645044437404,622.8337407431527,203.12422313259907,167.54096303822195,55.65235618147342,59.0616134435728,0.0161379763112279,0.0055617949493012,True,,145.0,772.0,0,False,14.927093396377348,0.02
refine_intermediate_0.02_R1.680_C0.700,modifier,intermediate,1.68,0.7,140.0,90.0,139.95366838673382,89.7625889323308,ok,152.63373816298554,135.95071727886798,91.66860482378888,114.99375533107448,72.01470371750318,4.283504546423106,1.5611409889431729,0.999943475292932,0.9999971452168132,0.9999775897522686,1.0000053180720267,0.0,503.36506247266186,343.7059478212872,343.70594782128563,591.7832800017836,994.3487451552304,648.3754154436076,209.78824551777168,174.4917487229468,44.28211245507912,59.4809715974989,0.0132026289476812,0.0113143830789113,True,,150.0,732.0,0,False,19.65651415045505,0.02
refine_intermediate_0.02_R1.700_C0.560,modifier,intermediate,1.7,0.56,140.0,90.0,139.95366838673382,89.7625889323308,ok,144.9148177380266,140.9258074467612,88.23447858426317,115.5840507351698,72.01660791954076,4.253548159929311,1.5807607766565537,1.0000743081203534,1.0000037529353722,1.0000349104373,0.9999899770987076,0.0,497.5578115705328,323.54898069270644,323.5489806927069,584.4024648210845,987.1304255580131,639.8791860038234,207.3667110273442,172.11902594081772,52.69132886249804,59.06343387738436,0.0201623742940171,0.0176864678357731,True,,143.0,762.0,0,False,3.2801755879023,0.02
refine_intermediate_0.02_R1.700_C0.580,modifier,intermediate,1.7,0.58,140.0,90.0,139.95366838673382,89.7625889323308,ok,147.77553487499245,140.14507504173682,88.82058309603012,115.55859959976586,72.01461959814675,4.253002461863833,1.5805295755220978,0.9999545733089306,0.9999977057226728,0.9999821458575971,1.0000042697218572,0.0,498.0549641414241,327.0283819140124,327.0283819140119,585.1065048514263,987.329142164909,640.7374083053365,207.57397388941268,172.3685245866723,51.3244919457067,59.05748701577924,0.0116531966723982,0.010455402358545,True,,146.0,757.0,0,False,0.9240115032039788,0.02
refine_intermediate_0.02_R1.700_C0.660,modifier,intermediate,1.7,0.66,140.0,90.0,139.95366838673382,89.7625889323308,ok,144.56084362897673,137.42168372618673,91.04691150230124,115.4531391459202,72.01564507318557,4.251805976278449,1.57953499879634,1.0000016630758273,1.000000083993728,1.000003399441935,0.9999984020754694,0.0,499.3050676916458,339.130261176458,339.1302611764577,586.960035960981,987.4239710837012,643.040328179156,208.09594671301585,173.0465468089538,46.374772223885486,59.04003181471986,0.0159659721810498,0.0163302593028049,True,,142.0,738.0,0,False,8.060430784981273,0.02
refine_intermediate_0.02_R1.700_C0.640,modifier,intermediate,1.7,0.64,140.0,90.0,139.95366838673382,89.7625889323308,ok,148.67645024799276,138.0575708421526,90.44873329024628,115.48139071443084,72.01425285947059,4.252369031024499,1.579771672126535,0.9999134781195096,0.9999956302080544,0.9999652091575904,1.000008644575697,0.0,494.9405166052471,331.6267838546589,331.626783854659,580.8002244487445,984.6057159683992,635.5943586709908,206.2706799489849,170.9198398508595,47.60883755190632,59.048991861689096,0.0096318409520961,0.0077471737592702,True,,146.0,743.0,0,False,4.065979978466228,0.02
refine_intermediate_0.02_R1.700_C0.680,modifier,intermediate,1.7,0.68,140.0,90.0,139.95366838673382,89.7625889323308,ok,146.11236361801275,136.80637196855275,91.66275275666987,115.42112900236349,72.01562342825855,4.25163488959266,1.5792643364462846,1.000026322588785,1.000001329423676,1.000013507907829,0.9999958563559156,0.0,499.4339895434198,341.5818876527048,341.581887652706,587.161033165233,986.796242944832,643.2964354090432,208.14972922600123,173.12403401482817,45.143619211882864,59.03767387125529,0.0168096074048378,0.0170581294929661,True,,143.0,733.0,0,False,13.516097303222349,0.02
refine_intermediate_0.02_R1.700_C0.540,modifier,intermediate,1.7,0.54,140.0,90.0,139.95366838673382,89.7625889323308,ok,193.4962989249907,141.7387055740865,87.60956152333675,115.5949655326234,72.01468438428236,4.253692080891813,1.580799039990293,0.9999516129639646,0.9999975562103024,0.9999811923869856,1.000004468636884,0.0,496.9658067126837,320.06982141333594,320.0698214133336,583.5584160022482,986.8705007559904,638.8515982636824,207.12004031693107,171.82159787677352,54.12914405074976,59.06700997526286,0.012825234830899,0.0093486750496225,True,,190.0,762.0,0,False,7.821884784111615,0.02
refine_intermediate_0.02_R1.700_C0.620,modifier,intermediate,1.7,0.62,140.0,90.0,139.95366838673382,89.7625889323308,ok,183.24851550799207,138.72246395037791,89.93177407330451,115.51124985217314,72.01645253081892,4.2529196602989146,1.5800197686177977,1.000075738672202,1.0000038251854646,1.000035322330302,0.9999899984958583,0.0,498.798252572393,333.61944267656,333.61944267656,586.2022681993271,987.4570730549192,642.0932746276802,207.88411478995744,172.7666467281259,48.790689877073405,59.05483415027848,0.0206962991285024,0.0185249549150512,True,,180.0,747.0,0,False,1.544487976028767,0.02
refine_intermediate_0.02_R1.720_C0.500,modifier,intermediate,1.72,0.5,140.0,90.0,139.95366838673382,89.7625889323308,ok,182.19299875499564,143.78336496513415,86.59986823573983,116.02962269486844,72.01432238878824,4.220176489788016,1.5998854560088378,0.9999186781746005,0.9999958928371016,0.9999664894264076,1.0000083838580205,0.0,484.552371462842,303.277885985293,303.2778859852933,566.63207500349,971.6563085905234,619.1161961533445,201.81870865925788,166.5592185918639,57.18349672939432,58.60190514609419,0.0099339844651638,0.0127613550831569,True,,179.0,781.0,0,False,24.66937808725605,0.02
refine_intermediate_0.02_R1.720_C0.540,modifier,intermediate,1.72,0.54,140.0,90.0,139.95366838673382,89.7625889323308,ok,145.64127831999213,141.99650188609007,88.03607512172894,115.99510827594192,72.01465088374435,4.220718040601498,1.5991570569481033,0.9999579162406912,0.999997874557612,0.999983664066744,1.0000038754113758,0.0,483.9219895972451,312.26133821000025,312.2613382099983,566.1455625279457,972.702703989936,618.3585107461244,201.66981922339036,166.0676403270581,53.96042676436113,58.60915784227217,0.0111261016430148,0.0087776235173748,True,,143.0,767.0,0,False,7.154018644291046,0.02
refine_intermediate_0.02_R1.720_C0.560,modifier,intermediate,1.72,0.56,140.0,90.0,139.95366838673382,89.7625889323308,ok,149.83931227301946,141.1865682906137,88.65575037474885,115.97738832653448,72.01450868219015,4.2209332294256985,1.5988849258068314,0.999932130909304,0.9999965722681466,0.9999723354186284,1.000006927963296,0.0,484.8015310358545,316.2881132414676,316.2881132414672,567.3911396129699,973.217235915704,619.871164188128,202.0369963472404,166.50312144318167,52.53081791586486,58.61226170483579,0.011949776867425,0.0088447600636811,True,,147.0,762.0,0,False,2.74513376553712,0.02
refine_intermediate_0.02_R1.720_C0.620,modifier,intermediate,1.72,0.62,140.0,90.0,139.95366838673382,89.7625889323308,ok,143.21481080100057,138.99025990470727,90.35884059747448,115.9058682372512,72.01571044765484,4.220146042675341,1.5981580502959585,1.0000162006008202,1.0000008182121634,1.0000093289746803,0.9999968687868372,0.0,495.1802411813635,331.44125449472926,331.441254494728,582.0247810687749,979.8661981207244,637.5588168066586,206.37664967983375,171.55672169467977,48.6314193072328,58.60035284582502,0.0165532945562461,0.0128236370877203,True,,141.0,748.0,0,False,1.2836719514273016,0.02
refine_intermediate_0.02_R1.720_C0.600,modifier,intermediate,1.72,0.6,140.0,90.0,139.95366838673382,89.7625889323308,ok,144.05562828900293,139.688330785366,89.8183262777036,115.93600688074808,72.01375085841293,4.220194845885215,1.5986003222157252,0.9999100564193693,0.999995457394918,0.9999628609204406,1.0000094981995358,0.0,486.24196658717295,323.03797680193827,323.0379768019375,569.4386261550658,973.8950750333024,622.3623903480291,202.6384804441361,167.22227637775114,49.87000450766239,58.602625131727805,0.0067666341158485,0.0065294975928367,True,,142.0,757.0,0,False,0.0735106943688421,0.02
refine_intermediate_0.02_R1.720_C0.580,modifier,intermediate,1.72,0.58,140.0,90.0,139.95366838673382,89.7625889323308,ok,165.1782756089815,140.4141150575719,89.24388922719896,115.95158397981672,72.01619921310441,4.221422107985228,1.5983916940365648,1.0000629424358929,1.0000031789109043,1.0000290104288778,0.999991621937993,0.0,494.4102687912324,325.2391256720693,325.23912567206816,580.9097020932636,979.6447930656929,636.1881088636015,206.05529100227272,171.15703907394624,51.17022583037294,58.61767427483285,0.0191558321256763,0.017432825504656,True,,162.0,753.0,0,False,0.4810605207897271,0.02
refine_intermediate_0.02_R1.720_C0.520,modifier,intermediate,1.72,0.52,140.0,90.0,139.95366838673382,89.7625889323308,ok,193.73729415700652,142.86688842951995,87.39882034304534,116.01927603096216,72.01602642801863,4.220403695793317,1.5996573325976606,1.000044298266622,1.000002237286195,1.000021249932572,0.9999937270428968,0.0,492.82772987387295,313.062520098164,313.06252009816467,578.6408868704278,979.0707694869916,633.4075287269975,205.39531734991797,170.3464689172989,55.46806808647463,58.60367344776638,0.0176963754717007,0.0146106095876632,True,,191.0,777.0,0,False,14.074252961383497,0.02
refine_intermediate_0.02_R1.720_C0.660,modifier,intermediate,1.72,0.66,140.0,90.0,139.95366838673382,89.7625889323308,ok,178.52170142700197,137.6857465490175,91.62677925783528,115.8474826025548,72.01450417661377,4.219608449560275,1.5976167099774254,0.9999280248813592,0.999996364892998,0.9999712755245782,1.000006983608953,0.0,491.6241676775186,332.4398752465763,332.4398752465748,577.0808948250658,976.8654394287196,631.6312646188009,204.88938535631,169.87828223813614,46.05896729118221,58.59386935736989,0.011836868727272,0.0123203058629997,True,,175.0,738.0,0,False,8.618675031695116,0.02
refine_intermediate_0.02_R1.720_C0.640,modifier,intermediate,1.72,0.64,140.0,90.0,139.95366838673382,89.7625889323308,ok,186.45133367102244,138.31841417509196,90.97123791933986,115.87069400715002,72.01484283177305,4.220287273844323,1.597634222358831,0.9999701901135836,0.9999984944501809,0.999989148781922,1.000002360979671,0.0,487.22118825913446,329.77435766612314,329.77435766612325,570.882629230556,974.1199926623236,624.144430255076,203.0480586554973,167.7417641598937,47.3471762557521,58.60301998718417,0.0118517288440216,0.0148803587402142,True,,183.0,738.0,0,False,4.134888710490474,0.02
refine_intermediate_0.02_R1.740_C0.540,modifier,intermediate,1.74,0.54,140.0,90.0,139.95366838673382,89.7625889323308,ok,144.07214048597962,142.26017123365853,88.45718024840204,116.38882971403048,72.01670716261057,4.189215322717449,1.6172897459198217,1.0000927545767793,1.0000046845745838,1.0000424892988475,0.999987999155392,0.0,489.9415149667193,315.9102122210025,315.91021222100267,575.5016985294255,971.879063967056,630.1352213345773,204.1928172794736,169.50305877034344,53.802990985256486,58.17004814255649,0.0212975206854935,0.0205639272062398,True,,142.0,768.0,0,False,7.024047214948371,0.02
refine_intermediate_0.02_R1.720_C0.700,modifier,intermediate,1.72,0.7,140.0,90.0,139.95366838673382,89.7625889323308,ok,190.51931835402505,136.69573076944295,93.2676078005351,116.0813597468356,72.01674437005474,4.192596325626276,1.611615704549092,1.0000932252109205,1.0000047083439856,1.0000427544480175,0.9999879718134864,0.0,489.90210056472426,319.3230936130236,319.3230936130235,574.3953929696197,977.1731485652858,628.2643182184809,204.1591825155035,168.9029054575811,43.42812296890784,58.216965544607405,0.0211853333850342,0.0197104154547957,True,,,,0,False,22.899314784627137,0.02
refine_intermediate_0.02_R1.740_C0.500,modifier,intermediate,1.74,0.5,140.0,90.0,139.95366838673382,89.7625889323308,ok,169.52626560800127,144.02860470602633,87.13580315558563,116.42067279532496,72.01515554966815,4.188220191832984,1.6180503877402352,1.0000022346152058,1.0000001128593534,1.0000028746952945,0.9999987528020952,0.0,488.6433379578032,306.8224725381615,306.8224725381615,573.6424220045462,971.2874122427576,627.869554608966,203.65140932097648,168.84687683223666,56.89280155044069,58.15748310012897,0.014238263667778,0.012067678846094,True,,166.0,782.0,0,False,23.50510952319985,0.02
refine_intermediate_0.02_R1.740_C0.520,modifier,intermediate,1.74,0.52,140.0,90.0,139.95366838673382,89.7625889323308,ok,167.86616470100125,143.11650622648293,87.80695755014486,116.40337719008664,72.0145338741289,4.188956253056344,1.6175228349071635,0.9999383187663792,0.9999968847861822,0.999975000960078,1.0000061458324256,0.0,489.3382009397666,311.5500477543128,311.55004775431166,574.6338090131795,971.6120161534942,629.0755212804345,203.9414398529526,169.1951262530361,55.30954867633807,58.1682061620789,0.0118571727560095,0.0090080799675718,True,,166.0,772.0,0,False,13.828037303539263,0.02
refine_intermediate_0.02_R1.740_C0.560,modifier,intermediate,1.74,0.56,140.0,90.0,139.95366838673382,89.7625889323308,ok,154.21086788998218,141.4479996655001,89.07999266662544,116.37222538409264,72.01431081283582,4.188493295092783,1.617290160535403,0.9999332102179336,0.9999966267786826,0.9999734356435336,1.000006522527564,0.0,490.51344539729314,319.44009767151147,319.44009767150993,576.3014017068298,972.1856246768282,631.1059062468823,204.43132924110665,169.78328753075584,52.36800699887469,58.16195764170567,0.0098129619441635,0.0080398618299284,True,,152.0,768.0,0,False,2.6989636326542543,0.02
refine_intermediate_0.02_R1.720_C0.680,modifier,intermediate,1.72,0.68,140.0,90.0,139.95366838673382,89.7625889323308,ok,211.76426219099085,137.21642994683916,92.56456430388108,116.03008802631284,72.01642245718661,4.200304090000341,1.607817668379879,1.0000644393891407,1.0000032545146031,1.0000303709566531,0.9999912340412512,0.0,489.18141899963285,322.0138108988805,322.01381089887764,573.446021311752,976.3880059294432,627.1456822414275,203.8601393430885,168.58567677860825,44.65186564295807,58.3242536450266,0.0186697681096177,0.0179801621149522,True,,209.0,945.0,0,False,15.34354025961135,0.02
refine_intermediate_0.02_R1.740_C0.580,modifier,intermediate,1.74,0.58,140.0,90.0,139.95366838673382,89.7625889323308,ok,174.6220388969814,140.6758387979164,89.668953769909,116.34652774106792,72.01576672445844,4.188724617531375,1.6167893882547435,1.0000225060987575,1.0000011366716557,1.000012158013677,0.9999961514083096,0.0,490.9062594120023,320.6021296341264,320.60212963412687,576.8832353513353,972.2269870770764,631.8236411459559,204.59536700899287,169.9932112577507,51.00688502800742,58.16399391480441,0.0166564850100314,0.0128546439261896,True,,171.0,758.0,0,False,0.5302976464293869,0.02
refine_intermediate_0.02_R1.740_C0.620,modifier,intermediate,1.74,0.62,140.0,90.0,139.95366838673382,89.7625889323308,ok,146.30912497401005,139.25633299951335,90.8813739896106,116.29945649152675,72.01447706814506,4.187932347062804,1.6165071709678271,0.9999380939459076,0.99999687343161,0.9999757147576304,1.0000058703921444,0.0,491.603624626996,329.1867507090142,329.1867507090142,577.8921924480231,972.414033652472,633.068916109974,204.88627485914373,170.35821323492937,48.37495900990274,58.154033988192325,0.0115246505597781,0.0114308621825074,True,,144.0,753.0,0,False,1.7379566466625165,0.02
refine_intermediate_0.02_R1.740_C0.600,modifier,intermediate,1.74,0.6,140.0,90.0,139.95366838673382,89.7625889323308,ok,190.57225415101857,139.94674879163688,90.23610676941884,116.3195757218338,72.0148692229302,4.188497134519574,1.6165231373637745,0.9999758176757964,0.9999987786704952,0.999991494767225,1.0000017512942314,0.0,491.2664766444865,321.6937904103523,321.6937904103507,577.406496477945,972.2977690001624,632.4706107174718,204.7456988203774,170.1833445636084,49.71064202221805,58.16155996275722,0.0120715171105985,0.0099802294453752,True,,188.0,753.0,0,False,0.2242670228368269,0.02
refine_intermediate_0.02_R1.740_C0.660,modifier,intermediate,1.74,0.66,140.0,90.0,139.95366838673382,89.7625889323308,ok,166.86980426800437,137.94379380559712,92.19187827032226,116.23110587834928,72.01377654242279,4.18823338038204,1.615406996670785,0.9999169098740774,0.9999958035289934,0.9999657123223264,1.0000087643500004,0.0,484.1482721420812,330.7544352596161,330.7544352596138,567.4780546047173,966.8187264651028,620.5491204777209,201.7684649857535,166.8028681142446,45.75191553527486,58.1587799094911,0.0074097044765153,0.0111086608221597,True,,164.0,733.0,0,False,9.941042519578424,0.02
refine_intermediate_0.02_R1.740_C0.640,modifier,intermediate,1.74,0.64,140.0,90.0,139.95366838673382,89.7625889323308,ok,195.37923856900304,138.71848125929205,91.89172058095627,116.48204880737865,72.0161333336032,4.168465082365649,1.6269111850865503,1.000050156550098,1.0000025331590958,1.0000238911378114,0.9999930103797228,0.0,484.9510625667955,314.30320769647915,314.3032076964783,568.3481566496316,968.8500318142026,621.4592612685993,202.0964920499848,167.03650678916998,46.82676067833576,57.88237842562169,0.0174022216621381,0.0174621690201917,True,,193.0,960.0,0,False,6.058888816976557,0.02
refine_intermediate_0.02_R1.760_C0.500,modifier,intermediate,1.76,0.5,140.0,90.0,139.95366838673382,89.7625889323308,ok,181.0106619120052,144.27959117724768,87.54637152237926,116.8091143864486,72.0169708818788,4.157062495651792,1.636199604763878,1.000097656064336,1.0000049321244608,1.0000449249416064,0.9999871860982172,0.0,485.2243774018095,304.95594446534744,304.95594446534835,569.7314868509591,963.9515869042176,623.6441040262978,202.2267608319761,167.7242915884222,56.73321965486842,57.723373320854414,0.0220235427509578,0.0215994601190629,True,,178.0,783.0,0,False,23.62522759765951,0.02
refine_intermediate_0.02_R1.760_C0.520,modifier,intermediate,1.76,0.52,140.0,90.0,139.95366838673382,89.7625889323308,ok,152.45064721099334,143.36654545069203,88.22180277503152,116.793041651276,72.01434433794982,4.157010021656238,1.6359406971938062,0.9999287591246552,0.9999964019759928,0.9999716386923356,1.0000069701277043,0.0,485.9484468312006,309.4287645613889,309.42876456138725,570.7489405256732,964.3735277838108,624.8764838260145,202.528810720204,168.07881111511358,55.14474267566051,57.72474997686808,0.0097913178003068,0.0081709327445622,True,,150.0,778.0,0,False,14.021751836217064,0.02
refine_intermediate_0.02_R1.760_C0.620,modifier,intermediate,1.76,0.62,140.0,90.0,139.95366838673382,89.7625889323308,ok,134.2195944380073,139.50155519302604,91.438391348193,116.67314576882497,72.01379300371019,4.157531031267131,1.634036852310056,0.999917634941853,0.9999958401485778,0.9999660319382222,1.0000086771975911,0.0,479.884436120303,323.059866126566,323.0598661265653,562.3229778535481,959.3136372031652,614.7887700461334,199.9908002622524,165.23180471286065,48.06316384483304,57.732426773478416,0.0073368498418631,0.0112626821749017,True,,132.0,743.0,0,False,3.0127200769342206,0.02
refine_intermediate_0.02_R1.740_C0.680,modifier,intermediate,1.74,0.68,140.0,90.0,139.95366838673382,89.7625889323308,ok,202.56085548599367,137.52184882251333,93.23876945553168,116.48373321329044,72.01482631155761,4.161773423392076,1.6296293279984344,0.9999580328571188,0.9999978804473296,0.999984024836287,1.0000036884155727,0.0,493.4789634276832,315.88527325068736,315.8852732506865,580.3099461467581,972.1568001663808,635.8819181084518,205.66068968315588,171.14947573889947,44.28307936698165,57.79050837930239,0.0125282227588456,0.0137453376969034,True,,,,0,False,17.997577422806685,0.02
refine_intermediate_0.02_R1.760_C0.560,modifier,intermediate,1.76,0.56,140.0,90.0,139.95366838673382,89.7625889323308,ok,167.54680570799974,141.69868999714777,89.49281561718807,116.75560394418603,72.01487555047419,4.15690213192142,1.6354362346660472,0.99998014222886,0.9999989970822656,0.9999932874329392,1.0000012942275296,0.0,487.0324391593573,317.42209470164937,317.42209470164863,572.2961420925863,964.8225399684736,626.7637752509362,202.9807645754903,168.62662078333474,52.205874379959695,57.72282601540993,0.012780940282937,0.011079802867016,True,,164.0,768.0,0,False,3.1178780623747686,0.02
refine_intermediate_0.02_R1.760_C0.540,modifier,intermediate,1.76,0.54,140.0,90.0,139.95366838673382,89.7625889323308,ok,175.59489079701598,142.51225667672912,88.87177229360941,116.7775908668888,72.01519306793558,4.157079330554286,1.6356609967135016,0.9999819610873392,0.999999088943805,0.9999943346986724,1.0000010864898052,0.0,486.5309350636414,313.5822103985678,313.5822103985685,571.583770112881,964.6208610736628,625.8967672771934,202.7718399267233,168.37506109206282,53.64048438311971,57.72503208639185,0.0143161023617324,0.0109872464168461,True,,173.0,773.0,0,False,7.339928321523944,0.02
refine_intermediate_0.02_R1.760_C0.680,modifier,intermediate,1.76,0.68,140.0,90.0,139.95366838673382,89.7625889323308,ok,142.87582047400065,137.60146728460367,93.37506900101432,116.58758654004993,72.01517832431236,4.155762131137063,1.633539468483161,0.9999825355610504,0.9999991179576284,0.999994516426738,1.0000009897569195,0.0,484.7023945062096,331.0477031336325,331.04770313363093,569.1689997823355,960.715035990502,623.0934040599222,202.00580759659252,167.6120638089184,44.22639828358936,57.70675332389028,0.0147755429548794,0.0144665385214608,True,,141.0,735.0,0,False,18.58286227149792,0.02
refine_intermediate_0.02_R1.740_C0.700,modifier,intermediate,1.74,0.7,140.0,90.0,139.95366838673382,89.7625889323308,ok,238.68870806199263,136.94104339689164,93.80487835288405,116.44665485041924,72.01611778061925,4.161843342702063,1.629090903591597,1.0000482485616016,1.0000024367960405,1.00002317813682,0.9999931833438528,0.0,492.9959358748373,318.6203714383984,318.62037143839643,579.3980749085642,971.106222576004,634.9457581313386,205.3738110139736,171.09563177756309,43.1361650440076,57.790442903075856,0.0170957563296667,0.0175151243632996,True,,,,0,False,25.416013088938293,0.02
refine_intermediate_0.02_R1.760_C0.580,modifier,intermediate,1.76,0.58,140.0,90.0,139.95366838673382,89.7625889323308,ok,187.48755235798308,140.94163358654555,90.09449746279569,116.73904920244593,72.01451487308304,4.156466133289911,1.6354232281212056,0.9999379666840562,0.9999968670042442,0.9999757178831732,1.000005854317061,0.0,487.4822463031916,320.4471791536844,320.447179153686,572.9410901897991,965.0069759596644,627.5540328176291,203.16843267364752,168.85648838696238,50.84713612374988,57.71706079830135,0.0117239419616055,0.0087561865458951,True,,184.0,768.0,0,False,1.0862385086343735,0.02
refine_intermediate_0.02_R1.760_C0.700,modifier,intermediate,1.76,0.7,140.0,90.0,139.95366838673382,89.7625889323308,ok,149.48932574799983,137.026197655573,93.9544407680674,116.55853569784432,72.01508837552622,4.154783426369114,1.633523366573668,0.999992376070834,0.9999996149530722,0.999997894134056,1.000000253664918,0.0,487.6701189470017,333.27117364292224,333.2711736429219,573.0956547325618,960.9581021718592,627.9780986135686,203.16405483420755,169.209683878301,43.07175688750563,57.69323512739153,0.0149460026212295,0.0150205776397598,True,,147.0,735.0,0,False,26.14170669457139,0.02
refine_intermediate_0.02_R1.760_C0.600,modifier,intermediate,1.76,0.6,140.0,90.0,139.95366838673382,89.7625889323308,ok,202.4850826660113,140.34469021673416,91.10330709474296,116.94079208934534,72.01583930808944,4.135062441435782,1.6470243633503885,1.0000309054991463,1.0000015608837964,1.000015598797516,0.9999952011421562,0.0,480.71118644921233,304.8170274237181,304.81702742371544,563.2099285523894,961.4601075171364,615.7094673288536,200.32971167729696,165.46665400530435,49.24138312199119,57.41879121543885,0.0164820103384784,0.0171271870410834,True,,200.0,995.0,0,False,1.95042326255869,0.02
refine_intermediate_0.02_R1.760_C0.660,modifier,intermediate,1.76,0.66,140.0,90.0,139.95366838673382,89.7625889323308,ok,197.07451121899064,138.37852061570908,93.19797762728932,116.89633453761462,72.01627664927128,4.1307369274501,1.64823967200785,1.0000600805346611,1.0000030343704371,1.000028200914357,0.999991898365276,0.0,489.713550256382,311.273110301509,311.273110301509,575.8848048125541,964.9527590961744,631.019052773417,204.09136057552868,169.8392859168823,45.18054298841975,57.358379516999065,0.0178071248161586,0.0177252786780286,True,,,,0,False,14.282985986013118,0.02
refine_intermediate_0.02_R1.760_C0.640,modifier,intermediate,1.76,0.64,140.0,90.0,139.95366838673382,89.7625889323308,ok,230.85597311801396,139.00380022961167,92.54452960989435,116.91497216208106,72.01495611988139,4.131794969083336,1.648049072042494,0.9999701192118684,0.9999984908692856,0.9999892593004364,1.0000023009519077,0.0,485.648852228041,309.0500841028989,309.0500841028982,570.1561298723561,963.99368350492,624.099125085764,202.39247994796352,167.8636345714733,46.4592706197173,57.37412326135762,0.0132497520009735,0.0142882518092335,True,,,,0,False,8.641443449397483,0.02
refine_intermediate_0.02_R1.780_C0.540,modifier,intermediate,1.78,0.54,140.0,90.0,139.95366838673382,89.7625889323308,ok,151.28915743599646,142.76350726546517,89.28915331499442,117.16504772665436,72.01454342546435,4.125163225296567,1.6543593578359308,0.9999406381042362,0.999997001924456,0.9999759410208228,1.0000059785692796,0.0,483.16896387374015,306.2716685325656,306.2716685325661,567.7228271745319,957.468601108276,621.7142949831073,201.37077399733604,167.2609569317661,53.47435395047074,57.28236310442132,0.0116453578368691,0.0089149784506901,True,,149.0,784.0,0,False,8.119335808192877,0.02
refine_intermediate_0.02_R1.780_C0.520,modifier,intermediate,1.78,0.52,140.0,90.0,139.95366838673382,89.7625889323308,ok,177.81344444700517,143.60958871007455,88.63143145114772,117.17664649452196,72.01514627480407,4.125501411143817,1.6543651580865342,1.0000031728431615,1.0000001602446045,1.000003209866264,0.9999986448517578,0.0,482.5871324222575,307.38241944063304,307.3824194406315,566.8883256221159,957.1944568803468,620.7004602654633,201.1279831870468,166.9683416264504,54.97815725892683,57.286579623142494,0.0139663625556352,0.0118394084264394,True,,175.0,784.0,0,False,14.64527065785219,0.02
refine_intermediate_0.02_R1.780_C0.500,modifier,intermediate,1.78,0.5,140.0,90.0,139.95366838673382,89.7625889323308,ok,197.92560398500063,144.51935953717185,87.95159620201538,117.19199951202852,72.0148692142286,4.125450162848238,1.654587817992646,0.9999703218769976,0.9999985011048986,0.9999888640454284,1.0000025098948742,0.0,481.88040297074326,297.90845993672946,297.9084599367283,565.8996708247296,956.8090866901229,619.5006805438013,200.83357781626705,166.62148797553502,56.56776333515647,57.286088385107234,0.0131505092870156,0.0103541979995043,True,,195.0,788.0,0,False,24.125230350443417,0.02
refine_intermediate_0.02_R1.780_C0.640,modifier,intermediate,1.78,0.64,140.0,90.0,139.95366838673382,89.7625889323308,ok,147.6588540940138,139.09342321894906,92.69963507728666,117.03296410425357,72.01522688353577,4.125180885552533,1.652458821522876,0.9999893057193768,0.999999459884817,0.9999971012482712,1.0000003168972933,0.0,484.66616525579,328.1199487025666,328.1199487025682,569.9273296172057,956.0438432490924,624.4493377890512,201.99577511158463,168.06622691290414,46.3937881416624,57.2820646975652,0.0148204458039913,0.0128747113031693,True,,145.0,750.0,0,False,9.366261806297109,0.02
refine_intermediate_0.02_R1.780_C0.680,modifier,intermediate,1.78,0.68,140.0,90.0,139.95366838673382,89.7625889323308,ok,144.8689607590204,137.8616148025744,93.94259011719475,116.9737191900662,72.01386974167926,4.123926623897503,1.652136486675896,0.9999358988979188,0.9999967625706004,0.99997363501893,1.0000067181882475,0.0,484.273202151321,332.792424849642,332.79242484964084,569.1648827811554,954.0374460670408,623.7000440873815,201.74901003347696,168.0629785231306,43.91902468537964,57.26572726462872,0.007135612595448,0.0097854234938523,True,,143.0,745.0,0,False,21.849098104458378,0.02
refine_intermediate_0.02_R1.780_C0.580,modifier,intermediate,1.78,0.58,140.0,90.0,139.95366838673382,89.7625889323308,ok,180.28472092401356,141.1857399572743,90.53692732200444,117.10732042495631,72.0143882655118,4.126455060676204,1.6530098980758678,0.9999337056570128,0.9999966518008584,0.9999737535007802,1.0000064108403657,0.0,483.96774164389547,319.1636613034961,319.1636613034965,568.8837255774652,957.6552435443036,623.1471372192041,201.70425429421985,167.6803081457661,50.64881263526988,57.30042509647189,0.0103356687762641,0.0116062379413648,True,,177.0,759.0,0,False,2.117600296656445,0.02
refine_intermediate_0.02_R1.780_C0.700,modifier,intermediate,1.78,0.7,140.0,90.0,139.95366838673382,89.7625889323308,ok,157.10945014399476,137.29252756533407,94.51905983209195,116.94493834117718,72.01453383088493,4.123039350714637,1.652095857549099,0.9999491735554582,0.9999974330078512,0.999979521161329,1.000005145986838,0.0,483.100109711337,334.77230978550625,334.77230978550585,567.5431992739907,953.0897035048298,621.7553938323023,201.26041691688292,167.50874922754514,42.7734677332421,57.25287843141444,0.010577335290435,0.012842408056656,True,,154.0,745.0,0,False,29.705685891594985,0.02
refine_intermediate_0.02_R1.780_C0.660,modifier,intermediate,1.78,0.66,140.0,90.0,139.95366838673382,89.7625889323308,ok,179.5504346159869,138.46066833177204,93.33174371357931,117.00035627858436,72.01397043884141,4.124914213106077,1.6521000501081982,0.9999395129287724,0.9999969450974134,0.999975183836743,1.0000063104375796,0.0,484.77948944308514,328.45494014690934,328.4549401469097,570.1125850512319,954.9737316451132,624.6875766716582,202.04321108428968,168.13871799898703,45.12892461819271,57.279361045773776,0.0090602113742761,0.0102565597569537,True,,176.0,744.0,0,False,14.967915016625115,0.02
refine_intermediate_0.02_R1.780_C0.620,modifier,intermediate,1.78,0.62,140.0,90.0,139.95366838673382,89.7625889323308,ok,210.33318329800383,139.9173792080365,92.45612896351552,117.33378742503916,72.01615741269698,4.099757708670404,1.6674148571780445,1.0000546716008252,1.0000027611919602,1.0000256499307498,0.999992528554333,0.0,485.8594513450082,303.4011153171069,303.4011153171046,571.2945892246911,959.0539751587748,625.9318686631354,202.4858860559136,168.45852333218352,47.46125024452098,56.9283040912092,0.0173313831905659,0.0174800464604771,True,,,,0,False,7.256474804085058,0.02
refine_intermediate_0.02_R1.800_C0.520,modifier,intermediate,1.8,0.52,140.0,90.0,139.95366838673382,89.7625889323308,ok,161.13458968300256,143.85663674385788,89.04327458773248,117.56216061928303,72.0160614613333,4.09406117332639,1.673068056837169,1.0000504745675092,1.0000025492205826,1.0000239649806415,0.9999930452472116,0.0,479.281491457123,302.3790596670059,302.3790596670059,563.0994001021814,950.1566952621852,616.6005279279764,199.75056372879808,165.87698570199194,54.81336215612539,56.84927903929548,0.0173706001476432,0.0145302510634905,True,,159.0,795.0,0,False,15.750575123056532,0.02
refine_intermediate_0.02_R1.780_C0.600,modifier,intermediate,1.78,0.6,140.0,90.0,139.95366838673382,89.7625889323308,ok,216.7556776349957,140.61284274771265,91.74254523363996,117.35862580490038,72.01486446792039,4.09986385949697,1.667713332581194,0.9999657866738182,0.9999982720542344,0.9999872685392474,1.000002843456664,0.0,485.6585854039331,300.3336226729099,300.3336226729094,570.9883708301159,960.2297847275802,625.5479975753256,202.40295235934047,168.3442627558433,48.87029751407269,56.930800186721,0.012805920889491,0.0140016792685173,True,,,,0,False,4.354737793265684,0.02
refine_intermediate_0.02_R1.800_C0.540,modifier,intermediate,1.8,0.54,140.0,90.0,139.95366838673382,89.7625889323308,ok,156.73029585799668,143.008314332764,89.69539455169273,117.54240515491752,72.01436193079743,4.094115492502015,1.6727873711385584,0.9999332709258684,0.9999966298447404,0.9999735102566684,1.000006489718388,0.0,479.8464580577819,308.7990224254704,308.79902242547007,563.89859510258,950.4414833317114,617.5729464004833,199.98612611537152,166.1583702520124,53.31291978107127,56.85137495818231,0.009700761694944,0.0081373428390634,True,,155.0,789.0,0,False,9.335376940387931,0.02
refine_intermediate_0.02_R1.800_C0.560,modifier,intermediate,1.8,0.56,140.0,90.0,139.95366838673382,89.7625889323308,ok,155.6785020279931,142.2038104225429,90.31637009494618,117.5130999413378,72.01538338659654,4.095070284146182,1.6719418278814553,1.0000000000637912,1.000000000003222,1.000000495665915,0.999999327573338,0.0,480.2400806187545,313.3071338199365,313.3071338199351,564.4822289448763,950.4849031431116,618.2953769692306,200.15074752180996,166.37010703986758,51.88744032759671,56.86382674883259,0.015114901849671,0.0138850756602124,True,,153.0,774.0,0,False,5.369812757382594,0.02
refine_intermediate_0.02_R1.780_C0.560,modifier,intermediate,1.78,0.56,140.0,90.0,139.95366838673382,89.7625889323308,ok,262.7655931499903,142.10944441239363,90.18885706510608,117.3904310361473,72.01541525152284,4.101505376044576,1.6674277383765397,1.000004564623342,1.0000002305365316,1.0000040393832377,0.9999983424828404,0.0,476.325533432391,294.268468579792,294.26846857979285,557.8554381180237,954.028714032555,609.6924740593247,198.50206523892624,163.81934409201014,51.92058734728755,56.95315873302342,0.0154847297800131,0.0088960970573594,True,,,,0,False,4.829074793829303,0.02
refine_intermediate_0.02_R1.800_C0.580,modifier,intermediate,1.8,0.58,140.0,90.0,139.95366838673382,89.7625889323308,ok,196.2409708560153,141.57569663857686,91.55019612565238,117.7537111040376,72.01606401055214,4.0694227836301415,1.6863492628990464,1.000050508850868,1.0000025509520638,1.0000238606089664,0.9999930300738066,0.0,477.7832590973916,295.10763281415325,295.10763281415245,560.7693108841717,950.134126628028,613.6880299063322,199.11490888187456,165.0386730569296,50.02550051292448,56.50715350166693,0.0170218710169365,0.0173217731449,True,,,,0,False,5.826515127392014,0.02
refine_intermediate_0.02_R1.800_C0.640,modifier,intermediate,1.8,0.64,140.0,90.0,139.95366838673382,89.7625889323308,ok,143.8798098200059,139.34340689931062,93.26726626518442,117.41397006498566,72.01388300335368,4.09377882642132,1.6710785322096453,0.9999384539068634,0.999996891611458,0.9999746912468748,1.0000064476716737,0.0,481.2245855492425,325.4015860402355,325.4015860402364,565.9345655260774,948.2189276400486,620.0997587602849,200.56143041194255,166.90309559484643,46.076140634126205,56.84707803119952,0.0069493300979956,0.0096527433921806,True,,141.0,760.0,0,False,12.655182290449924,0.02
refine_mild_0.02_R1.200_C0.620,modifier,mild,1.2,0.62,130.0,80.0,129.01287026934924,80.18649564356137,ok,114.69960262201494,129.9061908797037,72.9659359322394,102.98915876192656,72.01350386425057,5.271481266250934,1.1230498464551235,0.9998428030561892,0.9999920607604136,0.9999335695673416,1.0000173919103523,0.0,606.5413798614412,397.8539839554479,397.8539839554484,708.9750119497005,1222.76361792333,774.278996467365,252.81847876315044,207.787133480286,56.9402549474643,73.20128841651653,0.0037034353434535,0.0049697130177577,True,,113.0,600.0,0,False,52.934504257650055,0.02
refine_intermediate_0.02_R1.800_C0.620,modifier,intermediate,1.8,0.62,140.0,90.0,139.95366838673382,89.7625889323308,ok,189.7423040370049,139.9979200811771,92.58220558866763,117.43234257035628,72.01443548552464,4.0949864788666535,1.6708292642547666,0.9999491168865772,0.9999974301457872,0.999980096769185,1.0000047977255917,0.0,481.0080258013962,323.09429877032574,323.0942987703234,565.6210036137538,949.227903909066,619.7130809242043,200.47114919473316,166.78924745613625,47.415714492509466,56.86341149879279,0.0104096473852735,0.0119148398186155,True,,187.0,755.0,0,False,7.952196301153288,0.02
refine_intermediate_0.02_R1.800_C0.660,modifier,intermediate,1.8,0.66,140.0,90.0,139.95366838673382,89.7625889323308,ok,153.19433956200373,138.71761801293397,93.9002374441408,117.3834951675168,72.01459731986358,4.093520106163445,1.6707575550071614,0.9999512094615112,0.9999975358313896,0.9999803309559298,1.0000049393715713,0.0,480.9288015512672,327.8958242552316,327.8958242552312,565.2840824914026,947.159824577453,619.4697196938184,200.35562836213373,166.92919621505297,44.81738056879316,56.84292155354927,0.0108054907002497,0.0128683243368357,True,,150.0,755.0,0,False,18.647955733854385,0.02
refine_intermediate_0.02_R1.800_C0.680,modifier,intermediate,1.8,0.68,140.0,90.0,139.95366838673382,89.7625889323308,ok,146.115575437987,138.11614754095825,94.50379388108706,117.35173272246126,72.01291790493022,4.0924279973168165,1.6707453305137965,0.9998757919944504,0.9999937268684062,0.999947255082024,1.0000138716945657,0.0,479.7199953218196,326.07090154590753,326.07090154590765,563.6220573654163,946.2141169842624,617.477922625728,199.85231915449663,166.36118550573389,43.61235365987119,56.8290817311353,0.0067837092525167,0.0075052961441457,True,,144.0,755.0,0,False,25.855507224770648,0.02
refine_mild_0.02_R1.200_C0.720,modifier,mild,1.2,0.72,130.0,80.0,129.01287026934924,80.18649564356137,ok,110.35584481898697,126.53264380705112,76.34308124609552,102.91488571611538,72.01143820573154,5.268122556796445,1.122995366653854,0.999700336140199,0.9999848654616252,0.9998714088100044,1.0000341618653066,0.0,611.4378288514372,413.0670044150522,413.0670044150505,715.8947165918682,1225.2408746347755,782.692657331593,254.85459361886893,210.2215733709756,50.18956256095561,73.15674687326471,0.0106233859897741,0.0054916094076133,True,,108.0,600.0,0,False,20.923357534931554,0.02
refine_mild_0.02_R1.200_C0.660,modifier,mild,1.2,0.66,130.0,80.0,129.01287026934924,80.18649564356137,ok,147.21632822797983,128.46864223770297,74.34497838041491,102.96541898991347,72.01257493295415,5.270428461016861,1.1230173787078608,0.9997844394293848,0.9999891131024944,0.9999101996813424,1.0000231251640148,0.0,608.8515120703044,404.59364196889146,404.59364196889175,712.2361402401343,1224.0091659396046,778.2358647601301,253.77956000788487,208.9299689970789,54.12366385728805,73.18761294015367,0.0120432607650968,0.0081738464873097,True,,144.0,600.0,0,False,34.41950808606765,0.02
refine_mild_0.02_R1.200_C0.760,modifier,mild,1.2,0.76,130.0,80.0,129.01287026934924,80.18649564356137,ok,117.08701893599935,125.38648194584152,77.52349935381795,102.87435531415156,72.01144094916486,5.266409134026719,1.122949608672093,0.9996658985769128,0.9999831261907528,0.9998594783312283,1.0000365671450449,0.0,612.7546605382059,417.80933946668085,417.8093394666821,717.7895549385725,1225.69803718568,785.0089376261441,255.40121012554448,210.8971651990412,47.86298259202357,73.1329503286074,0.017127281398487,0.0097892368327734,True,,115.0,600.0,0,False,20.24224151206028,0.02
refine_mild_0.02_R1.200_C0.640,modifier,mild,1.2,0.64,130.0,80.0,129.01287026934924,80.18649564356137,ok,151.45819185700384,129.1748731675402,73.60985708055907,102.9779810991478,72.01353999252504,5.2710696554662375,1.1230390753586226,0.999850233312166,0.9999924360258672,0.9999365732079212,1.0000166426281516,0.0,607.7826368652989,401.3656256247594,401.3656256247606,710.7285708993829,1223.449918148381,776.4069620225334,253.33506879478855,208.4010183400447,55.56501608698113,73.19553595078608,0.0048357312302584,0.0068583167889642,True,,148.0,600.0,0,False,43.278419727391295,0.02
refine_mild_0.02_R1.200_C0.740,modifier,mild,1.2,0.74,130.0,80.0,129.01287026934924,80.18649564356137,ok,123.97773815499386,125.94370977402744,76.94755959260428,102.8958726114622,72.01172322903957,5.267336061367715,1.1229653246901687,0.9997014025825456,0.9999849193223512,0.9998750814907822,1.0000322058606834,0.0,612.1285416604965,415.5270363186945,415.5270363186928,716.8943673425545,1225.5002826901698,783.9154524251196,255.14143711185972,210.57772779865263,48.99615018142316,73.14553554862856,0.0127846104542328,0.0068971275071305,True,,121.0,600.0,0,False,19.910452888233465,0.02
refine_mild_0.02_R1.220_C0.620,modifier,mild,1.22,0.62,130.0,80.0,129.01287026934924,80.18649564356137,ok,118.07786290999502,130.32991104083715,73.68800474961415,103.5954146555646,72.01360081851831,5.2222956271611904,1.1410800148561195,0.9997948059442936,0.9999896366638528,0.9999149138528154,1.0000217977698282,0.0,601.5180603691263,395.5150663254872,395.5150663254876,703.3457021448382,1211.1834868243725,768.2869018588594,250.7224475400125,206.2162088353124,56.64190629122302,72.51818500677271,0.0107851118285964,0.0098507662979727,True,,116.0,600.0,0,False,43.96498029247649,0.02
refine_mild_0.02_R1.220_C0.600,modifier,mild,1.22,0.6,130.0,80.0,129.01287026934924,80.18649564356137,ok,122.5159665599931,131.09838817039105,72.97826098470316,103.60513353422832,72.01221909033563,5.22256794338769,1.1410764977365124,0.999744400429706,0.9999870909307934,0.9998910849714696,1.000028751527728,0.0,600.237908017306,391.8171596422063,391.8171596422071,701.5456837672011,1210.48341623254,766.1036920034396,250.1901138013073,205.58500129398163,58.12012718568789,72.52335797118329,0.0058453508511604,0.0058461679842594,True,,120.0,600.0,0,False,56.30803181273068,0.02
refine_mild_0.02_R1.200_C0.680,modifier,mild,1.2,0.68,130.0,80.0,129.01287026934924,80.18649564356137,ok,151.56797163400915,127.79437003061764,75.04430978007574,102.9509143238256,72.01375269101477,5.270041276782191,1.1230153280454571,0.9997960081200924,0.9999896973798026,0.999915763863575,1.000021596640249,0.0,609.801514444249,407.6004209005344,407.600420900534,713.5766041245681,1224.463131261617,779.866250717095,254.17422478222835,209.40351416517157,52.75006025054191,73.1810394522009,0.0111442629313529,0.0108672039033734,True,,148.0,600.0,0,False,27.92681828642047,0.02
refine_mild_0.02_R1.200_C0.780,modifier,mild,1.2,0.78,130.0,80.0,129.01287026934924,80.18649564356137,ok,153.92086480301805,124.8556833294478,78.0771311972687,102.85457681012517,72.01267899231341,5.2652969891875525,1.123011209991612,0.9997473784269704,0.9999872413346952,0.999894025494778,1.0000275348746834,0.0,613.2900585122679,420.0428595170016,420.0428595170005,718.5629831445224,1225.83568966769,785.960090354976,255.6234624728238,211.174711565388,46.77855213217909,73.11624928923374,0.0073241167942939,0.0058388180055004,True,,151.0,600.0,0,False,21.73162162057078,0.02
refine_mild_0.02_R1.220_C0.660,modifier,mild,1.22,0.66,130.0,80.0,129.01287026934924,80.18649564356137,ok,112.93341017898638,128.88428311172152,75.18952997398694,103.56909402037373,72.0113715430021,5.220940527981838,1.141059223571391,0.999695810545076,0.999984636896216,0.999870689208713,1.0000343783981176,0.0,603.6564255735352,402.15464033177,402.154640331768,706.3544097942863,1212.372356748242,771.9389449937553,251.6121958249077,207.26951252383188,53.69475313773458,72.50161212197044,0.0119274335508521,0.0059617928529718,True,,111.0,600.0,0,False,24.98620056001227,0.02
refine_mild_0.02_R1.220_C0.680,modifier,mild,1.22,0.68,130.0,80.0,129.01287026934924,80.18649564356137,ok,118.4410931049788,128.21366158194485,75.88567722854505,103.55437535818328,72.01177686694692,5.220303815684096,1.1410440682387746,0.999712156276096,0.9999854624381868,0.9998791161864152,1.0000314288262375,0.0,604.5580286554971,405.124950219633,405.1249502196322,707.6423868893023,1212.796198495139,773.5066553656869,251.98697330902348,207.72413092075664,52.3279843533998,72.49236226082058,0.0137505394596075,0.0071069427709176,True,,116.0,600.0,0,False,19.13577356496616,0.02
refine_mild_0.02_R1.220_C0.700,modifier,mild,1.22,0.7,130.0,80.0,129.01287026934924,80.18649564356137,ok,120.48399103299016,127.57808308727786,76.54811460507095,103.53737532797712,72.0120429217464,5.219648857028124,1.1410319725636369,0.9997016961848442,0.9999849341507498,0.9998748213428824,1.0000324808638257,0.0,605.3765451245538,407.87375996588935,407.8737599658872,708.800737017074,1213.148570153171,774.915143074504,252.32690182643856,208.1330960275645,51.02996848220691,72.48299930471602,0.0182782643157253,0.010444720752389,True,,118.0,600.0,0,False,15.29643083908296,0.02
refine_mild_0.02_R1.220_C0.720,modifier,mild,1.22,0.72,130.0,80.0,129.01287026934924,80.18649564356137,ok,117.96795394498622,126.97633975933763,77.18120868868209,103.51992416131912,72.01259554498657,5.21866206362488,1.1410803895457051,0.9997423845615668,0.99998698911927,0.9998920023441804,1.0000280657634475,0.0,606.0928894813053,410.5355010582175,410.5355010582164,709.8176147924978,1213.4510320958034,776.156183943752,252.624670681285,208.4931202045104,49.79513107065554,72.46874000486152,0.0082398088371462,0.0056475933919699,True,,116.0,600.0,0,False,13.1792061993757,0.02
refine_mild_0.02_R1.220_C0.640,modifier,mild,1.22,0.64,130.0,80.0,129.01287026934924,80.18649564356137,ok,154.0187849169888,129.58772396937945,74.45673162904775,103.58215914644202,72.01165730431846,5.221444891183287,1.1410768196669787,0.9997121586574178,0.999985462558456,0.9998766782916946,1.00003271192724,0.0,602.6364876547275,398.96281060201807,398.9628106020168,704.9132687073601,1211.8330409501928,770.1892013312661,251.18779706941524,206.76366854323783,55.1309923403317,72.50832832686608,0.0092193123722381,0.0049532018767877,True,,151.0,600.0,0,False,33.16065243845367,0.02
refine_mild_0.02_R1.220_C0.760,modifier,mild,1.22,0.76,130.0,80.0,129.01287026934924,80.18649564356137,ok,136.23361211101292,125.83764105324408,78.34697736735228,103.46980327343309,72.00597952489436,5.2165807149283925,1.1409876939342831,0.9992811316486832,0.9999636935176102,0.9996939944423954,1.0000808126474117,0.0,607.370305156948,415.2384307563733,415.2384307563729,711.63714421793,1213.964270570806,778.3790736586482,253.1551506136151,209.1415605466885,47.4906636858918,72.44649332386186,0.0181386578609306,0.0129939753614252,True,,133.0,600.0,0,False,13.465908063315002,0.02
refine_mild_0.02_R1.220_C0.740,modifier,mild,1.22,0.74,130.0,80.0,129.01287026934924,80.18649564356137,ok,144.65593820199138,126.3980912427608,77.78246126436935,103.49915095258162,72.01149033834915,5.217744298273038,1.141050127755023,0.9996570965199651,0.999982681642422,0.9998564282719996,1.000037341143559,0.0,606.76296124275,412.96880654089136,412.96880654089193,710.7707448788844,1213.708194198427,777.322764410763,252.90310831898236,208.8319744364761,48.61562997839147,72.45710752210844,0.0086166114789278,0.0058889082181678,True,,142.0,600.0,0,False,12.61645065422389,0.02
refine_mild_0.02_R1.220_C0.780,modifier,mild,1.22,0.78,130.0,80.0,129.01287026934924,80.18649564356137,ok,125.61726695200196,125.3140375094097,78.90471556781978,103.45684872907464,72.01314344989237,5.215810180142565,1.1410408851249425,0.999813137299588,0.9999905624898776,0.9999215819703342,1.0000203842331683,0.0,607.8338756359558,417.3724162407845,417.3724162407813,712.3385210403378,1213.9422499053449,779.2555608278936,253.34724405904024,209.3986486215593,46.40932194158992,72.42858637009493,0.0134499091144562,0.0065239295834231,True,,123.0,600.0,0,False,15.324323948570042,0.02
refine_mild_0.02_R1.240_C0.600,modifier,mild,1.24,0.6,130.0,80.0,129.01287026934924,80.18649564356137,ok,113.71405332200813,131.504412579298,73.7165473686303,104.19890644802877,72.01138421900873,5.173983945664714,1.15911472004799,0.9996971880578136,0.9999847064675672,0.9998722408452212,1.0000339790293384,0.0,595.312606358257,389.5408710996864,389.5408710996826,696.0171409503639,1199.1876197472577,760.2182593391499,248.13527761073183,204.03941052019584,57.78786521066769,71.84952770702255,0.0126787635917366,0.0060024061808974,True,,112.0,600.0,0,False,48.06801376254832,0.02
refine_mild_0.02_R1.240_C0.640,modifier,mild,1.24,0.64,130.0,80.0,129.01287026934924,80.18649564356137,ok,124.0129696019867,129.99371799551187,75.29237386859032,104.1768415471683,72.01171184450897,5.173171513647494,1.15909416710383,0.9996830391861332,0.999983991878087,0.999866827693372,1.000034584044172,0.0,597.5770518960965,396.53483081177455,396.53483081177217,699.2083648885898,1200.4113850776153,764.0851030890958,249.0770246161281,205.1567128848941,54.70134412692156,71.83791887655228,0.0170390209137281,0.0095924029600666,True,,122.0,600.0,0,False,24.91449021016424,0.02
refine_mild_0.02_R1.240_C0.700,modifier,mild,1.24,0.7,130.0,80.0,129.01287026934924,80.18649564356137,ok,112.92167621100089,128.0114886651848,77.3666138675499,104.12166187334196,72.00563084139395,5.170772449945893,1.1590535085139106,0.9992679687241086,0.9999630287234392,0.9996881306239552,1.000082393855475,0.0,600.1907830064808,405.4133482536936,405.4133482536933,702.8962525175218,1201.730785920019,768.5668719894421,250.16369833392716,206.4552422075512,50.6448747976349,71.81066799255602,0.0191600502105018,0.0134379275701803,True,,111.0,600.0,0,False,8.954498347840545,0.02
refine_mild_0.02_R1.240_C0.660,modifier,mild,1.24,0.66,130.0,80.0,129.01287026934924,80.18649564356137,ok,122.3534268999938,129.30561438046317,76.02368397394957,104.16428031220232,72.01248681567846,5.172399315814165,1.1591281103767797,0.9997358314934468,0.999986658156234,0.9998893929584696,1.0000287446911749,0.0,598.5284449827595,399.74702668383287,399.74702668383367,700.544140596129,1200.899798137595,765.7104759817275,249.472740626311,205.62606334429253,53.2819304065136,71.82642267379714,0.0086562713231899,0.0053809479873763,True,,120.0,600.0,0,False,17.414700111248056,0.02
refine_mild_0.02_R1.240_C0.680,modifier,mild,1.24,0.68,130.0,80.0,129.01287026934924,80.18649564356137,ok,132.63378593800007,128.64680416483316,76.7167472529532,104.14750023667172,72.01139089333304,5.171748050957306,1.1591113043116632,0.9996521305319928,0.9999824308349496,0.9998540337504912,1.0000378872395128,0.0,599.3967636279381,402.6840353953287,402.6840353953284,701.7742458487982,1201.321430378342,767.2050782791423,249.83384002195888,206.05865616735457,51.93005691187996,71.81847186673514,0.0095371929662917,0.0056838514972099,True,,130.0,600.0,0,False,12.173158287003591,0.02
refine_mild_0.02_R1.220_C0.800,modifier,mild,1.22,0.8,130.0,80.0,129.01287026934924,80.18649564356137,ok,151.49129981998703,124.80974227816344,79.43219609652269,103.43867259082508,72.01532579224676,5.214813728962286,1.1410677906899414,0.999918027942704,0.9999958599971072,0.9999675164457776,1.0000079489191551,0.0,608.3066400199023,419.4241776406368,419.424177640636,713.0213441962011,1213.1551282483942,780.0956884257973,253.5435273277872,209.6434725281894,45.37754618164077,72.41255484986944,0.0133674278655604,0.0093918219463802,True,,148.0,600.0,0,False,18.235252716952186,0.02
refine_mild_0.02_R1.240_C0.620,modifier,mild,1.24,0.62,130.0,80.0,129.01287026934924,80.18649564356137,ok,149.7022997919994,130.73081122180244,74.5253236529269,104.18968449247156,72.0118309237578,5.173613883664306,1.1591033269968862,0.9997167510492112,0.9999856944974348,0.9998810753874916,1.0000309280603994,0.0,596.5005612232658,393.1785980773101,393.1785980773092,697.6977840848778,1199.8423994060208,762.2556415742251,248.6294866971751,204.6278650732874,56.20548756887554,71.84394310348596,0.0141283647539012,0.0072002309300387,True,,147.0,600.0,0,False,35.00018942366009,0.02
refine_mild_0.02_R1.240_C0.720,modifier,mild,1.24,0.72,130.0,80.0,129.01287026934924,80.18649564356137,ok,121.674548400013,127.420388765416,78.00711693382543,104.11434401398144,72.01415525056319,5.1701617071362005,1.1591235530331072,0.9998891561998332,0.9999944018282751,0.9999539533222316,1.0000118487088805,0.0,600.8175586770421,407.9782343888707,407.9782343888704,703.8188957927902,1201.8372122215865,769.7101013224352,250.42386955879695,206.78792970689045,49.41327183159056,71.79368679875985,0.0125019655192772,0.0069505232067399,True,,119.0,600.0,0,False,7.285688900819785,0.02
refine_mild_0.02_R1.240_C0.740,modifier,mild,1.24,0.74,130.0,80.0,129.01287026934924,80.18649564356137,ok,119.07713289099048,126.85046941161352,78.60845605052471,104.09784560439157,72.01541533275662,5.169308937551413,1.1591370156393457,0.9999249000504818,0.999996207073258,0.9999706506331222,1.00000706266067,0.0,601.4484205767752,410.4136551219998,410.4136551219969,704.7211628728028,1202.0705705562118,770.809575032644,250.68608544484255,207.10697096301868,48.24201336108882,71.78058910951145,0.0140122120673424,0.0106071304861501,True,,117.0,600.0,0,False,7.16618642672743,0.02
refine_mild_0.02_R1.240_C0.760,modifier,mild,1.24,0.76,130.0,80.0,129.01287026934924,80.18649564356137,ok,116.57103260600708,126.30084447491544,79.17978992832548,104.07718021648935,72.01603849400414,5.168380850494504,1.1591301144426025,0.9999603355153346,0.9999979967432008,0.999985977034898,1.0000029047577823,0.0,601.9951529625457,412.6702890992983,412.6702890992991,705.5154837687705,1202.2082247204162,771.7832913174798,250.91314442701383,207.3905861585689,47.12105454658996,71.76708075833427,0.0166433917849531,0.0119689935683879,True,,114.0,600.0,0,False,8.368540306762897,0.02
refine_mild_0.02_R1.240_C0.780,modifier,mild,1.24,0.78,130.0,80.0,129.01287026934924,80.18649564356137,ok,141.9328612870013,125.77031569330492,79.72572513240603,104.05290229309225,72.01761828905256,5.167608799963247,1.1590917883637724,1.0000140549130356,1.0000007098440933,1.000010697180728,0.9999958517636024,0.0,602.4720711715211,414.7966090966901,414.79660909669263,706.2182749797464,1201.1271013461237,772.6543541981707,251.11086472271285,207.6479828407521,46.04459056089888,71.75478615833062,0.0245099081025017,0.0149015048080229,True,,139.0,600.0,0,False,10.726469642576363,0.02
refine_mild_0.02_R1.260_C0.620,modifier,mild,1.26,0.62,130.0,80.0,129.01287026934924,80.18649564356137,ok,116.57760492200032,131.138425515501,75.35226938876806,104.7726669073672,72.01105503090334,5.126039835879816,1.1771559123289754,0.9996318295604528,0.9999814055333568,0.9998446906939225,1.0000403239820108,0.0,591.5563315982629,390.8715079278553,390.8715079278528,692.1053886957673,1188.685929531795,756.2722361196081,246.56686395661507,203.05096006488677,55.78615612673295,71.18406796956371,0.0114648443909004,0.0056053131198154,True,,114.0,600.0,0,False,27.88772858697627,0.02
refine_mild_0.02_R1.260_C0.600,modifier,mild,1.26,0.6,130.0,80.0,129.01287026934924,80.18649564356137,ok,142.5367545769841,131.89777097504972,74.54710923819333,104.78476626739284,72.01321424298476,5.126399814096809,1.1771790547192156,0.9998186808086938,0.9999908424650856,0.999924596126861,1.0000193641427608,0.0,590.3941163536867,387.2533133309208,387.25331333092015,690.4842177915243,1187.9908811621797,754.3088514240169,246.08299453980987,202.485497527178,57.3506617368564,71.18693239826054,0.0118970852820439,0.007123506409485,True,,140.0,600.0,0,False,40.12533111080107,0.02
refine_mild_0.02_R1.260_C0.680,modifier,mild,1.26,0.68,130.0,80.0,129.01287026934924,80.18649564356137,ok,113.17002108201268,129.083123787275,77.53952760311289,104.73681355855187,72.01540844936787,5.124255334302886,1.177196150230715,0.9999236117508709,0.9999961420076192,0.999969760606448,1.000007266040341,0.0,594.2789317359086,400.2461337375629,400.2461337375629,695.9706338795168,1189.981050425932,760.9724213941768,247.69884618214,204.41115479990825,51.543596184162126,71.15498536546681,0.0142918024898506,0.0106126525295735,True,,110.0,600.0,0,False,7.011375363936638,0.02
refine_mild_0.02_R1.240_C0.800,modifier,mild,1.24,0.8,130.0,80.0,129.01287026934924,80.18649564356137,ok,152.58338382001966,125.26134338447424,80.2428793609536,104.0279253769934,72.01525286890424,5.166189680647886,1.1591054956987634,0.9999916327700034,0.9999995774126244,0.9999974413293182,1.000000410783977,0.0,602.8864938479534,416.7630039303309,416.7630039303308,706.8182778042195,1200.0010177405702,773.397039656686,251.28227657145092,207.86655051485545,45.01846402352064,71.73743720725885,0.0113751349470874,0.0124130926254224,True,,149.0,600.0,0,False,14.077133091526928,0.02
refine_mild_0.02_R1.260_C0.640,modifier,mild,1.26,0.64,130.0,80.0,129.01287026934924,80.18649564356137,ok,121.88028330297676,130.41225866829885,76.10974817223052,104.75410061480532,72.00660426052237,5.125276746225007,1.1771169597818436,0.9993376744036558,0.9999665492123052,0.9997179277908748,1.0000743747634449,0.0,592.592273465252,394.2020864546152,394.2020864546161,693.560520830428,1189.277529074102,758.0322807922466,246.99759311867496,203.56053996346003,54.30251049606832,71.17787040313107,0.0178837618209115,0.0115867273784573,True,,120.0,600.0,0,False,18.578157836117217,0.02
refine_mild_0.02_R1.260_C0.700,modifier,mild,1.26,0.7,130.0,80.0,129.01287026934924,80.18649564356137,ok,113.70325923801283,128.4595672946977,78.1966819180576,104.72016446505708,72.01625179980509,5.123564857631549,1.1772022200961458,0.9999784457513758,0.9999989114015831,0.9999938779490238,1.0000008093226818,0.0,595.0045440658708,402.960120529208,402.9601205292052,697.0098658700015,1190.2739618039182,762.2368411583295,248.0005726456562,204.77750079441896,50.2628853766401,71.1445643113214,0.0174313828601384,0.0122756138235615,True,,112.0,600.0,0,False,4.265502843961405,0.02
refine_mild_0.02_R1.260_C0.660,modifier,mild,1.26,0.66,130.0,80.0,129.01287026934924,80.18649564356137,ok,139.54717348798297,129.73312134870037,76.84675595023376,104.74945118961816,72.01415526601937,5.124903937302397,1.1771839723679198,0.9998880057745464,0.9999943437259862,0.999953541855298,1.0000119315524825,0.0,593.4490370262807,397.3126188467794,397.3126188467761,694.795520046851,1189.5826272115569,759.5468273656622,247.35365839767476,203.99912859217463,52.88636539846661,71.16523020191055,0.0126986775862576,0.0070124572123972,True,,136.0,600.0,0,False,11.672622836494504,0.02
refine_mild_0.02_R1.260_C0.740,modifier,mild,1.26,0.74,130.0,80.0,129.01287026934924,80.18649564356137,ok,119.16057760998956,127.2854066534075,79.41573478849747,104.67712842240906,72.01503133027893,5.121628549744927,1.1771692806896246,0.9999756877317793,0.999998772107666,0.9999903789952324,1.0000023349188747,0.0,596.2062676134353,407.8517134567919,407.85171345678987,698.7402163946556,1190.605895613156,764.3628254668472,248.49932207584004,205.3992685592856,47.86967186491003,71.11888247685206,0.0108698587801825,0.0106989995506552,True,,117.0,600.0,0,False,3.578202840101308,0.02
refine_mild_0.02_R1.260_C0.720,modifier,mild,1.26,0.72,130.0,80.0,129.01287026934924,80.18649564356137,ok,125.67659487601486,127.85983586511972,78.82353131456549,104.69956150327418,72.01765911669168,5.12291953499515,1.1771622991630792,1.0000093386923932,1.0000004716511306,1.0000089033906885,0.9999962701420724,0.0,595.6458966769973,405.50337215421456,405.5033721542141,697.9372319904446,1190.4993292382164,763.3780713076335,248.266803894054,205.1113307541356,49.03630455055424,71.13421343915635,0.0243917644916535,0.0143818276302454,True,,123.0,600.0,0,False,3.1871600994521208,0.02
refine_mild_0.02_R1.260_C0.800,modifier,mild,1.26,0.8,130.0,80.0,129.01287026934924,80.18649564356137,ok,125.74295816899394,125.70837534709356,81.04222970717389,104.6094899521242,72.01646327775472,5.118799995975834,1.1771388548201056,1.0000082741644762,1.0000004178870934,1.0000059374338386,0.9999977454967112,0.0,597.5794439937455,414.12892481325423,414.1289248132522,700.7492336820876,1187.1780234338928,766.8459591183421,249.0685440582002,206.12788003738524,44.66614563991968,71.0781918883399,0.0224827238244103,0.0140299552899278,True,,124.0,600.0,0,False,11.651967478840303,0.02
refine_mild_0.02_R1.280_C0.620,modifier,mild,1.28,0.62,130.0,80.0,129.01287026934924,80.18649564356137,ok,116.3710193829902,131.55715723267764,76.17248896465901,105.3527189390644,72.01530078075754,5.079489821131814,1.1952444761053491,0.9999178735308868,0.9999958521985298,0.9999672233544702,1.0000080532282292,0.0,586.6479938812267,388.5668802035936,388.5668802035936,686.5647741906487,1177.645502103555,750.3392563794592,244.5191814464838,201.4861547104068,55.38466826801863,70.53348060845775,0.0139955839448475,0.0091458924154608,True,,114.0,600.0,0,False,22.58564577003564,0.02
refine_mild_0.02_R1.280_C0.640,modifier,mild,1.28,0.64,130.0,80.0,129.01287026934924,80.18649564356137,ok,112.07861524701002,130.84170992770913,76.93502777677024,105.34157443903872,72.01608708752795,5.078979760242936,1.1952510149322024,0.9999680290173278,0.9999983853039044,0.9999891086317264,1.0000020831427816,0.0,587.61359785586,391.8733279201679,391.8733279201679,687.9336888732107,1178.1357197703642,751.9976158886818,244.9210330441656,201.96519957295328,53.90668215093889,70.52562789297302,0.0171793075074617,0.012053399772725,True,,110.0,600.0,0,False,13.916697784765212,0.02
refine_mild_0.02_R1.260_C0.760,modifier,mild,1.26,0.76,130.0,80.0,129.01287026934924,80.18649564356137,ok,150.69637470098678,126.739880351382,79.98377939227007,104.6566878262853,72.01507332951918,5.120644887148756,1.177160755120401,0.9998959016888668,0.9999947425095388,0.9999572817754656,1.000010819194222,0.0,596.7451324283915,410.07489678085705,410.0748967808579,699.5185929883185,1189.4592303341567,765.3178806779404,248.723048925223,205.67662918816265,46.75610095911193,71.10518187933009,0.014011071928337,0.0087312190491815,True,,148.0,600.0,0,False,5.207577045718308,0.02
refine_mild_0.02_R1.280_C0.600,modifier,mild,1.28,0.6,130.0,80.0,129.01287026934924,80.18649564356137,ok,137.07324226998026,132.3034886135904,75.35991755462584,105.35460371676548,72.0086201481071,5.079877826470612,1.1951578291333012,0.9994762064155324,0.9999735457785622,0.9997777954520922,1.000058422259737,0.0,585.5914905330521,384.9678727314066,384.9678727314056,685.0682778606201,1177.1108931918748,748.5210534316636,244.07959180380232,200.9628472107468,56.94357105896455,70.54541270228947,0.0159763587103043,0.0072231317158752,True,,134.0,600.0,0,False,34.124025136048985,0.02
refine_mild_0.02_R1.260_C0.780,modifier,mild,1.26,0.78,130.0,80.0,129.01287026934924,80.18649564356137,ok,151.74707549801678,126.21363732497932,80.52549988478405,104.63479234015452,72.01618443592926,5.119752115909694,1.1771493036912897,0.9999754914432742,0.9999987621941058,0.9999921703302532,1.0000013430385977,0.0,597.1922732703475,412.166673717696,412.16667371769495,700.1701136881256,1188.2897136604745,766.1235197421962,248.90844678996476,205.9127201697888,45.68813744019526,71.09168801444335,0.0178623975145626,0.0111261357005787,True,,149.0,600.0,0,False,7.950628952412853,0.02
refine_mild_0.02_R1.280_C0.660,modifier,mild,1.28,0.66,130.0,80.0,129.01287026934924,80.18649564356137,ok,117.47827635298016,130.15612240016537,77.65918884486985,105.32635176296026,72.01704010951974,5.078468583932965,1.1952322133540128,1.0000269191764446,1.000001359554366,1.000014920150457,0.9999951653216912,0.0,588.4689951372135,394.9524163249846,394.952416324984,689.1533398952217,1178.5318843382995,753.4879664845448,245.27661506861995,202.3977576121076,52.49693355529553,70.5175966161605,0.0194306737730869,0.0135269751133648,True,,115.0,600.0,0,False,7.694305089328049,0.02
refine_mild_0.02_R1.280_C0.760,modifier,mild,1.28,0.76,130.0,80.0,129.01287026934924,80.18649564356137,ok,112.5825744390022,127.1692098116642,80.77347500615647,105.22610928622358,72.01436399111743,5.073804544383828,1.195183436486202,0.9998976282938734,0.999994829711812,0.9999565018531608,1.0000114228417272,0.0,591.5510302003217,407.4973787416325,407.4973787416325,693.5703220536577,1176.8485088058187,758.8960361978036,246.55617329879829,203.9730619496044,46.39573480550772,70.45545170696298,0.0112076031084598,0.0087007006987818,True,,110.0,600.0,0,False,3.743628655343989,0.02
refine_mild_0.02_R1.280_C0.740,modifier,mild,1.28,0.74,130.0,80.0,129.01287026934924,80.18649564356137,ok,120.58002758101792,127.71804749410708,80.2130653605235,105.25019138351335,72.01678148749093,5.075239559934357,1.1952063875785264,1.0000065435275602,1.0000003304811886,1.0000061111460026,0.9999975569125392,0.0,591.0755148090143,405.3218666179,405.3218666178988,692.8878411658786,1177.9701214768977,758.0572266142793,246.35886929871305,203.72782083237323,47.50498213358358,70.47301274933966,0.0221833593341926,0.0138516592173658,True,,118.0,600.0,0,False,1.677271969145239,0.02
refine_mild_0.02_R1.280_C0.720,modifier,mild,1.28,0.72,130.0,80.0,129.01287026934924,80.18649564356137,ok,126.37532205702156,128.2889858356166,79.61951412365381,105.27209687851152,72.01599793452311,5.0759760289002624,1.1952205641016016,0.9999611974358278,0.999998040274537,0.9999860196194176,1.000003006106775,0.0,590.5485749398299,402.97521130929823,402.9752113092975,692.1127003987004,1179.2195553416725,757.1010481324602,246.14048947859143,203.4478016303055,48.6694717119628,70.48400597760703,0.0173295646833082,0.0102938333195083,True,,124.0,600.0,0,False,0.8454767173170816,0.02
refine_mild_0.02_R1.280_C0.680,modifier,mild,1.28,0.68,130.0,80.0,129.01287026934924,80.18649564356137,ok,140.28885438200086,129.5016461561015,78.34434671389823,105.30717368149097,72.0152689329206,5.07752138883852,1.195229525376458,0.9999730563164372,0.9999986392079022,0.9999897767066406,1.0000023539284983,0.0,589.2265636618163,397.8001274412122,397.800127441211,690.2317159463695,1178.8824416940115,754.8018806394471,245.5912630814412,202.7796330699948,51.15729944220325,70.50617826016912,0.0118997183231499,0.012181107978094,True,,137.0,600.0,0,False,3.632414546529499,0.02
refine_mild_0.02_R1.280_C0.700,modifier,mild,1.28,0.7,130.0,80.0,129.01287026934924,80.18649564356137,ok,140.4415758360119,128.88227778987672,78.99788440754098,105.29021243522804,72.01500384622881,5.076699359013714,1.1952175329480816,0.9998942062681992,0.9999946568822322,0.9999564593656884,1.000011070912317,0.0,589.9378059625187,400.47171933214327,400.4717193321432,691.241737183469,1179.187222688227,756.033854808849,245.88684386847095,203.1360011329607,49.88439338233575,70.49502309065787,0.0137278951841608,0.0089150374003139,True,,138.0,600.0,0,False,1.4298510660887034,0.02
refine_mild_0.02_R1.280_C0.780,modifier,mild,1.28,0.78,130.0,80.0,129.01287026934924,80.18649564356137,ok,122.26829872198869,126.6468500342382,81.31229707938294,105.20444304998747,72.01443423911681,5.07284001676576,1.1951681938274623,0.9998854764441064,0.9999942159820264,0.9999528868539452,1.0000120025904446,0.0,592.0039316465422,409.5552389474192,409.55523894741975,694.228475827756,1175.7686366924404,759.7070849169995,246.7441862102692,204.2101091715717,45.33455295485527,70.44198944786397,0.0088241606299277,0.0063509340245531,True,,119.0,600.0,0,False,6.865480625852733,0.02
refine_mild_0.02_R1.300_C0.620,modifier,mild,1.3,0.62,130.0,80.0,129.01287026934924,80.18649564356137,ok,117.21139498701086,131.9634318757292,76.97696432184107,105.91748339395453,72.01746985090392,5.033963036318392,1.213257454485891,1.0000513365947858,1.0000025927573115,1.0000254771541406,0.9999923466097496,0.0,581.8139998738209,386.270486273506,386.27048627350393,681.1067673597747,1166.828473073213,744.4929068399285,242.50281257455487,199.944912075478,54.98646755388815,69.89919316438201,0.0224979206210775,0.013748202297279,True,,115.0,600.0,0,False,19.00690509814729,0.02
refine_mild_0.02_R1.300_C0.660,modifier,mild,1.3,0.66,130.0,80.0,129.01287026934924,80.18649564356137,ok,128.83467569801724,130.5690800758872,78.45411912120716,105.8887315596595,72.0156187973329,5.0324540305902055,1.213266423809158,0.9999397509154672,0.9999969571169434,0.9999765659251342,1.0000056019028998,0.0,583.5644413049761,392.54736017707216,392.54736017707216,683.5768513845453,1167.7132723149268,747.492190242164,243.23062749771304,200.8119568646905,52.11496095468004,69.8800359509871,0.0166598787440932,0.0099357472230821,True,,126.0,600.0,0,False,5.422917377169014,0.02
refine_mild_0.02_R1.300_C0.680,modifier,mild,1.3,0.68,130.0,80.0,129.01287026934924,80.18649564356137,ok,117.34898141000303,129.91955609962977,79.14010454286637,105.87239497552534,72.01708634733212,5.032022645709288,1.2132635858634897,0.9999961044025902,0.9999998032526568,1.0000000000027676,0.9999990663102656,0.0,584.2819638038706,395.3846231567105,395.3846231567125,684.6070839182237,1168.012870608387,748.7512607022701,243.52864348598297,201.1786484662747,50.779451556763405,69.872621914198,0.0223807505950901,0.0123160530064865,True,,115.0,600.0,0,False,1.9170135304452092,0.02
refine_mild_0.02_R1.300_C0.640,modifier,mild,1.3,0.64,130.0,80.0,129.01287026934924,80.18649564356137,ok,151.89569886901882,131.24767262886334,77.73282777291575,105.9021330636208,72.01482822571018,5.033044535278593,1.2132759914033522,0.9998934544159384,0.9999946189098958,0.9999558273171928,1.000011316687057,0.0,582.7331520929511,389.5096106055572,389.5096106055578,682.3989546169353,1167.3323090629797,746.0641647606778,242.8849227142872,200.3984590836608,53.51484485594759,69.88900285235611,0.011032755649694,0.0089727326331967,True,,149.0,600.0,0,False,11.014827605528412,0.02
refine_mild_0.02_R1.300_C0.740,modifier,mild,1.3,0.74,130.0,80.0,129.01287026934924,80.18649564356137,ok,134.43719466999755,128.13850941701247,80.99279674606393,105.8115486105048,72.01444830814111,5.028973109587257,1.2132012422676597,0.9998781895635772,0.9999938479577568,0.9999499348029142,1.0000127455579513,0.0,586.0395211812292,402.7784016146011,402.7784016146014,687.1242483875355,1165.6747317460104,751.8368200962746,244.2584534703153,202.07680536689455,47.14571267094854,69.83283532311307,0.0117310172844042,0.0064257193077139,True,,131.0,600.0,0,False,1.4146283679959144,0.02
refine_mild_0.02_R1.300_C0.720,modifier,mild,1.3,0.72,130.0,80.0,129.01287026934924,80.18649564356137,ok,150.98762831301428,128.70513045950412,80.40402440966551,105.83230514191057,72.01431152311932,5.029953840275372,1.213224263661131,0.9998782166492228,0.999993849325717,0.9999497181368676,1.0000128569282691,0.0,585.524719720001,400.46846557241815,400.4684655724165,686.3803792017236,1166.8555273398629,750.9220439169333,244.04486041428515,201.8093212446048,48.30110604983861,69.84658651718924,0.0081036309683213,0.006622361130212,True,,148.0,600.0,0,False,0.1420225546462975,0.02
refine_mild_0.02_R1.320_C0.640,modifier,mild,1.32,0.64,130.0,80.0,129.01287026934924,80.18649564356137,ok,110.37178737600334,131.64828249297005,78.52137077132328,106.4558881113434,72.01624167492886,4.988326673326778,1.231291094992384,1.0000092628674604,1.0000004678215888,1.000005841414744,0.9999978487596666,0.0,577.9167620049618,387.17773358018826,387.1777335801902,676.9343517464091,1156.6775433202415,740.1934960753863,240.87557055101308,198.84749241568824,53.12691172164675,69.2666898092708,0.0212917002513961,0.0152289400151914,True,,108.0,600.0,0,False,9.718038428555811,0.02
refine_mild_0.02_R1.320_C0.600,modifier,mild,1.32,0.6,130.0,80.0,129.01287026934924,80.18649564356137,ok,134.39654503500788,133.10947820667448,76.96866758273957,106.48136530177024,72.01504597948681,4.989105579971785,1.2312971149559608,0.9999016731296888,0.9999950339964484,0.999959644898704,1.0000102318891757,0.0,576.0779874164582,380.4873315695396,380.4873315695393,674.3294672407446,1155.75149280262,737.0254291894653,240.11125006497787,197.9294597857709,56.14081062393491,69.27865576025475,0.0140184135063634,0.0095352075998533,True,,131.0,600.0,0,False,27.1366140211684,0.02
refine_mild_0.02_R1.320_C0.660,modifier,mild,1.32,0.66,130.0,80.0,129.01287026934924,80.18649564356137,ok,120.08358972601128,130.9689637829266,79.23547821184123,106.44003747739195,72.01427944662105,4.987318761925325,1.231274494273141,0.9998729483791964,0.9999935832514736,0.9999475280863428,1.000013419864764,0.0,578.7155013198208,390.1585126805973,390.1585126805953,678.0532353657,1157.0892792306106,741.5510265337768,241.2078902485315,199.23948280000576,51.73348557108538,69.25458117819622,0.0078622042703386,0.0073097416948826,True,,118.0,600.0,0,False,4.7307359892950505,0.02
refine_mild_0.02_R1.320_C0.680,modifier,mild,1.32,0.68,130.0,80.0,129.01287026934924,80.18649564356137,ok,113.52358926698798,130.32400353595168,79.91687130194241,106.42381687098867,72.01430161605695,4.9867082467889965,1.23125888643704,0.9998660192892216,0.9999932332974366,0.9999447313081457,1.0000141215949423,0.0,579.4167188389251,392.95128953468543,392.9512895346864,679.0575762487216,1157.2098481484063,742.7787287181575,241.49924637032484,199.5959406906478,50.40713223400927,69.24608216539471,0.0114045426410882,0.0064180043116266,True,,111.0,600.0,0,False,1.791767728385044,0.02
refine_mild_0.02_R1.320_C0.620,modifier,mild,1.32,0.62,130.0,80.0,129.01287026934924,80.18649564356137,ok,133.34552555100527,132.36024039627034,77.7662165375529,106.4708698401898,72.01619906749215,4.988760441964767,1.2312953269061435,0.9999856246770517,0.999999273973588,0.9999960771992482,1.0000005317638676,0.0,577.0534730540385,383.9586240151889,383.9586240151869,675.7045220140546,1156.250982208721,738.6950171402896,240.5169548957714,198.4114615692976,54.59402385871744,69.27275399926896,0.0180392921878933,0.0120203465910861,True,,131.0,600.0,0,False,17.062637717584956,0.02
refine_mild_0.02_R1.280_C0.800,modifier,mild,1.28,0.8,130.0,80.0,129.01287026934924,80.18649564356137,ok,228.4485739100201,126.45603176098588,82.2257446850275,105.51938698268292,72.01351557115046,5.058864418519024,1.2022999938999048,0.9998913654899764,0.9999945134085848,0.9999550165940854,1.000011536783758,0.0,594.956050296202,403.9640684442176,403.964068444218,697.4428193595472,1183.957147894173,763.5591327437485,247.83060460682304,205.6731894890168,44.23028707595839,70.24881896677836,0.0063520327154691,0.0080341962034964,True,,225.0,893.0,0,False,10.695959810970244,0.02
refine_mild_0.02_R1.320_C0.700,modifier,mild,1.32,0.7,130.0,80.0,129.01287026934924,80.18649564356137,ok,118.67335070099216,129.70841501217643,80.56403084840807,106.40546460895408,72.01555887817295,4.985985558304493,1.2312523340322823,0.9999395528364038,0.9999969471129492,0.9999756999254455,1.0000060633215908,0.0,580.0202463494601,395.5549438944921,395.55494389449177,679.9146122740513,1155.919925218629,743.8298947420212,241.74982160595383,199.9037800621824,49.144384163768365,69.23483808185351,0.0133548964504939,0.00867158182308,True,,116.0,600.0,0,False,0.6263153201731846,0.02
refine_mild_0.02_R1.300_C0.760,modifier,mild,1.3,0.76,130.0,80.0,129.01287026934924,80.18649564356137,ok,186.92553275401588,127.88369990667196,81.93737443739684,106.10968073613164,72.01405323763015,5.01527148989153,1.2202976793643507,0.9999359101363304,0.9999967631381984,0.9999723200612533,1.0000074931053664,0.0,588.6295886781916,391.328523246391,391.3285232463903,690.3325697334619,1167.9852474773852,755.483967656408,245.33751996206783,203.08342895722427,45.94632546927512,69.64295529016071,0.0176542627779952,0.0133354472177558,True,,184.0,878.0,0,False,4.340602258651466,0.02
refine_mild_0.02_R1.300_C0.780,modifier,mild,1.3,0.78,130.0,80.0,129.01287026934924,80.18649564356137,ok,213.7093808960053,127.34558048073592,82.44550670419501,106.06439243285708,72.01429250231583,5.014920261751714,1.2197978354655865,0.999936991907615,0.9999968177731122,0.9999744022250616,1.0000064731667693,0.0,588.8038112541033,394.3101119859765,394.31011198597577,690.1564573796671,1166.717490839359,755.5763553858279,245.25400503733897,203.23933563652676,44.90007377654091,69.63784670370045,0.0127975672162676,0.0112380726300216,True,,211.0,859.0,0,False,7.882986211279361,0.02
refine_mild_0.02_R1.340_C0.600,modifier,mild,1.34,0.6,130.0,80.0,129.01287026934924,80.18649564356137,ok,122.86606686899904,133.49190341146635,77.74947852120229,107.0244361457125,72.0147004269949,4.944965425132676,1.2493132693770883,0.9999321368588248,0.9999965725686276,0.9999714661852376,1.000007403824019,0.0,571.404411342344,378.2384912850699,378.23849128506873,669.0326692693159,1145.368428204934,731.3458159249119,238.1614699173607,196.43074200678583,55.74242489026406,68.66605562215241,0.0128041906049816,0.011292628813166,True,,121.0,600.0,0,False,26.00079034285487,0.02
refine_mild_0.02_R1.320_C0.740,modifier,mild,1.32,0.74,130.0,80.0,129.01287026934924,80.18649564356137,ok,195.48943520899047,128.81972776919577,82.13091908653355,106.66417309268672,72.01360834223885,4.970887165972768,1.2382798922628135,0.9999012489833946,0.9999950125749189,0.9999567519617784,1.0000111894907349,0.0,584.3907105208898,393.63190013370746,393.6319001337076,685.1557962403522,1161.5261858210908,750.2282136993226,243.4021439073261,202.10071160936585,46.68880868266221,69.02705308625876,0.0135729504835353,0.0087688146227549,True,,192.0,863.0,0,False,3.818086550945321,0.02
refine_mild_0.02_R1.320_C0.760,modifier,mild,1.32,0.76,130.0,80.0,129.01287026934924,80.18649564356137,ok,165.76708474601037,128.26987798864818,82.67175109310142,106.6298379614894,72.01196415798675,4.970177559131489,1.2379605721439872,0.999794411806718,0.9999896167579148,0.9999143018141364,1.0000221667028537,0.0,583.3679207001613,396.1112863403789,396.11128634037925,684.2846520326937,1161.485836261474,748.9355442390599,243.1430583450897,201.43047246029863,45.59812689554676,69.01877510558435,0.0138224072458115,0.0092282098718783,True,,164.0,853.0,0,False,6.7285321786498695,0.02
refine_mild_0.02_R1.320_C0.780,modifier,mild,1.32,0.78,130.0,80.0,129.01287026934924,80.18649564356137,ok,163.7640681269986,127.7397985005586,83.19156879969287,106.5940148395632,72.01273274619473,4.969499302394218,1.237723445702945,0.999858474259082,0.9999928522353074,0.9999398657960276,1.0000158230307732,0.0,583.6598805012737,397.884219532845,397.8842195328459,684.7379682899679,1161.3876403441,749.5084757815222,243.2638008770942,201.51134174583748,44.54822970086573,69.00861990488501,0.0098082028332697,0.007516729803342,True,,161.0,844.0,0,False,10.651176402193846,0.02
refine_mild_0.02_R1.320_C0.720,modifier,mild,1.32,0.72,130.0,80.0,129.01287026934924,80.18649564356137,ok,209.11684397698264,129.40235972350146,81.56970133509094,106.7063268930956,72.0138413661624,4.9710407391839775,1.2387064313453289,0.9999116310421045,0.9999955369213184,0.9999637984086148,1.000009184509445,0.0,584.3404646303344,384.0840297664138,384.0840297664124,685.2943264741552,1161.5747023917884,750.2329655564452,243.4658576740368,201.8973885274444,47.83265838841052,69.028962278351,0.0090038254019759,0.009539567547165,True,,206.0,879.0,0,False,2.0649600199755898,0.02
refine_mild_0.02_R1.320_C0.800,modifier,mild,1.32,0.8,130.0,80.0,129.01287026934924,80.18649564356137,ok,168.03603349498007,127.23261480331672,83.68130480994289,106.55741621143736,72.01208988641402,4.968997012386354,1.237416502565427,0.9997970149538123,0.9999897482299906,0.9999152974106724,1.0000219253303748,0.0,583.9073413646328,394.362040185676,394.3620401856757,685.1274955144436,1161.235250561288,750.006957829336,243.3660511557954,201.66219543818988,43.55130999337384,69.00226087347338,0.0143530277103423,0.0095659818162516,True,,166.0,834.0,0,False,15.383000633762904,0.02
refine_mild_0.02_R1.340_C0.640,modifier,mild,1.34,0.64,130.0,80.0,129.01287026934924,80.18649564356137,ok,119.95779459000914,132.04118423633383,79.2947700922918,107.00113793999816,72.01487895159379,4.943849131533209,1.2492929225415508,0.9999170549012376,0.9999958108535988,0.9999664720556294,1.0000083913697106,0.0,573.203996139288,384.8306163646174,384.83061636461696,671.5745561760973,1146.297007101195,734.431176319427,238.9099923483336,197.3217992403385,52.74641414404204,68.65038452479125,0.0117424168254274,0.0077972767175538,True,,117.0,600.0,0,False,9.965859941421016,0.02
refine_mild_0.02_R1.340_C0.660,modifier,mild,1.34,0.66,130.0,80.0,129.01287026934924,80.18649564356137,ok,120.7870869130129,131.36342167455655,80.00771192980338,106.98332152294662,72.01508733087456,4.943417037426836,1.2492762976700684,0.999947800772576,0.999997363675382,0.999977937491095,1.0000057440762165,0.0,573.9174803617207,387.79027420332784,387.79027420332784,672.5918778335163,1146.511317336651,735.6749191044112,239.2061328369815,197.684783325375,51.35570974475317,68.64418583170247,0.0168079735452124,0.0117261650507316,True,,119.0,600.0,0,False,5.557055524827171,0.02
refine_mild_0.02_R1.340_C0.620,modifier,mild,1.34,0.62,130.0,80.0,129.01287026934924,80.18649564356137,ok,152.9496088779997,132.74898345128634,78.543213389089,107.01402043406604,72.01445567650578,4.944494110189987,1.2493003933176297,0.9998867348787958,0.9999942795393336,0.9999534300793484,1.0000118567041807,0.0,572.3679459934588,381.6584160009515,381.6584160009506,670.3892000259751,1145.8930929851267,732.9904613056354,238.56248580140408,196.9050446025696,54.20577006219733,68.65974426580432,0.0089828228959447,0.007457322721649,True,,150.0,600.0,0,False,16.658918276107947,0.02
refine_mild_0.02_R1.340_C0.740,modifier,mild,1.34,0.74,130.0,80.0,129.01287026934924,80.18649564356137,ok,159.75729695800692,129.19645343852906,82.85804229546125,107.17580928608696,72.01187110682018,4.926887679335271,1.2558921054224954,0.9997932724051865,0.9999895592123832,0.9999135998385328,1.0000223334085463,0.0,577.909583351993,391.93408428670017,391.9340842866977,677.8902825318042,1150.6269717696514,741.9268991858721,240.86741603573813,199.4574228175847,46.338411143067816,68.41771507404492,0.0133882897328021,0.0091546402349536,True,,157.0,839.0,0,False,7.170864293283534,0.02
refine_mild_0.02_R1.340_C0.780,modifier,mild,1.34,0.78,130.0,80.0,129.01287026934924,80.18649564356137,ok,162.97221238099155,128.1201803669249,83.91154979622765,107.10454813908292,72.0127185488236,4.92578559405299,1.2553467556226952,0.9998595734671124,0.9999929077508648,0.9999402632707916,1.0000157391642943,0.0,578.4940297608988,390.2795253507142,390.2795253507154,678.7971007672,1150.4218189487449,743.0731027522032,241.10919320917844,199.79813803947167,44.20863057069725,68.40160590123226,0.0116194818023132,0.0081635192471907,True,,161.0,820.0,0,False,14.672923702186628,0.02
refine_mild_0.02_R1.340_C0.800,modifier,mild,1.34,0.8,130.0,80.0,129.01287026934924,80.18649564356137,ok,154.68278944600024,127.61930493216248,84.4044998106317,107.0729758221947,72.01205510644732,4.924973556437424,1.2551731146314766,0.99979857347142,0.999989826943001,0.9999159338904896,1.0000217749611946,0.0,578.7526303929326,392.4666897453845,392.4666897453854,679.1954966079069,1150.3278570601392,743.5783484950742,241.21610055590716,199.9505516580159,43.21480512153079,68.39095966859145,0.0138308964443041,0.0095371077782573,True,,152.0,815.0,0,False,19.7335835024311,0.02
refine_mild_0.02_R1.340_C0.760,modifier,mild,1.34,0.76,130.0,80.0,129.01287026934924,80.18649564356137,ok,187.7548994999961,128.6466871821759,83.39755744039972,107.14050859158772,72.01311061436142,4.926383411199413,1.25564986658868,0.9998751618170888,0.9999936950412668,0.9999474607837452,1.0000136973555542,0.0,578.2084475296963,392.97496885351393,392.9749688535184,678.3585676912201,1150.5445274722642,742.5191070362707,240.99090914201716,199.63385166493063,45.24912974177617,68.40953500232435,0.0095307804098752,0.0067254385555912,True,,185.0,830.0,0,False,10.445007916446537,0.02
refine_mild_0.02_R1.340_C0.700,modifier,mild,1.34,0.7,130.0,80.0,129.01287026934924,80.18649564356137,ok,205.5924478500092,130.37161609864856,81.70093401637915,107.24859746392204,72.01208793146051,4.927519006443044,1.2565966443851844,0.9997984423238137,0.9999898203193844,0.9999158980060764,1.000021692166304,0.0,578.7651547798002,379.6412620405338,379.6412620405321,678.7403990777275,1150.6493402337596,743.0305572525174,241.14252928797413,199.9565204543076,48.67068208226941,68.4262760320593,0.0142053435949662,0.0091978668650796,True,,202.0,863.0,0,False,4.139713813701267,0.02
refine_mild_0.02_R1.360_C0.620,modifier,mild,1.36,0.62,130.0,80.0,129.01287026934924,80.18649564356137,ok,118.726820314012,133.12868699356923,79.3086121763536,107.5466333295106,72.01366980909927,4.900969226748334,1.2672893119889654,0.9998530009275922,0.999992575804423,0.9999380206254508,1.0000161897723627,0.0,567.7166702849922,379.37428719675023,379.37428719675125,665.0922368489496,1135.681137798344,727.2941559777435,236.62199854293965,195.39813390723555,53.82007481721563,68.05609601260834,0.0115821162291069,0.0093175366242093,True,,117.0,600.0,0,False,17.710626689365753,0.02
refine_mild_0.02_R1.360_C0.640,modifier,mild,1.36,0.64,130.0,80.0,129.01287026934924,80.18649564356137,ok,119.04820921100328,132.4234535842249,80.0578095713923,107.53249135098986,72.01353146943887,4.900476516272351,1.2672743849726813,0.9998499657915242,0.999992422514724,0.9999364084563072,1.0000166987723165,0.0,568.5281206033051,382.5146814602202,382.5146814602186,666.2483878763053,1136.0920922329958,728.7013125941412,236.95963466416495,195.80506186182063,52.36564401283259,68.04938483473785,0.0048258894989317,0.0078709860278252,True,,116.0,600.0,0,False,11.648638652878493,0.02
refine_mild_0.02_R1.340_C0.720,modifier,mild,1.34,0.72,130.0,80.0,129.01287026934924,80.18649564356137,ok,214.93158281498472,129.76979439733014,82.2956063444607,107.2122948374367,72.01124393255932,4.926938173240123,1.2563474165041646,0.999720636210802,0.9999858907177168,0.9998806640154,1.0000315583687929,0.0,577.616939349395,382.4611770742585,382.46117707425617,677.4225356715037,1145.9318704794505,741.3280378336968,240.7461752283928,199.2778032794892,47.47418805286945,68.41901214558033,0.0078237791771584,0.0034010386864338,True,,212.0,853.0,0,False,5.021282084167689,0.02
refine_mild_0.02_R1.340_C0.680,modifier,mild,1.34,0.68,130.0,80.0,129.01287026934924,80.18649564356137,ok,224.36113784599,131.0114105878787,81.09792769667777,107.29877420924096,72.01535791397448,4.927409367310212,1.2573525739050873,0.9999420688081474,0.99999707418223,0.99997675868898,1.0000056918986011,0.0,582.0076924185448,375.80125256080487,375.801252560804,682.970707898839,1150.735335551622,748.2430021857381,242.4102556250877,201.64396983567863,49.913482891200914,68.42164657705679,0.0138458561895902,0.0125324536330992,True,,221.0,889.0,0,False,4.824871792235772,0.02
refine_mild_0.02_R1.360_C0.600,modifier,mild,1.36,0.6,130.0,80.0,129.01287026934924,80.18649564356137,ok,147.3434193180001,133.87639929996433,78.52114519978406,107.56194924227589,72.01547478293011,4.901734758139231,1.2673122309954643,0.9999441362592724,0.9999971785989528,0.9999775625425054,1.000005568673452,0.0,566.8333742358695,376.00390945841207,376.0039094584096,663.8448293122161,1135.2032900950132,725.779767241417,236.2549192069,194.9612234096965,55.35525410018028,68.06502037116462,0.0136927218601101,0.0094999584085826,True,,144.0,600.0,0,False,26.427306732225126,0.02
refine_mild_0.02_R1.360_C0.700,modifier,mild,1.36,0.7,130.0,80.0,129.01287026934924,80.18649564356137,ok,164.85167293201084,130.7404730738371,82.43061982778991,107.75748559288984,72.01235731046853,4.884447882038471,1.2743672194481632,0.9998000780153932,0.99998990293007,0.9999168439605683,1.0000214834156405,0.0,573.2743540403146,384.430850304452,384.4308503044516,672.0685847860527,1140.082694190517,735.8281802365457,238.7720178299508,198.21162272970625,48.3098532460472,67.82791265921263,0.0160243464248708,0.0098302150527871,True,,162.0,844.0,0,False,8.02070480431377,0.02
refine_mild_0.02_R1.360_C0.660,modifier,mild,1.36,0.66,130.0,80.0,129.01287026934924,80.18649564356137,ok,174.1414380929782,132.02597687206674,81.16965545897988,107.83497455612768,72.01193423331092,4.884075383782269,1.2753748163541625,0.9997961453511222,0.9999897043106633,0.9999147348557268,1.0000220546318488,0.0,576.7561835610582,377.5646569795928,377.5646569795899,676.8477218283708,1140.137396307331,741.5433547921492,240.2232058510369,199.84121356877657,50.85632141308686,67.8231384253392,0.0139263936696636,0.0090511170020732,True,,172.0,879.0,0,False,10.045414621993537,0.02
refine_mild_0.02_R1.360_C0.680,modifier,mild,1.36,0.68,130.0,80.0,129.01287026934924,80.18649564356137,ok,173.52261578000616,131.35447185145233,81.80020375457987,107.78267712143676,72.01274677273099,4.884853271788853,1.274543279539876,0.9998558950008434,0.9999927219697397,0.999938862820176,1.0000160651071257,0.0,574.8682128551283,375.2590914114516,375.2590914114498,674.2822984897011,1139.937138843792,738.4852918754989,239.43637012140715,198.97003962778425,49.55426809687246,67.83317524611624,0.0098755564325756,0.0075162373037187,True,,171.0,849.0,0,False,8.087151836874604,0.02
refine_mild_0.02_R1.360_C0.760,modifier,mild,1.36,0.76,130.0,80.0,129.01287026934924,80.18649564356137,ok,177.2435788240109,129.02574319768246,84.12051178635724,107.65149834829754,72.0124153843969,4.883067859707748,1.273474834596725,0.9998058415225548,0.9999901940162912,0.999919151280166,1.0000208317748958,0.0,573.1935150265633,384.6019314691372,384.6019314691364,672.5919726888872,1139.884587453611,736.2754716157793,238.8990123807667,197.9734088160617,44.90523141132522,67.80869428753773,0.0154693946734596,0.0096197481881432,True,,174.0,815.0,0,False,15.47664872406236,0.02
refine_mild_0.02_R1.360_C0.740,modifier,mild,1.36,0.74,130.0,80.0,129.01287026934924,80.18649564356137,ok,190.7965625739889,129.56922112618963,83.57935356008349,107.68320309560882,72.01183018276413,4.883780034701677,1.27363244874174,0.9997920848213862,0.9999894992334027,0.9999130566655852,1.0000224079923312,0.0,572.9083960466166,388.29716084045344,388.2971608404514,672.1460861459902,1139.9630735328296,735.7108211806144,238.78145591837705,197.80427593813064,45.98986756610614,67.81913502693617,0.0132041664870996,0.0092032630942782,True,,188.0,820.0,0,False,11.82101111761385,0.02
refine_mild_0.02_R1.360_C0.720,modifier,mild,1.36,0.72,130.0,80.0,129.01287026934924,80.18649564356137,ok,203.0133945470152,130.1334035793173,83.01039780230137,107.7125871238773,72.01270840362389,4.884430760791514,1.2738179790366793,0.9998384378743268,0.9999918402966828,0.9999315047115596,1.0000179878619828,0.0,571.6881971909974,381.2241122071838,381.2241122071828,669.9079397127475,1133.877108540289,733.2499179197855,238.1111859729971,197.47570276542808,47.12300577701593,67.82734421561786,0.0045771225582882,0.0074372177338801,True,,200.0,825.0,0,False,9.23001830088441,0.02
refine_mild_0.02_R1.380_C0.600,modifier,mild,1.38,0.6,130.0,80.0,129.01287026934924,80.18649564356137,ok,117.458206684998,134.24401854339987,79.27844001551728,108.0852180375515,72.01334133180643,4.859054444843247,1.2852868237028248,0.9998345678170198,0.999991644839244,0.9999297613019948,1.0000184775014995,0.0,562.317065125307,373.7755826653673,373.7755826653648,658.7271250599974,1125.2409676504144,720.2859133017548,234.37113765251232,193.5079150298456,54.9655785278826,67.47436454107607,0.0049981912173109,0.0082416974678096,True,,115.0,600.0,0,False,28.189477288725534,0.02
refine_mild_0.02_R1.360_C0.780,modifier,mild,1.36,0.78,130.0,80.0,129.01287026934924,80.18649564356137,ok,149.91822300598142,128.49918634462747,84.62866412646633,107.61316908585768,72.01113017160296,4.882465872553797,1.2731937643714866,0.9997145683748148,0.9999855842613548,0.9998779701752636,1.0000322960844246,0.0,567.731821655643,382.3757015671622,382.37570156716095,664.4728761721999,1133.075212393429,726.7434035130065,236.4628657416345,195.6178400683584,43.87052221816114,67.80154485728598,0.0091187950182529,0.0049561825287725,True,,147.0,805.0,0,False,19.996732005031717,0.02
refine_mild_0.02_R1.360_C0.800,modifier,mild,1.36,0.8,130.0,80.0,129.01287026934924,80.18649564356137,ok,159.65170462301467,128.0045985194842,85.12260915185881,107.5848981350668,72.01218203823576,4.881697990062654,1.273025568933129,0.9997918986722024,0.9999894898319291,0.9999132173207552,1.0000223990859356,0.0,573.7191870014383,390.39078164638727,390.39078164638806,673.3998977873223,1139.685821776971,737.2959828619673,239.11665888046585,198.2778211775339,42.881989367625394,67.78989126410106,0.0157691576582124,0.0102929798097335,True,,157.0,800.0,0,False,25.38182848837234,0.02
refine_mild_0.02_R1.380_C0.620,modifier,mild,1.38,0.62,130.0,80.0,129.01287026934924,80.18649564356137,ok,179.3939418779919,133.78949330658494,80.50253070103182,108.41219595414772,72.01150222642774,4.840872501850631,1.29432820930304,0.9997498298823816,0.9999873651455752,0.9998934068896044,1.0000281269112667,0.0,573.6242610167999,364.6969384036854,364.6969384036839,673.6035143260256,1129.631097612824,738.276176457658,238.9195503441428,199.01458971218847,53.28696260555313,67.223601121795,0.013676753133069,0.0072634410875593,True,,177.0,899.0,0,False,22.916005797401237,0.02
refine_mild_0.02_R1.380_C0.640,modifier,mild,1.38,0.64,130.0,80.0,129.01287026934924,80.18649564356137,ok,168.4858780390059,133.0586703018315,81.20443722592609,108.3642103536634,72.01282062105174,4.841822627385872,1.293471772369733,0.999863975260344,0.9999931300636538,0.9999423161672112,1.0000151498274394,0.0,571.559922379153,372.6910762257809,372.69107622577934,670.7767322890586,1129.588593604845,734.8959416384594,238.05893833040267,198.05112234859303,51.85423307590543,67.2355642457705,0.0095423561342045,0.0072623527577633,True,,166.0,869.0,0,False,17.404702967940764,0.02
refine_mild_0.02_R1.380_C0.680,modifier,mild,1.38,0.68,130.0,80.0,129.01287026934924,80.18649564356137,ok,187.33006110499264,131.71348210221032,82.5207717068188,108.28232779726966,72.01281653331897,4.842625806495825,1.2922631052837992,0.9998673195722684,0.9999932989682964,0.99994361568599,1.000014840446139,0.0,567.9278864731193,380.0494286646725,380.04942866467246,665.7982639753408,1129.553033660393,728.9417209027055,236.54521273600625,196.35339943045807,49.19271039539152,67.24672134237707,0.0108711095698481,0.0078448635928651,True,,184.0,830.0,0,False,12.742149011285935,0.02
refine_mild_0.02_R1.380_C0.660,modifier,mild,1.38,0.66,130.0,80.0,129.01287026934924,80.18649564356137,ok,197.66437567598769,132.37201891942578,81.8800887056494,108.3238131101834,72.01283909733894,4.842492960827816,1.2928382062173691,0.999814508906328,0.999990631762946,0.9999229307051726,1.00001978655489,0.0,569.6835866105887,376.4483152950469,376.44831529504427,668.2044014387527,1129.5853454437092,731.8202915935676,237.276754787117,197.1752246877332,50.49193021377639,67.24485552197537,0.018295520632023,0.0110198074637963,True,,195.0,849.0,0,False,14.152137113263796,0.02
refine_mild_0.02_R1.380_C0.800,modifier,mild,1.38,0.8,130.0,80.0,129.01287026934924,80.18649564356137,ok,138.49684034098755,128.35837383724794,85.79865272026923,108.06137972675486,72.01225719363063,4.840247123355643,1.29023075024502,0.9998035111677388,0.9999900763216024,0.9999181478608504,1.0000211439414368,0.0,568.5349343434525,383.8148221342904,383.81482213429246,667.3926675972871,1128.8948259240678,730.7597990201056,236.95414526025044,196.53224597642796,42.55972111697871,67.21421202422404,0.0136902324672121,0.0092002628192915,True,,136.0,766.0,0,False,31.924672633275435,0.02
refine_mild_0.02_R1.380_C0.740,modifier,mild,1.38,0.74,130.0,80.0,129.01287026934924,80.18649564356137,ok,184.68594962501084,129.94080583298128,84.29490070889997,108.18794840334688,72.01200699005425,4.841319754690912,1.2914688119272335,0.999799336533594,0.9999898654814938,0.9999162872564812,1.0000216497677945,0.0,568.0082688786092,381.4775132578932,381.4775132578922,666.5186871985957,1129.5416072033804,729.6166337976313,236.73765143690173,196.18326749127576,45.64590512408131,67.22934073146384,0.0134864425763225,0.0094205309979571,True,,182.0,805.0,0,False,17.740056591153003,0.02
refine_mild_0.02_R1.380_C0.760,modifier,mild,1.38,0.76,130.0,80.0,129.01287026934924,80.18649564356137,ok,148.32643024198478,129.38735735506188,84.81798431452609,108.14240387532742,72.01130396960724,4.84096613101075,1.2910456702270978,0.9997275406924846,0.9999862394289134,0.9998837824178728,1.0000306876085991,0.0,568.2333974723006,381.50114742377343,381.5011474237753,666.8858352191846,1129.380337547405,730.0930262570749,236.83058653922484,196.3266906202688,44.569373040535794,67.22508639829526,0.009909823528801,0.0039197291632291,True,,146.0,790.0,0,False,21.59092788664004,0.02
refine_mild_0.02_R1.380_C0.700,modifier,mild,1.38,0.7,130.0,80.0,129.01287026934924,80.18649564356137,ok,205.92808739599425,131.1011094618571,83.14710322742397,108.25667605633464,72.01220879623376,4.842147926179303,1.2920796861717694,0.999800990259578,0.9999899490030092,0.9999171198955528,1.0000214023012992,0.0,567.2952857617311,376.4867489273809,376.4867489273777,665.4448552987806,1129.6164338596009,728.2766079155851,236.44213440755175,195.78753904615516,47.95400623443314,67.2406527604323,0.0147920753526875,0.0095662172988397,True,,203.0,825.0,0,False,13.125940190750647,0.02
refine_mild_0.02_R1.380_C0.780,modifier,mild,1.38,0.78,130.0,80.0,129.01287026934924,80.18649564356137,ok,152.81084986700444,128.86724709341755,85.3258774152233,108.1074256681334,72.01151913926701,4.840602042469381,1.290698090840256,0.9997463050889172,0.999987187125702,0.9998919033365972,1.0000285243501366,0.0,568.4305332705162,381.10925764509625,381.10925764509545,667.2057844014369,1129.1618043874803,730.5048687440403,236.9118371974622,196.45121949097455,43.54136967819427,67.21982955404505,0.012650839849897,0.0078313830585869,True,,151.0,781.0,0,False,26.434451104259352,0.02
refine_mild_0.02_R1.380_C0.720,modifier,mild,1.38,0.72,130.0,80.0,129.01287026934924,80.18649564356137,ok,211.19959223200567,130.68540548483062,83.99093913445134,108.42767521508516,72.01405904656822,4.831976062875283,1.2970367606271525,0.9999369195515544,0.9999968141187652,0.999974185408914,1.000006531190825,0.0,568.9556989026103,374.3460579008017,374.3460579008009,667.5511420797604,1131.9544086997662,730.6962407748913,237.1338932068805,196.4602218427984,46.69446635037929,67.09767685433012,0.0105057552678999,0.0110884320814932,True,,209.0,990.0,0,False,17.271164322400406,0.02
refine_mild_0.02_R1.400_C0.720,modifier,mild,1.4,0.72,130.0,80.0,129.01287026934924,80.18649564356137,ok,149.122109361022,130.85630826656453,84.42870954206163,108.7042809759211,72.01228575639057,4.800732435754319,1.309272441442722,0.9997123502746404,0.9999854722360928,0.9998767932221236,1.0000326729988602,0.0,558.2130979744962,374.5666103629925,374.5666103629908,653.4930340490827,1112.3071634563344,714.8118364967552,232.49782669434467,192.42457589952255,46.4275987245029,66.66546389035135,0.0088095556845644,0.0052524337403951,True,,147.0,791.0,0,False,21.39464241020584,0.02
refine_mild_0.02_R1.400_C0.740,modifier,mild,1.4,0.74,130.0,80.0,129.01287026934924,80.18649564356137,ok,133.97018154000398,130.2911354537311,84.97853453907756,108.66569316639782,72.01249444993807,4.800664914909156,1.3087975048109397,0.9998050493822624,0.9999901540092052,0.999918647746026,1.0000209769651018,0.0,563.0946631472427,380.5557727067357,380.5557727067361,660.8682230291779,1119.1330895110764,723.4962510594396,234.68827334237957,194.55423334638795,45.31260091465354,66.66433306579181,0.0170842005830991,0.010824855118102,True,,132.0,776.0,0,False,24.597598657742783,0.02
refine_mild_0.02_R1.400_C0.660,modifier,mild,1.4,0.66,130.0,80.0,129.01287026934924,80.18649564356137,ok,162.44887903297786,132.7261934766803,82.59921665938123,108.8213170926013,72.01227358360677,4.800671427413368,1.3106894304110976,0.9998050701589992,0.9999901550585354,0.9999188319926317,1.0000209865954883,0.0,562.8277341410378,371.32021528275726,371.3202152827557,659.8266021383972,1119.426369940008,722.3855702320823,234.4209063977904,194.5859377171981,50.12697681729907,66.66462796567247,0.0148713531325199,0.0094977717402713,True,,161.0,835.0,0,False,19.609991942282207,0.02
refine_mild_0.02_R1.400_C0.640,modifier,mild,1.4,0.64,130.0,80.0,129.01287026934924,80.18649564356137,ok,172.28028870400158,133.3955452220951,81.90611366778758,108.84401591466036,72.01287514729289,4.801003224223508,1.3108738906131914,0.999873120519159,0.9999935919454122,0.9999460703952644,1.000014197288467,0.0,564.5974658097024,371.56089622474633,371.5608962247462,662.2696947140744,1119.2540754159895,725.3230514456845,235.158579573126,195.42584608985945,51.48943155430753,66.6686785439921,0.0111885952579484,0.0078941250190638,True,,171.0,840.0,0,False,22.16492589066969,0.02
refine_mild_0.02_R1.400_C0.680,modifier,mild,1.4,0.68,130.0,80.0,129.01287026934924,80.18649564356137,ok,167.23309007799253,132.07500462329156,83.24386725039605,108.78442097673322,72.0128099584797,4.800641752096986,1.3102545346173202,0.9998664597418804,0.9999932555425196,0.9999432598612834,1.0000149310286364,0.0,562.1386863190014,377.871015640026,377.8710156400243,659.3945007486118,1119.4523570028628,721.6330642387063,234.29256514637905,193.9980679712028,48.83113737289551,66.66371934194602,0.010316685175951,0.0077847214455601,True,,166.0,820.0,0,False,18.72418794387265,0.02
refine_mild_0.02_R1.400_C0.620,modifier,mild,1.4,0.62,130.0,80.0,129.01287026934924,80.18649564356137,ok,192.25833208698896,134.33704441590544,81.53423946013184,109.14617387047689,72.01099369252887,4.787120579434332,1.3186083752251272,0.9997037108135002,0.9999850358996722,0.9998759113234476,1.0000321454637708,0.0,567.4075225879415,348.7189465957809,348.71894659577947,665.8171108466117,1122.2778768111275,729.3928520093004,236.32971510804705,196.5555676163457,52.8028049557736,66.47763534376828,0.0134414607409212,0.0054973154500146,True,,,,0,False,30.16324373796141,0.02
refine_mild_0.02_R1.400_C0.780,modifier,mild,1.4,0.78,130.0,80.0,129.01287026934924,80.18649564356137,ok,126.6501871579967,129.23782232138123,86.02264101603366,108.60281716792792,72.01203412016321,4.799023945092682,1.308474347614739,0.999800431935177,0.9999899208048072,0.9999166598071044,1.0000215665812202,0.0,563.6158831553767,384.9174337757389,384.9174337757377,661.6657240571969,1118.9869755781565,724.5027408132873,234.903928499346,194.85384012094775,43.21518130534757,66.6419717721731,0.0133526667839873,0.0096451053841519,True,,125.0,767.0,0,False,34.111196234343105,0.02
refine_mild_0.02_R1.400_C0.760,modifier,mild,1.4,0.76,130.0,80.0,129.01287026934924,80.18649564356137,ok,131.30436854501022,129.75455055812108,85.51887415864567,108.63701260005242,72.01137066915211,4.799366767268971,1.3088256630611224,0.99973817574519,0.999986776552787,0.9998883934372956,1.000029449436913,0.0,563.4117252531247,382.6671515225092,382.6671515225079,661.3321802836069,1119.167433349135,724.073226155773,234.81957265181444,194.72367114669817,44.23567639947541,66.64734642142982,0.0097371327353812,0.0041880107899885,True,,130.0,776.0,0,False,28.98435027888534,0.02
refine_higher_0.005_R1.985_C0.445,modifier,higher,1.985,0.445,150.0,90.0,148.60512489521057,90.7067870743288,ok,120.63379886501934,149.39543429681487,89.47127131918486,120.62542194764535,72.01324142028523,3.8558181219443854,1.8268820760040698,0.9998351283022691,0.9999916731465788,0.9999312324500242,1.0000177360082116,0.0,438.09795218249155,282.271069975205,282.2710699752049,512.753497669894,880.0295959927605,560.0144691750031,182.5797598431799,150.42207541690425,59.924162977630004,53.54318241892455,0.011461007318445127,0.006879400600595886,True,,118.0,600.0,0,False,2.151088131473044,0.005
refine_higher_0.005_R1.980_C0.445,modifier,higher,1.98,0.445,150.0,90.0,148.60512489521057,90.7067870743288,ok,121.62884170099278,149.35196288335732,89.38535573966334,120.54521429562908,72.01416731839934,3.8625851520292502,1.8224198701971774,0.9998740455596141,0.999993638664627,0.9999448467959349,1.0000149749741234,0.0,438.77594649240166,282.6087818636762,282.60878186367506,513.5286049312953,881.508031611972,560.8503040728024,182.86213234469895,150.64411535407777,59.96660714369398,53.6364620443563,0.009646372498139044,0.009815772733929862,True,,119.0,600.0,0,False,2.3039477527748313,0.005
refine_higher_0.005_R1.985_C0.450,modifier,higher,1.985,0.45,150.0,90.0,148.60512489521057,90.7067870743288,ok,122.51496933601447,149.12679685092,89.67415185897329,120.62269365324482,72.01252222606749,3.855771801327533,1.826878931544833,0.9997972354066381,0.9999897593639712,0.999912894867353,1.0000231680854608,0.0,438.38722803205155,283.5272982972342,283.5272982972342,513.1573671830508,880.2312039693211,560.5005231975674,182.7005249539194,150.56068240595673,59.4526449919467,53.54307392849239,0.010825244789913313,0.004700819670389933,True,,120.0,600.0,0,False,1.3384771173660182,0.005
refine_higher_0.005_R1.985_C0.440,modifier,higher,1.985,0.44,150.0,90.0,148.60512489521057,90.7067870743288,ok,122.71599693200551,149.6709166364301,89.2663265178839,120.62757108090241,72.01391030272066,3.8559322022878315,1.8268679378387698,0.9998549999696033,0.9999926767661416,0.9999363336163074,1.0000165021933491,0.0,437.80154432034567,280.98434092250136,280.98434092250176,512.3454813268042,879.8190891570939,559.5249644529247,182.45604538237387,150.28222530276238,60.404590118546196,53.544269240190886,0.00994149304440839,0.008853334430938276,True,,120.0,600.0,0,False,3.2108386503253152,0.005
refine_higher_0.005_R1.980_C0.450,modifier,higher,1.98,0.45,150.0,90.0,148.60512489521057,90.7067870743288,ok,128.35805219001486,149.08287918806093,89.58845603483198,120.54501516661114,72.0137433786061,3.8624626191471405,1.8224161218144492,0.9998436082056028,0.9999921014245257,0.9999349095614466,1.0000167822681,0.0,439.0635165301138,283.87070896069196,283.87070896068997,513.9295940390791,881.7041793228113,561.3339022843046,182.98217876224976,150.78244188614156,59.49442315322895,53.635076277601264,0.01034150144712953,0.008410139484595902,True,,126.0,600.0,0,False,1.4789134782389959,0.005
refine_higher_0.005_R1.985_C0.465,modifier,higher,1.985,0.465,150.0,90.0,148.60512489521057,90.7067870743288,ok,149.98829087099875,148.33682702278543,90.47048598702617,120.61992483459804,72.01232396133007,3.855759016003375,1.8268764581141337,0.9997739522601607,0.9999885834474826,0.9999057990372457,1.0000249552780094,0.0,439.13635553855556,287.1110762354656,287.1110762354683,514.2053986225264,880.7121938302694,561.7680326692885,183.01296125249027,150.92492027409958,57.86634103575926,53.54304380002902,0.012157376881987147,0.007175485773842638,True,,147.0,600.0,0,False,0.12782195220826284,0.005
refine_higher_0.005_R1.980_C0.465,modifier,higher,1.98,0.465,150.0,90.0,148.60512489521057,90.7067870743288,ok,150.01707115900354,148.29037055188195,90.33957503267823,120.5380245426268,72.01237515842999,3.862296772541537,1.8224279794669949,0.9997820568213069,0.9999889927687525,0.9999064678952914,1.0000248511058898,0.0,439.8361853690776,287.4602989450144,287.4602989450129,515.0038708085103,882.2271375753494,562.6268013042893,183.30456635500892,151.15238738708024,57.95079551920372,53.63379230367469,0.010291638525785629,0.006466691125481816,True,,147.0,600.0,0,False,0.23391498017741177,0.005
refine_higher_0.005_R1.980_C0.455,modifier,higher,1.98,0.455,150.0,90.0,148.60512489521057,90.7067870743288,ok,150.0238843120169,148.816200120692,89.78818849961539,120.54168795937984,72.01305296626694,3.8623242554650483,1.8224299356217273,0.9998315479824942,0.9999914923223476,0.9999297711211756,1.0000186261112454,0.0,439.3433090613773,285.1008691544829,285.1008691544817,514.3132495425232,881.9022447750037,561.7939808228891,183.09895594888573,150.91378422330936,59.028011621076615,53.63366912487763,0.01178882782167534,0.006377269728702117,True,,147.0,600.0,0,False,0.8883760922775552,0.005
refine_higher_0.005_R1.990_C0.440,modifier,higher,1.99,0.44,150.0,90.0,148.60512489521057,90.7067870743288,ok,153.29075580998324,149.71218907258412,89.35075809885015,120.7045099364262,72.01270265919473,3.849137871734682,1.831324631501912,0.9998111351358554,0.999990461370498,0.9999188722797603,1.0000215792030454,0.0,437.131031913568,280.64705628260987,280.6470562826098,511.5803145782835,878.3550400721006,558.6997925768878,182.1768225651552,150.0626839258947,60.361430973733974,53.45081811400695,0.01140927348723153,0.005223297543921035,True,,150.0,600.0,0,False,3.064405675161474,0.005
refine_higher_0.005_R1.985_C0.455,modifier,higher,1.985,0.455,150.0,90.0,148.60512489521057,90.7067870743288,ok,153.28318177201436,148.8604476723454,89.9057054677682,120.62150399876035,72.01236955616095,3.8557697771514166,1.82687986013615,0.9997829344282336,0.9999890370923348,0.9999069546899386,1.0000247322175284,0.0,438.65320230292315,284.7534044191949,284.7534044191929,513.5288957099915,880.4041367836428,560.9488858063994,182.81146075076137,150.68929623327108,58.9547422045772,53.54315933381948,0.010483266903349886,0.006532458989909173,True,,150.0,600.0,0,False,0.7069214608935583,0.005
refine_higher_0.005_R1.985_C0.475,modifier,higher,1.985,0.475,150.0,90.0,148.60512489521057,90.7067870743288,ok,166.02942499198252,147.91222919159264,91.51737523108315,120.87184361572082,72.0139773199449,3.823033536904488,1.8468914779963779,0.9999403772692272,0.999996988750971,0.9999755674157198,1.0000062010743498,0.0,440.9794077656511,269.6569675512211,269.6569675512207,516.5421158183253,883.3113049985873,564.4579985943246,183.77577871121593,151.6710838348082,56.394853960509494,53.08738218859168,0.0072216085077911885,0.012204797856014693,True,,164.0,895.0,0,False,1.1371576159625876,0.005
refine_higher_0.005_R1.980_C0.475,modifier,higher,1.98,0.475,150.0,90.0,148.60512489521057,90.7067870743288,ok,168.71487401402555,147.8696564481281,91.38270999611021,120.7886352710062,72.01584556092844,3.8302614099364067,1.842031452082475,1.0000427626015105,1.000002159727349,1.0000204948410396,0.9999940732316648,0.0,441.66593103643515,270.3525434585398,270.3525434585405,517.3313904551917,884.7764780703723,565.31142968941,184.06197505113897,151.89783221026835,56.48694645201789,53.1863700287438,0.014670925933074841,0.017083601527829728,True,,166.0,890.0,0,False,0.9977856328434105,0.005
refine_higher_0.005_R1.980_C0.470,modifier,higher,1.98,0.47,150.0,90.0,148.60512489521057,90.7067870743288,ok,177.45035528601147,148.12423180505104,91.13172163169493,120.7998526200777,72.01673904820792,3.829472697013356,1.8426586177897062,1.0000966347912907,1.0000048805450152,1.0000439227434224,0.9999876137435695,0.0,445.73339830327757,268.6632558248698,268.66325582486786,523.0359077995342,887.6531355601909,572.1842339176969,185.76307905267274,153.85376019543907,56.99251017335611,53.174758363467575,0.01853331466938357,0.019011956106027128,True,,174.0,900.0,0,False,0.4118275422071258,0.005
refine_higher_0.005_R1.985_C0.470,modifier,higher,1.985,0.47,150.0,90.0,148.60512489521057,90.7067870743288,ok,179.6255298279866,148.16363648999953,91.25067233875234,120.87230123918525,72.01481867848554,3.8230588737704694,1.8469008144228045,0.9999734405184119,0.9999986586120406,0.9999899655873743,1.0000022952731826,0.0,440.7409850748695,268.44709822681364,268.4470982268136,516.2104222919625,883.1473010420532,564.0582287733157,183.67626668204701,151.55673684376595,56.912964151247195,53.08711379027064,0.010346240503423587,0.014912297574369404,True,,177.0,895.0,0,False,0.49072319279284127,0.005
refine_higher_0.005_R1.985_C0.460,modifier,higher,1.985,0.46,150.0,90.0,148.60512489521057,90.7067870743288,ok,182.54072679698584,148.6796503205317,90.70498716726466,120.88070683215743,72.01517963380984,3.8228383779453745,1.847145151760337,1.0000000000795568,1.0000000000040181,1.0000000000515135,0.9999999999803186,0.0,448.9924970495159,266.1501783715438,266.1501783715441,527.797104469927,888.903473920617,578.0245017678537,187.1276782451958,155.53162583084014,57.97466315326703,53.08378590991697,0.013188760435781433,0.016302199767793013,True,,180.0,899.0,0,False,0.00555727868473444,0.005
refine_higher_0.005_R1.985_C0.480,modifier,higher,1.985,0.48,150.0,90.0,148.60512489521057,90.7067870743288,ok,226.0472741019912,147.6655954463737,91.77301879882867,120.86609742516433,72.01399052503679,3.823515091867168,1.8465684598410932,0.9999402834450724,0.9999969840123784,0.9999755433698597,1.0000062037002986,0.0,441.15778481165773,271.0032627832392,271.00326278323803,516.7984315419151,883.3926104723704,564.771111901686,183.85031915323924,151.76172417318912,55.89257664754501,53.09405941804965,0.007788874732170825,0.012274007065286696,True,,223.0,890.0,0,False,2.0195656755617004,0.005
refine_higher_0.005_R1.990_C0.450,modifier,higher,1.99,0.45,150.0,90.0,148.60512489521057,90.7067870743288,ok,121.58192324300762,149.17313823861542,89.75959834947517,120.70312720549882,72.01238235517816,3.849242230860858,1.831329028395879,0.9997825781879601,0.9999890191004022,0.9999067057451423,1.0000247890228193,0.0,437.7029934659063,283.18985740665335,283.1898574066553,512.3789014244219,878.7312897572939,559.6631224060476,182.41541155032633,150.33903079105752,59.41353988914025,53.45250504108718,0.010087014672279793,0.00480798325042997,True,,119.0,600.0,0,False,1.2198056387758134,0.005
refine_higher_0.005_R1.990_C0.445,modifier,higher,1.99,0.445,150.0,90.0,148.60512489521057,90.7067870743288,ok,124.11749512900133,149.43991876656733,89.55628886169796,120.7039126167993,72.01236579052414,3.8492454988463622,1.8313301055317874,0.9997830303987889,0.9999890419393329,0.9999069926291749,1.0000247252605827,0.0,437.4212194545048,281.9317784577871,281.93177845778587,511.98470933568274,878.5483260678243,559.1873729032025,182.2978516261433,150.20248410785698,59.883629904869366,53.45256271740028,0.010242086871301126,0.004759297008462227,True,,121.0,600.0,0,False,2.0205269449215653,0.005
refine_higher_0.005_R1.995_C0.445,modifier,higher,1.995,0.445,150.0,90.0,148.60512489521057,90.7067870743288,ok,115.19968542901915,149.4879489795652,89.64217688452823,120.78488463567786,72.01237345869819,3.842744350435385,1.8357785443239971,0.9997799846539674,0.9999888881138367,0.9999069663722145,1.0000247315674153,0.0,436.74245731266626,281.59987010742066,281.59987010741827,511.2137809677568,877.0551018272641,558.3596209005699,182.0150428866516,149.98375458355005,59.84577209503698,53.36227881225639,0.01091995913509436,0.0049186968616510285,True,,113.0,600.0,0,False,1.9127732201438223,0.005
refine_higher_0.005_R1.995_C0.450,modifier,higher,1.995,0.45,150.0,90.0,148.60512489521057,90.7067870743288,ok,117.48337167600403,149.21957360923463,89.87771470997464,120.78478262186155,72.01230385724475,3.8427569422997405,1.835773015903166,0.9997717175535734,0.9999884705835135,0.999904612302331,1.000024892057081,0.0,437.0160024678813,282.85172726623296,282.8517272662325,511.59791619262717,877.2327819937011,558.8247100837135,182.12918518347388,150.11706745470946,59.34185889925999,53.3625052451803,0.013082581825159423,0.007345700087114437,True,,115.0,600.0,0,False,1.0649082075016252,0.005
refine_higher_0.005_R1.995_C0.455,modifier,higher,1.995,0.455,150.0,90.0,148.60512489521057,90.7067870743288,ok,119.3722037000116,148.95116709731985,90.16748937070437,120.78274389640421,72.01242390021493,3.8426625234759806,1.8357596133222671,0.9997699892177208,0.9999883832938247,0.999903567043692,1.0000250082182705,0.0,437.268568343888,284.06326414792,284.0632641479196,511.95259339256734,877.3917263427375,559.2515226813539,182.23453015881938,150.23960689590214,58.78367772661548,53.36110514486531,0.015761081487113415,0.008294329603472761,True,,117.0,600.0,0,False,0.4105872187752263,0.005
refine_higher_0.005_R1.995_C0.470,modifier,higher,1.995,0.47,150.0,90.0,148.60512489521057,90.7067870743288,ok,120.20445320400177,148.17881808847966,91.007002216774,120.78348837470148,72.01220296328802,3.842849343265616,1.8357090498204514,0.9997527633708871,0.99998751330156,0.9998911033512541,1.0000283816725446,0.0,437.98221690602355,287.54959743106167,287.54959743105974,512.9520673273394,877.828426016826,560.4584793728859,182.53230149870953,150.5862666399492,57.17181587170566,53.363863138928124,0.01769103801987626,0.010871958272105076,True,,118.0,600.0,0,False,0.2718666252184921,0.005
refine_higher_0.005_R1.995_C0.440,modifier,higher,1.995,0.44,150.0,90.0,148.60512489521057,90.7067870743288,ok,153.9072216039931,149.75891300050654,89.43615541482995,120.78510085259454,72.01237994375867,3.8427357353997253,1.8357784943512419,0.9997829285400994,0.9999890367949543,0.999906882654238,1.000024745469999,0.0,436.45299977509274,280.31437789010545,280.31437789010533,510.80921427598855,876.8655714843924,557.8706861696871,181.89429408850424,149.8432351478006,60.322757585676584,53.36215437402407,0.010211007127111316,0.004770939672525287,True,,151.0,600.0,0,False,2.9457318060432645,0.005
refine_higher_0.005_R1.990_C0.455,modifier,higher,1.99,0.455,150.0,90.0,148.60512489521057,90.7067870743288,ok,186.9027103210101,148.98706069219895,90.55379440798515,120.96331136380994,72.01546501903357,3.8163191664304175,1.851687600096251,1.0000102809825713,1.0000005192415435,1.0000060559290387,0.9999978706958441,0.0,439.37662684356565,264.43020968650336,264.43020968650217,514.4833571364765,881.2057041705009,562.0758407626124,183.10746192747695,151.00583964913454,58.4332662842138,52.99305038746567,0.013666657427734208,0.01706618451761699,True,,185.0,899.0,0,False,0.16928170897609357,0.005
refine_higher_0.005_R1.995_C0.465,modifier,higher,1.995,0.465,150.0,90.0,148.60512489521057,90.7067870743288,ok,136.4847012149985,148.4314697754113,90.73243177118025,120.78325233949437,72.01244657051225,3.8427469439650723,1.8357328144360048,0.9997686022895793,0.9999883132469491,0.9999026275589203,1.0000253781984971,0.0,437.74957587791585,286.4146421809802,286.41464218097866,512.6284689925639,877.689536591984,560.0677337173518,182.4353418500017,150.47377659280005,57.699038004231056,53.362260650349924,0.014793572313493542,0.00889630777898276,True,,133.0,600.0,0,False,0.03081375110909917,0.005
refine_higher_0.005_R1.990_C0.475,modifier,higher,1.99,0.475,150.0,90.0,148.60512489521057,90.7067870743288,ok,173.63631781199365,147.9581018763258,91.64746944109746,120.95300173842233,72.01485811404889,3.8164568914222463,1.8514352922109023,0.9999345444665616,0.9999966941649784,0.9999733435757374,1.0000067212058874,0.0,440.2419217853467,269.2415750377353,269.2415750377338,515.6987425008881,881.7283641306642,563.5463013820311,183.46859356339638,151.42864753124218,56.31063243522834,52.99540943867693,0.009694926266007542,0.011227142644571586,True,,171.0,895.0,0,False,1.3035221021162358,0.005
refine_higher_0.005_R1.990_C0.470,modifier,higher,1.99,0.47,150.0,90.0,148.60512489521057,90.7067870743288,ok,194.98487670498434,148.2081074196232,91.38716217320085,120.95829068627374,72.01398916773503,3.815961161922771,1.8517571255224994,0.9999459941003666,0.9999972724293127,0.9999778864920487,1.0000056086809046,0.0,448.5834007580321,268.08731034490097,268.0873103448986,527.4074605105027,887.56369256314,577.659028975175,186.95729559937044,155.4468140038648,56.82094524642234,52.98916510561068,0.007725025788204221,0.011084100290730703,True,,193.0,900.0,0,False,0.6205331510869216,0.005
refine_higher_0.005_R1.990_C0.465,modifier,higher,1.99,0.465,150.0,90.0,148.60512489521057,90.7067870743288,ok,218.76476954700775,148.46151804849723,91.11411224442207,120.95929918832735,72.0140008384518,3.815979917017245,1.8517584738317538,0.9999406107194879,0.9999970005413892,0.9999757022541091,1.0000061562870908,0.0,439.8472787079327,266.6979358668451,266.69793586684403,515.1346668148672,881.5448329446044,562.8600843002583,183.30372596654908,151.23070572182695,57.34740580407515,52.989416954872276,0.0072816286577221945,0.012313486632322679,True,,216.0,900.0,0,False,0.18653672061446236,0.005
refine_higher_0.005_R1.990_C0.460,modifier,higher,1.99,0.46,150.0,90.0,148.60512489521057,90.7067870743288,ok,228.47153102298034,148.79541918576484,91.27710486645637,121.18720560938337,72.01210302401869,3.788293133125508,1.8692133533455126,0.9997806703725435,0.9999889227460879,0.9999071659252057,1.0000243066392538,0.0,449.5063554043027,252.85471249386904,252.85471249386757,528.4652530393536,889.5202943196243,578.8113559984805,187.33450940846373,155.75297428289332,57.51831431930847,52.60633940744617,0.015069628400965485,0.008280231314856223,True,,,,0,False,0.36147430103481976,0.005
refine_higher_0.005_R2.000_C0.445,modifier,higher,2.0,0.445,150.0,90.0,148.60512489521057,90.7067870743288,ok,118.56513281000662,149.53632417743555,89.72773323234787,120.86600764948221,72.0122543770993,3.836273651293901,1.840216822369027,0.9997662617242852,0.9999881950365794,0.9999020832547358,1.0000253442384808,0.0,436.06620811651925,281.26823427685105,281.2682342768487,510.44866386298105,875.5659651590354,557.5392243702814,181.73332384608034,149.76663247955054,59.80859094508767,53.27251152567554,0.014098035295006639,0.005616039569218856,True,,116.0,600.0,0,False,1.8256785287139352,0.005
refine_higher_0.005_R1.990_C0.480,modifier,higher,1.99,0.48,150.0,90.0,148.60512489521057,90.7067870743288,ok,225.89029441500315,147.71573681127325,91.91886602658997,120.95529170515478,72.01429568174468,3.8159251423512917,1.851751820603408,0.9999613148841273,0.9999980462062688,0.9999842918605104,1.000003951205111,0.0,448.8550156346579,274.23518392213987,274.2351839221395,527.7854456098522,887.721689598478,578.1156208068985,187.07040412976386,155.578421787811,55.79687078468328,52.988439395632554,0.010767800465941946,0.01092894358093588,True,,223.0,900.0,0,False,2.2601465503642224,0.005
refine_higher_0.005_R1.995_C0.475,modifier,higher,1.995,0.475,150.0,90.0,148.60512489521057,90.7067870743288,ok,153.78968166498817,147.9277773170711,91.2768562209101,120.78185711308984,72.01206153785063,3.842769593620971,1.8357108306450132,0.9997412424781291,0.9999869314382897,0.9998908782709577,1.0000284792899075,0.0,438.2015891238194,288.66098490533466,288.66098490533363,513.2603878394852,877.9769648467617,560.830521066425,182.62400515591088,150.6926334240573,56.650921096161,53.3628604924906,0.01646204870567658,0.009247604958815714,True,,151.0,600.0,0,False,0.7837785734953291,0.005
refine_higher_0.005_R2.000_C0.455,modifier,higher,2.0,0.455,150.0,90.0,148.60512489521057,90.7067870743288,ok,110.9982163280074,148.99844361079303,90.29881944676126,120.8653783997383,72.01247260115198,3.8362511468018226,1.8401877547682033,0.9997726723131759,0.9999885188036968,0.9999042277910605,1.0000248824221503,0.0,436.58147782249455,283.72418723078124,283.7241872307797,511.1723946829254,875.892713136976,558.4115147013076,181.94840588194788,150.01668963102856,58.699624164031775,53.272037582284796,0.0150051957133428,0.008603833284212214,True,,109.0,600.0,0,False,0.3211371971705317,0.005
refine_higher_0.005_R1.995_C0.460,modifier,higher,1.995,0.46,150.0,90.0,148.60512489521057,90.7067870743288,ok,225.89469222299522,148.7635707310217,90.96646838123384,121.04084051148266,72.01399166177548,3.8094316714273977,1.8563015749345455,0.999942949991915,0.9999971186864605,0.999976640512413,1.0000059241516097,0.0,443.23505817554417,265.28123503467236,265.28123503466895,520.0778427549218,882.871495399808,568.9204952843743,184.7220483787903,152.97242077064288,57.79710234978786,52.89849352218893,0.007715470439165983,0.012306961407787753,True,,223.0,900.0,0,False,0.09253946404179755,0.005
refine_higher_0.005_R2.000_C0.450,modifier,higher,2.0,0.45,150.0,90.0,148.60512489521057,90.7067870743288,ok,140.79634499398526,149.26496871513183,90.00880435202728,120.86474049009107,72.0124283415891,3.836194657781302,1.840207053153807,0.9997706605138224,0.9999884171976676,0.9999036986266654,1.000025017066771,0.0,436.3306176562396,282.50957384835704,282.5095738483551,510.8196004876754,875.73418046654,557.9856047198339,181.84365245860997,149.89458983485446,59.256164363104546,53.27128588949135,0.015781925819567277,0.008353489375991785,True,,138.0,600.0,0,False,0.9225737473197229,0.005
refine_higher_0.005_R2.000_C0.465,modifier,higher,2.0,0.465,150.0,90.0,148.60512489521057,90.7067870743288,ok,127.45880551100709,148.4788302155028,90.86246391026319,120.8657791182122,72.01193225736034,3.836364248399572,1.840153212966693,0.9997285729447004,0.9999862915628639,0.9998856999148407,1.0000298574688162,0.0,437.0661588712628,286.07038065901577,286.0703806590153,511.84778165672367,876.2003070783496,559.226193984105,182.1506875566482,150.25061476752398,57.61636630523961,53.2740079059253,0.017558441476154485,0.009844569681348503,True,,124.0,600.0,0,False,0.040185623369029755,0.005
refine_higher_0.005_R2.000_C0.475,modifier,higher,2.0,0.475,150.0,90.0,148.60512489521057,90.7067870743288,ok,115.75145903998055,147.97331331519825,91.40801311044919,120.86316894972472,72.01311706915207,3.8361954431132763,1.8402375935637636,0.9998043659996114,0.9999901194949303,0.9999184109798576,1.000021125508042,0.0,437.5019163153106,288.3112589215416,288.31125892154114,512.4545594643425,876.4754349575445,559.9593071089896,182.33237623332462,150.46028589903182,56.565300204749065,53.27078731267098,0.011778579087831531,0.007789009589075135,True,,114.0,600.0,0,False,0.8909038263707654,0.005
refine_higher_0.005_R2.000_C0.470,modifier,higher,2.0,0.47,150.0,90.0,148.60512489521057,90.7067870743288,ok,137.40864521099138,148.22296377561793,91.13737893464366,120.863565155166,72.01247711970237,3.8362680564517073,1.8402053226261343,0.9997780581131289,0.9999887908137941,0.9999065739401628,1.0000242785957136,0.0,437.28580625781916,287.2038878818431,287.2038878818423,512.1557930648403,876.3470429092281,559.5988268638573,182.24224699791262,150.3570220180589,57.08558484097426,53.2722690551929,0.01594486807223916,0.007714189042317798,True,,134.0,600.0,0,False,0.33145647149771273,0.005
refine_higher_0.005_R1.995_C0.480,modifier,higher,1.995,0.48,150.0,90.0,148.60512489521057,90.7067870743288,ok,197.50574989197776,147.76259300376734,92.04712083723096,121.03661370416401,72.01449911525877,3.809404130630161,1.8562900642631635,0.9999580230733844,0.9999978799532028,0.9999829037799766,1.0000043083378674,0.0,448.1205304580918,273.9193510426543,273.9193510426528,526.9379268348091,886.1885328155181,577.1937993103654,186.76429547390964,155.33206970743868,55.71547216653637,52.89773833645962,0.010878813280498889,0.011861148463083282,True,,194.0,900.0,0,False,2.5063545840743755,0.005
refine_intermediate_0.005_R1.700_C0.590,modifier,intermediate,1.7,0.59,140.0,90.0,139.95366838673382,89.7625889323308,ok,147.10986651698477,139.77685386180332,89.10538199935641,115.54636756559806,72.01460604176732,4.253233804792925,1.580315165126086,0.9999482385483188,0.9999973857852674,0.9999797335909759,1.000004866859133,0.0,498.26172220329676,329.06266130801646,329.06266130801544,585.4132302805772,987.3791596284505,641.1178342598989,207.6604326465045,172.48014945629598,50.67147186244691,59.060710577603054,0.012112864881288488,0.009234905547401695,True,,145.0,752.0,0,False,0.46318432897600464,0.005
refine_intermediate_0.005_R1.700_C0.595,modifier,intermediate,1.7,0.595,140.0,90.0,139.95366838673382,89.7625889323308,ok,152.8654052829952,139.59488943651152,89.24698452985601,115.5408286479154,72.01443736573134,4.25320109602389,1.5802639250660795,0.999924184833406,0.999996170951182,0.9999696979985234,1.0000074122093205,0.0,498.3250163984877,324.6652806166104,324.6652806166071,585.5099609162169,987.350256992187,641.2393330762347,207.68688788497474,172.51595583343897,50.347904906655515,59.060394715349275,0.011769353275411731,0.00850453637906412,True,,151.0,752.0,0,False,0.39457023497400495,0.005
refine_intermediate_0.005_R1.700_C0.605,modifier,intermediate,1.7,0.605,140.0,90.0,139.95366838673382,89.7625889323308,ok,146.01086384098744,139.2370913175193,89.52160149407617,115.52652115387876,72.01478010181906,4.2533565968244895,1.579998593220089,0.9999547132028641,0.9999977127880227,0.9999822562828937,1.0000042658792556,0.0,498.52438597583017,326.61126623570317,326.6112662357012,585.8005787454035,987.3748090827598,641.597427459704,207.7701075213658,172.62064471400407,49.71548982344312,59.06227292245876,0.01354479603108416,0.009820739181733984,True,,144.0,747.0,0,False,0.5715576415206272,0.005
refine_intermediate_0.005_R1.700_C0.585,modifier,intermediate,1.7,0.585,140.0,90.0,139.95366838673382,89.7625889323308,ok,186.1968006149982,139.95987070793748,88.96122410715958,115.54989308801835,72.01426636787015,4.253528355683175,1.5802711480164915,0.99991820265057,0.999995868820736,0.9999671894277284,1.0000081308799436,0.0,498.13787378524484,325.6116466681401,325.61164666813943,585.2386804614034,987.2971445354679,640.9041513683444,207.60887502548348,172.4177196432445,50.9986466007779,59.06507932685025,0.009635507424519574,0.007927339020028512,True,,183.0,752.0,0,False,0.642224051810013,0.005
refine_intermediate_0.005_R1.700_C0.615,modifier,intermediate,1.7,0.615,140.0,90.0,139.95366838673382,89.7625889323308,ok,152.0033182229963,138.88983154496344,89.7927705315198,115.51310113426041,72.01684370870393,4.253632044186598,1.579767225164685,1.0000840251985197,1.000004243696896,1.0000390430524257,0.9999888345349053,0.0,490.1065918154633,328.1575797485508,328.15757974855114,573.993767815027,981.4523402256467,627.3719529681579,204.24946763490794,168.57181116092357,49.097061013443636,59.064405285405556,0.021362341372793026,0.015943968731136238,True,,150.0,743.0,0,False,1.1326597548375859,0.005
refine_intermediate_0.005_R1.705_C0.585,modifier,intermediate,1.705,0.585,140.0,90.0,139.95366838673382,89.7625889323308,ok,152.48153874100535,140.0281427934309,89.06898555919956,115.6501525877259,72.01482595853707,4.245270339456211,1.584840244547599,0.99995692783137,0.999997824637948,0.9999836110812901,1.0000037877246197,0.0,497.209788781601,322.62384928115824,322.6238492811575,584.1672402908428,985.3644343133734,639.7415233175575,207.2221269357919,172.10776950740376,50.95915723423134,58.94994930488964,0.013267641791458118,0.008327505466979801,True,,150.0,753.0,0,False,0.4866320764719148,0.005
refine_intermediate_0.005_R1.700_C0.610,modifier,intermediate,1.7,0.61,140.0,90.0,139.95366838673382,89.7625889323308,ok,189.51550220200443,139.05841631856927,89.6545035596817,115.51735354853942,72.01600955292457,4.25360390150722,1.5797797033704644,1.0000402304387388,1.0000020318403413,1.0000196530492036,0.9999941239765733,0.0,498.6032801582825,332.3576092974574,332.35760929745663,585.92105045269,987.3789333896484,641.749707953702,207.80302299446805,172.66555844658143,49.40391275888757,59.06469864011621,0.01740790940766601,0.013985626262311257,True,,186.0,742.0,0,False,0.8131587133336031,0.005
refine_intermediate_0.005_R1.705_C0.580,modifier,intermediate,1.705,0.58,140.0,90.0,139.95366838673382,89.7625889323308,ok,179.48441408399958,140.2160745826194,88.92864917528865,115.65908372557693,72.01432888008605,4.245052499776658,1.5850474550414486,0.9999256232354132,0.9999962435977477,0.9999703520357806,1.0000072969985112,0.0,497.1575537048136,326.48846454917646,326.4884645491756,584.0753695972437,985.4311348230278,639.6223705157372,207.20013536023578,172.07167616263115,51.287425407330744,58.94733125743996,0.010477804295078386,0.008076082949017405,True,,176.0,757.0,0,False,0.764312530014651,0.005
refine_intermediate_0.005_R1.705_C0.590,modifier,intermediate,1.705,0.59,140.0,90.0,139.95366838673382,89.7625889323308,ok,166.23890182800824,139.84489366692927,89.21286303150335,115.64524128022815,72.01490685960997,4.245125388262455,1.5848359110176673,0.9999670544981251,0.999998336085764,0.999987923941307,1.0000026298781415,0.0,497.3551255671599,328.52692449008214,328.5269244900826,584.3715639455072,985.4638851993843,639.9902394876772,207.2826604114822,172.17972018451223,50.63203063542592,58.94787028660814,0.013826725545868612,0.010069627106020107,True,,163.0,752.0,0,False,0.31403050570911584,0.005
refine_intermediate_0.005_R1.705_C0.595,modifier,intermediate,1.705,0.595,140.0,90.0,139.95366838673382,89.7625889323308,ok,153.62007768300828,139.66132512223544,89.34981482966711,115.6359490668509,72.01520541648658,4.245446848108688,1.5845759670049195,0.9999892409294879,0.9999994566126007,0.9999976188290771,1.0000000160025997,0.0,497.4319896788648,329.5027699516553,329.502769951653,584.491400281209,985.4437269852783,640.141069145159,207.3148563847248,172.22449931521152,50.31151029256833,58.95208968100465,0.0151187774302457,0.011042809023933842,True,,151.0,747.0,0,False,0.25584704412738685,0.005
refine_intermediate_0.005_R1.705_C0.600,modifier,intermediate,1.705,0.6,140.0,90.0,139.95366838673382,89.7625889323308,ok,149.14037868898595,139.48303348226753,89.48966291267155,115.6318494108531,72.01552505236795,4.24534337255631,1.5845204892287297,1.0000005649499362,1.0000000285328254,1.000002584604204,0.9999987264539447,0.0,497.5138319777766,327.7559535223628,327.7559535223604,584.6062854197836,985.4350027377063,640.2795368501578,207.3489827527477,172.26487974710085,49.99337056959598,58.95039117564163,0.016276638139714805,0.012854409486905638,True,,147.0,747.0,0,False,0.29598582550904035,0.005
refine_intermediate_0.005_R1.705_C0.605,modifier,intermediate,1.705,0.605,140.0,90.0,139.95366838673382,89.7625889323308,ok,143.6533217879769,139.30819032523988,89.63159685114633,115.62815726154989,72.01640770181646,4.245359395448888,1.5845127983633767,1.0000494974000191,1.0000024998686885,1.0000240848382962,0.9999928660903974,0.0,488.9346167938334,325.9018109929043,325.90181099290464,572.5660152104025,979.4631230545532,625.7691911497759,203.76071263569997,168.13374982240046,49.67659347409355,58.94989115573184,0.019344545313714434,0.01750149516172428,True,,142.0,747.0,0,False,0.43380085320302275,0.005
refine_intermediate_0.005_R1.705_C0.615,modifier,intermediate,1.705,0.615,140.0,90.0,139.95366838673382,89.7625889323308,ok,144.75185481400695,138.95758725026593,89.90319003655547,115.61473379752331,72.01565033532046,4.244883716500916,1.5845508847947773,1.0000311554802073,1.0000015735091008,1.0000152434821112,0.9999954068182049,0.0,497.80300695995925,332.42782662883025,332.42782662883144,585.0268190215264,985.5338581306935,640.7985197079972,207.4694055003791,172.41711346320994,49.05439721371046,58.94390589734063,0.01699571252507326,0.014394861950705717,True,,143.0,747.0,0,False,1.0119463009363667,0.005
refine_intermediate_0.005_R1.705_C0.620,modifier,intermediate,1.705,0.62,140.0,90.0,139.95366838673382,89.7625889323308,ok,149.22167754999828,138.78461671911,90.0362863088366,115.6079785048138,72.01461379101212,4.244348708491878,1.584563836484919,0.9999515832439598,0.9999975547092905,0.9999810168509069,1.0000044721649832,0.0,497.8801822654797,328.25299777393275,328.2529977739332,585.1403710746436,985.5306429664197,640.9395060459271,207.50175316421658,172.45819381221037,48.74833041027341,58.937325149157424,0.010706007775922899,0.009749730026754833,True,,147.0,748.0,0,False,1.4415920554801864,0.005
refine_intermediate_0.005_R1.705_C0.610,modifier,intermediate,1.705,0.61,140.0,90.0,139.95366838673382,89.7625889323308,ok,177.4483524959942,139.13157630209764,89.76791882484781,115.62099908595528,72.01619333870659,4.2451226047382935,1.5845507108911976,1.0000616239486764,1.0000031123206414,1.000028740439035,0.9999917254651622,0.0,497.71056476535205,331.591372726318,331.5913727263189,584.8947490868794,985.5031798869456,640.6366376929814,207.4308392906962,172.37000298055378,49.36365747724983,58.946778605370476,0.019403710653818962,0.017224738734682887,True,,175.0,747.0,0,False,0.6758638033757064,0.005
refine_intermediate_0.005_R1.710_C0.585,modifier,intermediate,1.71,0.585,140.0,90.0,139.95366838673382,89.7625889323308,ok,133.62597182299942,140.09804650579142,89.18134553538634,115.75441358581176,72.01469987008461,4.23683630297305,1.5895662012599059,0.9999488213322851,0.9999974152188018,0.9999796239802912,1.0000049778252413,0.0,496.36207397048327,324.3384416430143,324.3384416430139,583.1945171381128,983.5308675504969,638.6879665953129,206.86887728348617,171.82697669709006,50.916700970405074,58.832937033916046,0.01306376357422323,0.00957040487385541,True,,132.0,757.0,0,False,0.35868892775414135,0.005
refine_intermediate_0.005_R1.710_C0.580,modifier,intermediate,1.71,0.58,140.0,90.0,139.95366838673382,89.7625889323308,ok,167.75317766700755,140.28340121589335,89.03574427436976,115.75861964785497,72.01455069228578,4.2369734035241455,1.5895706900414897,0.9999345902542547,0.999996696477486,0.9999735197960915,1.0000066222764379,0.0,487.27176723791524,320.94557018919414,320.94557018919375,570.4210716423256,977.3006869723895,623.2855414302855,203.06694062454594,167.43934839306547,51.24765694152359,58.83496269564328,0.012287791149873328,0.00899286870225069,True,,166.0,757.0,0,False,0.6370268954320433,0.005
refine_intermediate_0.005_R1.710_C0.590,modifier,intermediate,1.71,0.59,140.0,90.0,139.95366838673382,89.7625889323308,ok,151.70163541199872,139.90795754494033,89.3151711531698,115.7412606847893,72.0161316306151,4.237618192998865,1.5890857384077193,1.0000484679551538,1.0000024478765233,1.000023177478365,0.9999932063325749,0.0,491.9641390333528,323.18577846561095,323.185778465611,577.0351816991213,980.391420227043,631.273590532956,205.02966708050224,169.71797207663818,50.59278639177053,58.84262452105095,0.017851592564539942,0.011938423525620578,True,,150.0,748.0,0,False,0.20227215016683145,0.005
refine_intermediate_0.005_R1.710_C0.595,modifier,intermediate,1.71,0.595,140.0,90.0,139.95366838673382,89.7625889323308,ok,141.20938407897484,139.73058561782847,89.45910197685481,115.73708236958444,72.0170071331544,4.237628669147216,1.589074237518889,1.0000926252657083,1.000004678043722,1.0000425626765943,0.9999878332354755,0.0,496.49208326260845,326.43702503776535,326.43702503776535,583.3957154854605,983.4695014740353,638.9440122174842,206.92303223038292,171.9042506944116,50.271483640973656,58.842054645677486,0.022499874541438203,0.019967878580132492,True,,139.0,748.0,0,False,0.14187025392656605,0.005
refine_intermediate_0.005_R1.710_C0.600,modifier,intermediate,1.71,0.6,140.0,90.0,139.95366838673382,89.7625889323308,ok,146.54499012898304,139.5534101643157,89.60303684224571,115.73586560561688,72.0160350699892,4.2369291858767655,1.5892989830267013,1.0000395191957474,1.0000019959189772,1.0000192293633228,0.9999943047445644,0.0,496.58951876605784,324.51545081700795,324.51545081700783,583.5290827369702,983.5322702597189,639.1016898869766,206.96353060273253,171.9491961689463,49.95037332206998,58.83313600587815,0.01944153761971279,0.01749480230787981,True,,145.0,752.0,0,False,0.18566351406384135,0.005
refine_intermediate_0.005_R1.710_C0.605,modifier,intermediate,1.71,0.605,140.0,90.0,139.95366838673382,89.7625889323308,ok,139.15057229698868,139.37460269810904,89.7420065375911,115.72943139667127,72.01564907079292,4.236666519112679,1.589333830594176,1.0000317369024896,1.0000016028738627,1.0000155026467255,0.9999953741892507,0.0,496.7414933915827,330.2437896968786,330.2437896968794,583.7506469011953,983.629840923649,639.3766673011208,207.02691183333843,172.02986721662802,49.63259616051795,58.829803990906825,0.016942196772390616,0.014444731309424697,True,,137.0,752.0,0,False,0.335740706715712,0.005
refine_intermediate_0.005_R1.710_C0.610,modifier,intermediate,1.71,0.61,140.0,90.0,139.95366838673382,89.7625889323308,ok,126.3557831569924,139.1995557569278,89.87668623130165,115.72215753767895,72.01415176505986,4.236220074684116,1.589306605117682,0.9999175061274364,0.9999958336428015,0.9999666884294593,1.0000083185961057,0.0,488.2503779071812,325.83086886242427,325.8308688624247,571.819733433134,977.7284759224653,624.993190323461,203.47552342427736,167.93405736505537,49.322869525626146,58.824827771414,0.008812292868441318,0.007553596423861109,True,,125.0,752.0,0,False,0.5817040520654102,0.005
refine_intermediate_0.005_R1.710_C0.620,modifier,intermediate,1.71,0.62,140.0,90.0,139.95366838673382,89.7625889323308,ok,123.28686671401374,138.85616947299124,90.14443986726175,115.70782665220172,72.01429551141334,4.236439217468317,1.5890793814027726,0.9999205959265467,0.9999959896932613,0.9999682131019125,1.000007860102417,0.0,496.9797639787274,327.78359990209685,327.78359990209844,584.1039893301382,983.6319194551584,639.8160607096765,207.12663261177676,172.15863324713848,48.71172960572949,58.82775339789162,0.01003989890418211,0.00787452787180598,True,,122.0,748.0,0,False,1.3503140021737934,0.005
refine_intermediate_0.005_R1.715_C0.580,modifier,intermediate,1.715,0.58,140.0,90.0,139.95366838673382,89.7625889323308,ok,122.82846136199078,140.3467987371624,89.13806369413712,115.85432039663907,72.01610513250363,4.2293799417661715,1.5938698644870457,1.0000492427249554,1.0000024870063096,1.000023397438105,0.9999931147109093,0.0,495.3272046491465,326.05248901800996,326.05248901800917,581.9729773248006,981.5582408855512,637.3418524599767,206.43754517507054,171.46351804736946,51.208735043025285,58.72825160406086,0.01786913520680855,0.01477633411175816,True,,121.0,752.0,0,False,0.5445832455689739,0.005
refine_intermediate_0.005_R1.710_C0.615,modifier,intermediate,1.71,0.615,140.0,90.0,139.95366838673382,89.7625889323308,ok,133.47717642501811,139.02613122013398,90.00974100537225,115.71336598171469,72.01425701121994,4.236648765159319,1.5890843425742371,0.9999148593403426,0.9999956999666835,0.999965783155554,1.0000084968401128,0.0,496.8735449925468,326.9621959764079,326.96219597640703,583.949533573124,983.6020071435725,639.6261553753873,207.08230597172872,172.10328312747163,49.01639021476173,58.83069465674335,0.009478428777498493,0.0078323805288818,True,,132.0,748.0,0,False,0.9214093426327591,0.005
refine_intermediate_0.005_R1.715_C0.585,modifier,intermediate,1.715,0.585,140.0,90.0,139.95366838673382,89.7625889323308,ok,138.35324366099667,140.16471293797076,89.28406930246285,115.85041245854626,72.01659373425314,4.2294209403703515,1.5938253174895094,1.0000582568319891,1.0000029422642447,1.0000279807481856,0.9999918071269912,0.0,486.58012735745274,321.61826098347194,321.6182609834711,569.6913812460983,975.4603119801986,622.5386818057981,202.77917683137838,167.2491453980129,50.88064363550791,58.7284224518761,0.020247929228560224,0.019004970894485496,True,,136.0,752.0,0,False,0.2735208387757572,0.005
refine_intermediate_0.005_R1.715_C0.590,modifier,intermediate,1.715,0.59,140.0,90.0,139.95366838673382,89.7625889323308,ok,140.02064015498036,139.98021177914805,89.42771178109776,115.84436517726867,72.01645289191569,4.229179666691525,1.5938628707538733,1.000076936389759,1.0000038856762505,1.0000355118704307,0.9999898417098623,0.0,495.5362545196329,327.5105350840333,327.51053508403334,582.2773117314312,981.625486300141,637.717768105721,206.5246078717575,171.57448139732037,50.552499998050294,58.725187049114965,0.020428554873802796,0.018756323121948526,True,,138.0,752.0,0,False,0.11284725809881486,0.005
refine_intermediate_0.005_R1.720_C0.590,modifier,intermediate,1.72,0.59,140.0,90.0,139.95366838673382,89.7625889323308,ok,142.4536957910168,140.04317454782858,89.53163122465878,115.94102691914392,72.01441058683773,4.220668283639566,1.5984213706065091,0.9999394830733599,0.9999969435895639,0.9999760533364412,1.0000058289664429,0.0,494.6498471068166,324.42819714049386,324.42819714049074,581.2524488436795,979.7442227004927,636.6046198236894,206.15539351712275,171.27705282280692,50.5115433231698,58.60866247804837,0.010344059976375775,0.008388512022222017,True,,140.0,753.0,0,False,0.06135281560703497,0.005
refine_intermediate_0.005_R1.715_C0.615,modifier,intermediate,1.715,0.615,140.0,90.0,139.95366838673382,89.7625889323308,ok,144.28031578302034,139.0968760052983,90.12211755514532,115.81700375406957,72.0143329436581,4.22807959801372,1.593859624256302,0.999932482074042,0.9999965900037389,0.9999731798108875,1.000006576128827,0.0,496.0351547634157,331.14200113338836,331.14200113338916,582.9856593426239,981.8091376310706,638.5848054372865,206.7327760938012,171.826323690637,48.974758450152976,58.71164010255632,0.010569182953446443,0.008033462205489172,True,,142.0,752.0,0,False,0.8633540155088661,0.005
refine_intermediate_0.005_R1.720_C0.585,modifier,intermediate,1.72,0.585,140.0,90.0,139.95366838673382,89.7625889323308,ok,150.20324178499868,140.22978218833674,89.39409149138905,115.9511686811451,72.01560630851256,4.220735997457478,1.598651088510418,1.0000325062276039,1.000001641728668,1.0000158952986742,0.9999952465997152,0.0,485.7455324583243,325.88078684650634,325.8807868465064,568.7388080891645,973.6457622063818,621.5123134067278,202.43124144636158,166.97711556292364,50.835690696947694,58.60862962641707,0.016827027422607443,0.014556239301882101,True,,148.0,757.0,0,False,0.21202919541623555,0.005
refine_intermediate_0.005_R1.715_C0.595,modifier,intermediate,1.715,0.595,140.0,90.0,139.95366838673382,89.7625889323308,ok,151.63986421600566,139.795325996346,89.56812426119221,115.83779515342552,72.01539781952805,4.228856572205098,1.5938650965976595,1.0000147248077602,1.0000007436771605,1.0000084146017274,0.999997216749215,0.0,495.64481500654665,328.00946847476246,328.0094684747619,582.4234258891058,981.6652314135615,637.8912232238341,206.56989973169124,171.623817090025,50.2272017351538,58.72156094732258,0.01568605126223588,0.013083768467438972,True,,150.0,753.0,0,False,0.06288882091476737,0.005
refine_intermediate_0.005_R1.715_C0.610,modifier,intermediate,1.715,0.61,140.0,90.0,139.95366838673382,89.7625889323308,ok,151.78924614898278,139.26839381508773,89.98572571874779,115.82237619236196,72.01428519505981,4.228265705031094,1.5938633088833225,0.9999240957061617,0.999996166449808,0.9999696386647956,1.0000075012848173,0.0,495.94865493446633,330.2363106016038,330.23631060160665,582.8596991070915,981.7898005130428,638.4295251578933,206.69669373517445,171.78090977331777,49.28266809633995,58.71426333786833,0.00982295684761425,0.007868464500134564,True,,150.0,753.0,0,False,0.5193912639972325,0.005
refine_intermediate_0.005_R1.715_C0.605,modifier,intermediate,1.715,0.605,140.0,90.0,139.95366838673382,89.7625889323308,ok,154.0525646560127,139.4425411280329,89.84814779634429,115.82762289556342,72.01424484514254,4.228375561691969,1.593868323381793,0.9999258877987502,0.9999962569595333,0.9999703306235064,1.0000073373227596,0.0,495.85764122543355,329.7414872751424,329.74148727514034,582.7284836916433,981.7671605045183,638.267983383998,206.65873499922083,171.73368618929362,49.59439333168861,58.7158217208908,0.008893533305950996,0.007854009605736678,True,,152.0,752.0,0,False,0.2685713937984005,0.005
refine_intermediate_0.005_R1.720_C0.605,modifier,intermediate,1.72,0.605,140.0,90.0,139.95366838673382,89.7625889323308,ok,155.0150981170009,139.50942522039142,89.95431108038518,115.92600834874023,72.01437038212943,4.220401713470129,1.5983881560448971,0.9999289088570813,0.9999964095382361,0.9999717654121347,1.000006920855941,0.0,494.9554577579172,329.0367395309437,329.0367395309417,581.6882241390333,979.8715780399141,637.1392944198416,206.28282692460036,171.4326629713065,49.55511414000624,58.60499357385805,0.010937448212985146,0.008179921055258887,True,,153.0,753.0,0,False,0.2341093728965103,0.005
refine_intermediate_0.005_R1.725_C0.580,modifier,intermediate,1.725,0.58,140.0,90.0,139.95366838673382,89.7625889323308,ok,158.19746653799666,140.48060827548835,89.35342688118308,116.05335304054114,72.01441459430364,4.212494386846692,1.6032075674005302,0.9999406150666903,0.9999970007609456,0.9999765027113268,1.0000057119219106,0.0,493.57723024234497,324.4287006541639,324.42870065416594,579.9551516346355,977.8542236827554,635.1547564125729,205.70826933705362,170.88123712645245,51.12718139430527,58.495155595972875,0.010356543659639783,0.008412019571196083,True,,156.0,758.0,0,False,0.44507923046004005,0.005
refine_intermediate_0.005_R1.720_C0.595,modifier,intermediate,1.72,0.595,140.0,90.0,139.95366838673382,89.7625889323308,ok,174.56772438800544,139.86363520659435,89.67412696199857,115.93608418080669,72.01426853116612,4.220763056643564,1.5983960720184325,0.9999210463612316,0.9999960124424869,0.999968353965761,1.0000078360236233,0.0,494.761226070598,327.5195075950983,327.5195075951007,581.4101864712161,979.7971181906887,636.7972278857316,206.20181717939545,171.33245931837553,50.189508244595785,58.61009412067992,0.009468343145812241,0.00789997905941675,True,,172.0,753.0,0,False,0.015931493721087358,0.005
refine_intermediate_0.005_R1.715_C0.620,modifier,intermediate,1.715,0.62,140.0,90.0,139.95366838673382,89.7625889323308,ok,185.97282695700414,138.92453097443632,90.25165736697231,115.80664126159779,72.01447753394984,4.228383474884836,1.5936001798486557,0.9999266820957313,0.9999962970755434,0.9999700964354403,1.0000075331785299,0.0,487.6525184410476,326.9908787949269,326.9908787949282,571.2218602990577,975.9347457708817,624.4067868454915,203.2269271245925,167.78968391898474,48.67287360746401,58.715741885254204,0.011888027539754376,0.008597390192818466,True,,183.0,748.0,0,False,1.2983117471530945,0.005
refine_intermediate_0.005_R1.720_C0.610,modifier,intermediate,1.72,0.61,140.0,90.0,139.95366838673382,89.7625889323308,ok,187.1254791779793,139.3361051989357,90.09245377499964,115.92090325785145,72.01448242531721,4.220237505744956,1.5983853767004434,0.9999369463119459,0.9999968154703013,0.9999752638556011,1.0000059794100542,0.0,495.043388398664,329.8590697821302,329.8590697821295,581.8173233392602,979.8923395884751,637.2982869800735,206.31951077831388,171.47952097559886,49.24365142393607,58.602622189523665,0.011892135951654836,0.008636731495315075,True,,184.0,752.0,0,False,0.4901951053523046,0.005
refine_intermediate_0.005_R1.715_C0.600,modifier,intermediate,1.715,0.6,140.0,90.0,139.95366838673382,89.7625889323308,ok,187.16115649600397,139.61757723480184,89.7086719918616,115.83289218586548,72.01440635213281,4.228379500669084,1.593892753129962,0.9999381171741681,0.9999968746047572,0.9999753891612677,1.00000600192342,0.0,495.729686154961,324.01732055643214,324.01732055643333,582.5537596252522,981.6807455615148,638.0568145517248,206.605519169797,171.67278672243933,49.908905242940236,58.71574473575946,0.009729108378365936,0.008115978347248642,True,,184.0,753.0,0,False,0.1158642988765247,0.005
refine_intermediate_0.005_R1.720_C0.615,modifier,intermediate,1.72,0.615,140.0,90.0,139.95366838673382,89.7625889323308,ok,189.6441613700008,139.16502859251977,90.22913784492177,115.915676088492,72.0146041189211,4.220068607337273,1.5983830355378845,0.9999443756155577,0.9999971906876546,0.999978518700322,1.0000050981367123,0.0,495.12737296510693,330.60192112835887,330.60192112835614,581.9421212485086,979.9096673869238,637.454162334272,206.35455212185508,171.5251385777563,48.93589074759801,58.60017782460452,0.01256623403585877,0.009110360893245684,True,,187.0,752.0,0,False,0.8396206128577903,0.005
refine_intermediate_0.005_R1.725_C0.585,modifier,intermediate,1.725,0.585,140.0,90.0,139.95366838673382,89.7625889323308,ok,190.79081403597957,140.2964106511595,89.49911899459072,116.04872136110669,72.01427269756381,4.212599087377932,1.6031829541384315,0.9999241431501472,0.9999961688459666,0.9999696395153677,1.0000075058946902,0.0,493.69187237878987,325.33189230284034,325.3318923028388,580.1190927518156,977.9156392352311,635.3568124922249,205.75606973379197,170.9401338815884,50.79729165656879,58.496724740517195,0.009466281704817447,0.007930547445425873,True,,188.0,758.0,0,False,0.1868886679164068,0.005
refine_intermediate_0.005_R1.725_C0.595,modifier,intermediate,1.725,0.595,140.0,90.0,139.95366838673382,89.7625889323308,ok,148.36641506900196,139.9300727252488,89.77995783165356,116.03420403402933,72.01441021555162,4.212738581188612,1.6029166384896136,0.9999227822981067,0.9999961001160661,0.9999687562661719,1.0000076692711808,0.0,485.2060237058637,322.186179841255,322.18617984125467,568.2144741260882,971.9338057894024,621.0119377112758,202.20692407025768,166.85721422226766,50.150114893595244,58.49855006212165,0.011372546261668504,0.008352851817861051,True,,146.0,753.0,0,False,0.00085843390459979,0.005
refine_intermediate_0.005_R1.725_C0.610,modifier,intermediate,1.725,0.61,140.0,90.0,139.95366838673382,89.7625889323308,ok,142.9403040720208,139.40428255637977,90.19860182833025,116.01974072262824,72.01512105570914,4.212160843610848,1.6028973860667324,0.9999699635660539,0.9999984830083866,0.9999892301315401,1.0000022828206945,0.0,489.89081628289284,324.45916973430826,324.4591697343063,574.8099915321587,975.0416552142497,628.9750043909842,204.1660820410615,169.12895327434123,49.205680728049515,58.48995019188294,0.014444925550577636,0.010556433879401084,True,,140.0,753.0,0,False,0.49193203607164504,0.005
refine_intermediate_0.005_R1.730_C0.580,modifier,intermediate,1.73,0.58,140.0,90.0,139.95366838673382,89.7625889323308,ok,142.96563897200394,140.5501855150535,89.4642790288479,116.15592552651697,72.01428682643981,4.204284309867569,1.6079684147811493,0.9999284547171674,0.9999963866018786,0.9999714385605889,1.000007041511909,0.0,492.72209315160353,323.8555292763195,323.8555292763199,578.9730166548868,976.0511834287536,634.0935576936504,205.3518393743816,170.59900153963542,51.0859064862056,58.381253153283744,0.009619923466090086,0.007949690208448601,True,,140.0,763.0,0,False,0.44482148289473056,0.005
refine_intermediate_0.005_R1.725_C0.615,modifier,intermediate,1.725,0.615,140.0,90.0,139.95366838673382,89.7625889323308,ok,148.5476884090167,139.22758450307916,90.33042682914929,116.00960500320255,72.01587328896835,4.212403919795032,1.6026809650032359,1.0000302936943344,1.0000015299845622,1.0000154671460804,0.9999952253823081,0.0,494.15641713680134,325.5400458121332,325.54004581213087,580.8179028153227,977.8986257036281,636.2275576411596,205.95009087852358,171.19714193383342,48.89715767392987,58.49271455603252,0.01677409424141274,0.010644510195646717,True,,146.0,748.0,0,False,0.8496376831662884,0.005
refine_intermediate_0.005_R1.725_C0.605,modifier,intermediate,1.725,0.605,140.0,90.0,139.95366838673382,89.7625889323308,ok,156.922190081008,139.57820143710225,90.06152264669339,116.02451169287951,72.0150987326719,4.212314445350125,1.602954926082244,0.999980965807823,0.9999990386771621,0.9999939519404151,1.0000009965435583,0.0,494.05778482333267,328.54659204057276,328.5465920405736,580.6611670553715,977.9835872419308,636.0278785617302,205.90882952143784,171.1369280317125,49.51667879040886,58.492101232641595,0.014492230737033651,0.010620324989233154,True,,155.0,753.0,0,False,0.23033679584825276,0.005
refine_intermediate_0.005_R1.730_C0.585,modifier,intermediate,1.73,0.585,140.0,90.0,139.95366838673382,89.7625889323308,ok,148.6099360740045,140.36214241277204,89.60434953983227,116.14642981014893,72.01438168112796,4.204600889440504,1.607704374513294,0.9999339845074724,0.9999966658842154,0.9999738718874418,1.0000063800431096,0.0,492.8008138289637,324.9525758940755,324.95257589407595,579.0928868451905,976.0382159014533,634.2440306195518,205.38479636162515,170.64348652913105,50.757792872939774,58.38557231606918,0.010955082920446557,0.008257474748020854,True,,146.0,757.0,0,False,0.19189073528617656,0.005
refine_intermediate_0.005_R1.725_C0.600,modifier,intermediate,1.725,0.6,140.0,90.0,139.95366838673382,89.7625889323308,ok,175.09687012099312,139.7524238223656,89.92121453554282,116.02940552659054,72.01454709862394,4.212586863588013,1.602914644214634,0.9999350455687592,0.9999967194731705,0.9999736621845012,1.0000064802334112,0.0,493.93281780633964,323.08118816866534,323.08118816866374,580.4829934450531,977.9048487754453,635.8100878598952,205.85673408070716,171.07377842677317,49.8312092868228,58.49633210660721,0.012188554531576301,0.008911405715849696,True,,172.0,753.0,0,False,0.06566145668212657,0.005
refine_intermediate_0.005_R1.725_C0.590,modifier,intermediate,1.725,0.59,140.0,90.0,139.95366838673382,89.7625889323308,ok,192.62591803399846,140.11335633454496,89.64296662246788,116.0439460319882,72.01429242386187,4.212421503511307,1.6031792654609,0.9999303631856502,0.9999964829891752,0.999972237298276,1.000006834771813,0.0,493.79691610603595,326.24047225515244,326.24047225515136,580.269690032286,977.9509466486161,635.5414145896658,205.79986944484693,170.9939097155331,50.47038971207708,58.494242763892316,0.009818954010313519,0.007939103185876206,True,,190.0,757.0,0,False,0.03980973769307235,0.005
refine_intermediate_0.005_R1.730_C0.620,modifier,intermediate,1.73,0.62,140.0,90.0,139.95366838673382,89.7625889323308,ok,146.25153419698472,139.12292289106,90.58458126627826,116.09938249181063,72.01510413210224,4.204211942850518,1.6072040917971562,0.9999953111015978,0.9999997631869495,0.999999983709733,0.9999997037063406,0.0,493.3800125040215,330.5175037756376,330.5175037756369,579.942944443784,976.0986393114376,635.2949552476261,205.6264640479542,170.95277450150107,48.53834162478174,58.37958569272418,0.01393921289042055,0.01574784743608859,True,,144.0,748.0,0,False,1.3658094756507457,0.005
refine_intermediate_0.005_R1.730_C0.600,modifier,intermediate,1.73,0.6,140.0,90.0,139.95366838673382,89.7625889323308,ok,152.25346966300276,139.81671743738585,90.02728701653675,116.12792362486373,72.0157602057767,4.204419849664255,1.6074720458564786,1.0000210197359558,1.0000010616028252,1.0000114840954892,0.9999963156546219,0.0,488.7672233320085,322.4814884506009,322.4814884505996,573.4506275267945,973.0742678994206,627.4544929535672,203.69774698910197,168.71389409099817,49.7894304208491,58.3819408092147,0.01656881087177453,0.010841244168346975,True,,149.0,753.0,0,False,0.08882063830961034,0.005
refine_intermediate_0.005_R1.730_C0.605,modifier,intermediate,1.73,0.605,140.0,90.0,139.95366838673382,89.7625889323308,ok,154.55761350499233,139.6425020112028,90.16577019237526,116.12186549094295,72.01604613052962,4.204349734132767,1.6074298755388072,0.9999894230387496,0.9999994658100372,0.9999971089006567,1.0000003054235305,0.0,484.62913164703457,323.175106291485,323.175106291483,567.6445342603836,970.1383871991995,620.4581809950415,201.9669228082259,166.722672290559,49.47673181882753,58.380735406000376,0.015936484930506367,0.011587652433320272,True,,151.0,753.0,0,False,0.2593796417121586,0.005
refine_intermediate_0.005_R1.730_C0.590,modifier,intermediate,1.73,0.59,140.0,90.0,139.95366838673382,89.7625889323308,ok,185.59325091500068,140.1798491315031,89.74868693435673,116.14184613061005,72.01449835210973,4.204455831603719,1.6077021255486859,0.9999338207889263,0.9999966576156026,0.9999740016020825,1.0000062939355865,0.0,492.90055418620796,325.476257909885,325.476257909885,579.2385445593918,976.051533477116,634.4215657428867,205.42643359807477,170.69519089853048,50.431162197146364,58.383463438797186,0.011870234261806445,0.008722037623101642,True,,183.0,758.0,0,False,0.05135099485205104,0.005
refine_intermediate_0.005_R1.725_C0.620,modifier,intermediate,1.725,0.62,140.0,90.0,139.95366838673382,89.7625889323308,ok,203.05030150100356,139.2077978413961,90.80400991620714,116.23868388949725,72.01575414153822,4.191029415401659,1.6143621537997568,1.000021021178032,1.000001061675659,1.0000114118205556,0.999996342231904,0.0,487.2196295227204,311.5880804957516,311.5880804957517,570.8094552390895,974.5085522086969,624.0277984318313,203.0425804158122,167.7011449852069,48.40378792518895,58.196008156280634,0.01638774509109453,0.016938729647037576,True,,200.0,985.0,0,False,1.6408805360603689,0.005
refine_intermediate_0.005_R1.730_C0.595,modifier,intermediate,1.73,0.595,140.0,90.0,139.95366838673382,89.7625889323308,ok,181.94003739202162,140.00026713472056,89.8916825207142,116.13734709353974,72.01470342199009,4.204312991228325,1.6077000138902355,0.9999503486413714,0.9999974923556252,0.9999802420142969,1.0000048129938648,0.0,493.00001138848995,326.2857389744097,326.28573897440685,579.3850934927486,976.0987692721731,634.6047923693379,205.4678870350499,170.74903148456667,50.10858461400636,58.38131369634321,0.012959480489229236,0.00952438725863658,True,,179.0,758.0,0,False,0.018836597875633476,0.005
refine_intermediate_0.005_R1.730_C0.615,modifier,intermediate,1.73,0.615,140.0,90.0,139.95366838673382,89.7625889323308,ok,188.2654826969956,139.29585954855105,90.43635372107435,116.10611737638601,72.01592328463755,4.204599971521925,1.6072001587230167,1.0000471451336175,1.000002381067354,1.0000222774175342,0.9999935127345987,0.0,489.0869748671539,324.9889029564669,324.9889029564662,573.9170553098315,973.1489269448766,628.0293263070421,203.83128016790874,168.8820860238416,48.859505827476696,58.38430974360431,0.017344362823621395,0.012043624046356172,True,,186.0,748.0,0,False,0.8866714581420173,0.005
refine_intermediate_0.005_R1.730_C0.610,modifier,intermediate,1.73,0.61,140.0,90.0,139.95366838673382,89.7625889323308,ok,243.76272476100712,139.61066322084736,90.57399768808993,116.33657389691197,72.01587364839239,4.184231976431608,1.6184690330778957,1.0000315944450342,1.0000015956790431,1.0000160116616266,0.9999950808210558,0.0,486.0279158806047,310.28155355009187,310.28155355008846,569.3666219549897,972.4322690932206,622.4133295363433,202.54593368581703,167.26026674301625,49.036665532757425,58.101523517725354,0.016691785714300522,0.017072388280453765,True,,241.0,974.0,0,False,0.7760367127473852,0.005
refine_intermediate_0.005_R1.735_C0.580,modifier,intermediate,1.735,0.58,140.0,90.0,139.95366838673382,89.7625889323308,ok,147.4229048390116,140.61285897777964,89.56382119316741,116.248513465798,72.01450610833002,4.196821283474257,1.6122309547700084,0.9999315380535929,0.9999965423259396,0.9999721957547476,1.000006978937256,0.0,483.0046533655743,318.48103882385203,318.4810388238501,565.5519465806062,968.0140901822974,618.0363129877114,201.2892103202181,166.0463013700754,51.049037784612224,58.2774431190441,0.012798187000811367,0.008767530888917463,True,,144.0,758.0,0,False,0.4740408494554534,0.005
refine_intermediate_0.005_R1.735_C0.590,modifier,intermediate,1.735,0.59,140.0,90.0,139.95366838673382,89.7625889323308,ok,143.8854674989998,140.2469663085348,89.85308137120275,116.23897130994709,72.01522030258505,4.1964157768119525,1.6122245411439078,0.9999844073790192,0.9999992124938896,0.9999952510316192,1.0000007875647483,0.0,491.9862360934819,320.3736717214365,320.37367172143547,578.1827703950975,974.1450008766512,633.2745852580874,205.04541856329496,170.3891331584772,50.39388493733206,58.271234319355656,0.01545563365561975,0.011217828674801922,True,,142.0,758.0,0,False,0.09421255242576981,0.005
refine_intermediate_0.005_R1.735_C0.600,modifier,intermediate,1.735,0.6,140.0,90.0,139.95366838673382,89.7625889323308,ok,144.27970994799398,139.88441025176107,90.13330894765714,116.22564291187734,72.01601685619207,4.19659920955298,1.6119913863395496,1.0000434709449841,1.0000021955022707,1.0000209699489875,0.9999938016663181,0.0,492.1765372126197,326.9796309292484,326.9796309292477,578.4624857396975,974.1917813997381,633.6213203755328,205.12484627623823,170.49029296598388,49.751101304103926,58.2731369041573,0.017315459857542237,0.0140372829061306,True,,142.0,753.0,0,False,0.14223001902346735,0.005
refine_intermediate_0.005_R1.735_C0.605,modifier,intermediate,1.735,0.605,140.0,90.0,139.95366838673382,89.7625889323308,ok,144.33259203200578,139.7096459214738,90.2726758061306,116.21914142232609,72.0159050481083,4.196533888396541,1.6119899849094879,1.0000473101022986,1.0000023893991061,1.0000225577794395,0.9999934689237855,0.0,492.25755130663015,327.7801772985365,327.78017729853417,578.5826228202236,974.2083067899703,633.7694878860013,205.1585558651829,170.53487838806763,49.4369701153432,58.27232033803031,0.017971086411193937,0.015736930367779678,True,,142.0,753.0,0,False,0.3197355823744286,0.005
refine_intermediate_0.005_R1.735_C0.585,modifier,intermediate,1.735,0.585,140.0,90.0,139.95366838673382,89.7625889323308,ok,162.33393702999456,140.42894255977842,89.71015267200131,116.24458354263808,72.01480602379934,4.196686252982512,1.6122234746083677,0.999958733855318,0.9999979158512778,0.9999839828744672,1.0000038056109806,0.0,483.1995759845091,319.39375542484663,319.3937554248459,565.8345070016053,968.1298626015093,618.3821233214619,201.3706748452615,166.14585641957896,50.718789887777106,58.27532537677874,0.013388865546062334,0.009924764850211432,True,,160.0,758.0,0,False,0.2286351009605664,0.005
refine_intermediate_0.005_R1.735_C0.610,modifier,intermediate,1.735,0.61,140.0,90.0,139.95366838673382,89.7625889323308,ok,153.412457909988,139.53351910480424,90.40940362523351,116.21248236483413,72.01510727325797,4.196149610291326,1.6119926977384142,0.9999978459509404,0.9999998912096438,1.0000000064847097,0.9999994593664145,0.0,492.3549124595424,328.4792542839575,328.47925428395433,578.7135270438919,974.2450737470415,633.926158682553,205.19913817091924,170.58031733691502,49.12411547957073,58.26762979563763,0.01418665216044701,0.01176194752815718,True,,151.0,753.0,0,False,0.5948946660607687,0.005
refine_intermediate_0.005_R1.735_C0.595,modifier,intermediate,1.735,0.595,140.0,90.0,139.95366838673382,89.7625889323308,ok,175.80878766498063,140.061200859939,89.99176046839698,116.23044503343895,72.01588188680755,4.196703663873269,1.6119954649017527,1.0000321326402122,1.0000016228606166,1.000016179419824,0.9999950397451626,0.0,483.50432045550184,321.2175340541056,321.2175340541051,566.2789847467488,968.2277033207258,618.9280241960842,201.49805544455188,166.30428598236318,50.06944039154202,58.27469655192898,0.016844430961015178,0.010623699449595847,True,,173.0,753.0,0,False,0.06408282573655061,0.005
refine_intermediate_0.005_R1.735_C0.615,modifier,intermediate,1.735,0.615,140.0,90.0,139.95366838673382,89.7625889323308,ok,149.8167458930111,139.36440869090444,90.55756680903745,116.2075137761417,72.01424662641818,4.19585941279746,1.6119941572091172,0.9999323919642846,0.999996585452742,0.9999729523705612,1.0000066836679713,0.0,492.4420012893283,329.06836710607433,329.0683671060724,578.842218056895,974.2822476494769,634.0867383434615,205.2355726846425,170.62655256180875,48.80684188186699,58.26429643239819,0.008760912543351651,0.011500489081640808,True,,148.0,753.0,0,False,0.9792168135819566,0.005
refine_intermediate_0.005_R1.740_C0.605,modifier,intermediate,1.74,0.605,140.0,90.0,139.95366838673382,89.7625889323308,ok,148.16152394001256,139.77494387875458,90.37659989297178,116.31503759453514,72.01426951827196,4.188302953129856,1.616523043656377,0.9999278152595701,0.99999635430604,0.9999710735285492,1.0000071600205611,0.0,491.3720953735589,322.4428966490532,322.44289664905307,577.5615043943844,972.3387382250189,632.661700345918,204.7898290462161,170.23889949632184,49.3983439857828,58.15934787850859,0.008743031978411864,0.007591993894820348,True,,146.0,753.0,0,False,0.40895190953968324,0.005
refine_intermediate_0.005_R1.740_C0.595,modifier,intermediate,1.74,0.595,140.0,90.0,139.95366838673382,89.7625889323308,ok,159.73283987300238,140.13254721721427,90.10201640574746,116.33173145996075,72.01575571135557,4.188476934740296,1.6167421385816152,1.0000250675780487,1.000001266039295,1.0000128720015384,0.9999960345662476,0.0,491.1488547719911,320.5669156368622,320.566915636863,577.2320007225687,972.2789248907548,632.2543438424681,204.6964319034824,170.1202510314996,50.030530811466804,58.160563523460326,0.017997953746828443,0.015976755497902673,True,,157.0,758.0,0,False,0.14720864570407038,0.005
refine_intermediate_0.005_R1.740_C0.585,modifier,intermediate,1.74,0.585,140.0,90.0,139.95366838673382,89.7625889323308,ok,170.10247653498664,140.49491198249805,89.81375960189692,116.34101075105796,72.01531232094267,4.18867413975383,1.616749010607158,0.9999926971778331,0.9999996311705983,0.9999984927091559,0.9999999999970485,0.0,490.987357536981,319.0667671883466,319.06676718834547,577.0035397995794,972.2381433325027,631.974937887027,204.62919534949515,170.03840112601017,50.681152380601134,58.163659987845776,0.015580424336263832,0.011744562389736757,True,,167.0,758.0,0,False,0.2955630673796368,0.005
refine_intermediate_0.005_R1.735_C0.620,modifier,intermediate,1.735,0.62,140.0,90.0,139.95366838673382,89.7625889323308,ok,191.51469055601046,139.19235692231697,90.73690100955902,116.20234307404029,72.0142755108577,4.19582827554145,1.611984873926055,0.9999290581545547,0.9999964170785134,0.9999716622989319,1.0000069913258978,0.0,492.510372632201,329.73463697364343,329.7346369736414,578.9404746966738,974.2910163047379,634.2085049897792,205.26409578811408,170.6623455475252,48.455455912757955,58.26384068682102,0.009393959889195003,0.011031836026305086,True,,188.0,753.0,0,False,1.5288791696852955,0.005
refine_intermediate_0.005_R1.740_C0.615,modifier,intermediate,1.74,0.615,140.0,90.0,139.95366838673382,89.7625889323308,ok,153.18535136501305,139.4279402590474,90.70232945324719,116.30465581825796,72.01436513268271,4.1880976111561194,1.6165100399937045,0.9999300321063245,0.9999964662679963,0.9999722075020512,1.00000681375025,0.0,491.5403680327352,328.4037267088278,328.40372670882596,577.7976908887474,972.4102224152471,632.9507459386585,204.85989566608043,170.32301475931015,48.725610805800216,58.15641925662703,0.01050429952806553,0.011216658040254401,True,,151.0,753.0,0,False,1.159502310892873,0.005
refine_intermediate_0.005_R1.740_C0.590,modifier,intermediate,1.74,0.59,140.0,90.0,139.95366838673382,89.7625889323308,ok,190.41053636098513,140.31341654283793,89.95872347493307,116.33721577622467,72.0155487012887,4.188561015424777,1.616741394676946,1.000004414061535,1.0000002229324003,1.000004141715825,0.9999982734326235,0.0,491.1245490185361,324.50601680759974,324.5060168075986,577.1965347614411,972.3112889447452,632.2088288473428,204.68638994461713,170.10482506111654,50.35469306790486,58.16189824225868,0.016107307335801124,0.012923129339824868,True,,187.0,758.0,0,False,0.16788749462210262,0.005
refine_intermediate_0.005_R1.740_C0.610,modifier,intermediate,1.74,0.61,140.0,90.0,139.95366838673382,89.7625889323308,ok,189.72433132800506,139.60258129277358,90.52388197206272,116.31101917602741,72.01455066555947,4.188153054777172,1.616562826462213,0.9999480455524946,0.9999973760380054,0.9999795390366356,1.000004928416246,0.0,491.4562619442439,327.94015282273335,327.94015282273176,577.6836673395303,972.3582578689595,632.8102628403617,204.82484682208644,170.28202843505076,49.078699320710854,58.15703932150105,0.011409319866146461,0.013450816974213353,True,,187.0,754.0,0,False,0.7028292398897241,0.005
refine_mild_0.005_R1.280_C0.715,modifier,mild,1.28,0.715,130.0,80.0,129.01287026934924,80.18649564356137,ok,124.34005127398996,128.4348968513293,79.4673522105923,105.27678332689682,72.01557981141065,5.076114891508244,1.195216350014739,0.999934473095815,0.9999966905603946,0.9999743017217269,1.0000062157119138,0.0,590.4049845410398,402.3654512153645,402.3654512153637,691.9108575964324,1179.3469623565907,756.8505281500518,246.08089666054053,203.37389185103382,48.96754464073702,70.48634343847843,0.016415934522001407,0.009614263964706993,True,,122.0,600.0,0,False,0.8512205491201809,0.005
refine_mild_0.005_R1.280_C0.725,modifier,mild,1.28,0.725,130.0,80.0,129.01287026934924,80.18649564356137,ok,124.29038932800177,128.14279416231932,79.77103638514969,105.2672660591967,72.01632817156657,5.075792436568886,1.195206123713,0.99998618947655,0.9999993024988166,0.9999963653382398,1.000000418019461,0.0,590.6834481976362,403.5782062697572,403.57820626975627,692.3123182394534,1178.8985239216313,757.3449338703416,246.1964422971871,203.5181163377685,48.371757777169634,70.48113345180109,0.018131792683675485,0.01147685706392565,True,,122.0,600.0,0,False,0.9296388274243237,0.005
refine_mild_0.005_R1.280_C0.705,modifier,mild,1.28,0.705,130.0,80.0,129.01287026934924,80.18649564356137,ok,139.75068663500133,128.73154033243293,79.15647338199939,105.28587442220693,72.01518461671438,5.076512465617827,1.1952191801141887,0.9999070929983902,0.999995307727191,0.9999621650072557,1.0000095200291648,0.0,590.0980053532844,401.113594671275,401.1135946712742,691.4720038952364,1179.2445008380264,756.3141788610244,245.95340714183226,203.2175390001144,49.57506695043354,70.4922509417492,0.014429045009791253,0.009128498216625758,True,,137.0,600.0,0,False,1.1400923927185929,0.005
refine_mild_0.005_R1.280_C0.735,modifier,mild,1.28,0.735,130.0,80.0,129.01287026934924,80.18649564356137,ok,123.26365502999397,127.85876439935032,80.06860644614055,105.25670180469231,72.01705662833012,5.075506970544639,1.1952110484268124,0.9999931172536609,0.9999996523865489,0.9999992766951243,0.9999995309237002,0.0,590.9522381234985,404.75386825331645,404.75386825331424,692.705456577818,1178.2857611591244,757.8291639900676,246.30792553000325,203.66080751015767,47.79015795320977,70.4764566641291,0.022552096174507597,0.011850858240521234,True,,121.0,600.0,0,False,1.3458582220344784,0.005
refine_mild_0.005_R1.280_C0.730,modifier,mild,1.28,0.73,130.0,80.0,129.01287026934924,80.18649564356137,ok,134.62177829799475,128.0003630253783,79.9205803562261,105.26260193170215,72.01672901014165,5.075686913940525,1.1952089050817816,0.9999935597643275,0.9999996747355722,0.9999994950643274,0.9999993431299246,0.0,590.8202000378818,404.1716827889692,404.1716827889654,692.5099055575602,1178.5899636124095,757.5890476824667,246.25318402797905,203.59081254596367,48.07978266915221,70.47927590859825,0.020075085617278887,0.011590814440111785,True,,132.0,600.0,0,False,1.0958818591322101,0.005
refine_mild_0.005_R1.280_C0.710,modifier,mild,1.28,0.71,130.0,80.0,129.01287026934924,80.18649564356137,ok,149.56045223699766,128.58268437633478,79.31330334852822,105.28158700014421,72.01535556314428,5.076331307751126,1.1952203262905823,0.9999188852834062,0.999995903297141,0.9999672988838387,1.0000080990355333,0.0,590.2545225099248,401.7454783612478,401.74547836124907,691.6962709256143,1179.298015453845,756.5871296563904,246.01842860009572,203.29703390137468,49.26938102780656,70.48956806580108,0.015590040114773274,0.009316905227237271,True,,148.0,600.0,0,False,0.9475246866539013,0.005
refine_mild_0.005_R1.285_C0.700,modifier,mild,1.285,0.7,130.0,80.0,129.01287026934924,80.18649564356137,ok,121.50069053197512,128.9885631649931,79.19682247177828,105.43278903356416,72.01559020062564,5.065219338955156,1.1997302752677443,0.9999360485866893,0.9999967701306407,0.9999748221225639,1.0000060602280345,0.0,588.6839834587508,399.85854874567974,399.85854874568133,689.8119287760555,1176.4358222125302,754.4920340809788,245.36386203597584,202.72781376658298,49.791740693214834,70.33503891093783,0.016485039296497916,0.009694474280522059,True,,119.0,600.0,0,False,0.980043822269393,0.005
refine_mild_0.005_R1.285_C0.705,modifier,mild,1.285,0.705,130.0,80.0,129.01287026934924,80.18649564356137,ok,117.0438658890198,128.8376989925509,79.35439824381801,105.42820952648856,72.01595528093048,5.065068319521326,1.1997342544504184,0.9999553913754545,0.9999977470391643,0.9999834928888489,1.0000036533265906,0.0,588.8413089856614,400.49693578028257,400.4969357802835,690.0346937109814,1176.4882730327267,754.7651251456234,245.42918613948964,202.80826956016318,49.4833007487329,70.3325853244987,0.01735279843256876,0.010072292918138714,True,,115.0,600.0,0,False,0.7230710588748178,0.005
refine_mild_0.005_R1.285_C0.710,modifier,mild,1.285,0.71,130.0,80.0,129.01287026934924,80.18649564356137,ok,127.96633662900422,128.68697168894283,79.51148525351888,105.4237760095986,72.01633800388993,5.064919915053293,1.199720439999979,0.9999877031673419,0.9999993789478447,0.999996769776127,1.0000003080451645,0.0,588.984408506205,401.1290071835947,401.1290071835955,690.2436787057217,1176.5309338472703,755.0223243287527,245.4885624955649,202.8823500824131,49.17548643542395,70.33015084410032,0.01815496681052764,0.011556631600640799,True,,126.0,600.0,0,False,0.5618489113762195,0.005
refine_mild_0.005_R1.285_C0.720,modifier,mild,1.285,0.72,130.0,80.0,129.01287026934924,80.18649564356137,ok,105.59985126499669,128.39378973411698,79.81971397890636,105.41365420740469,72.01706497329981,5.064656403340129,1.1997257318976415,0.9999940728814093,0.999999700650576,0.9999995308090961,0.9999993815128914,0.0,589.2741522950616,402.3598236903217,402.35982369032286,690.6659551595923,1176.080966708714,755.5413390061344,245.60878077800237,203.03483862360713,48.574075755210615,70.32578188541619,0.022509754160751072,0.011971278803301288,True,,104.0,600.0,0,False,0.5177894986305566,0.005
refine_mild_0.005_R1.285_C0.725,modifier,mild,1.285,0.725,130.0,80.0,129.01287026934924,80.18649564356137,ok,111.72630331601249,128.2494890340637,79.97048281815823,105.40809829595621,72.01718032839374,5.064447904425659,1.1997249889730444,0.9999954825648856,0.9999997718467106,0.9999998089867139,0.9999991687143983,0.0,589.4123327951108,402.9578015994119,402.95780159941205,690.8682081837103,1175.7701410930003,755.7899882499745,245.66610392118992,203.1071854005355,48.27900621590548,70.32277411212299,0.023489394613392278,0.012581565014215812,True,,110.0,600.0,0,False,0.6294124511246966,0.005
refine_mild_0.005_R1.285_C0.715,modifier,mild,1.285,0.715,130.0,80.0,129.01287026934924,80.18649564356137,ok,129.34096432698425,128.53968588241975,79.66606833473392,105.41930748037187,72.01657723378244,5.064775553772234,1.1997212430810862,0.9999923759274426,0.9999996149458309,0.9999988571019854,0.9999996657964938,0.0,589.1322373617459,401.74890352472687,401.7489035247262,690.4563225764686,1176.3954879651483,755.2831183316032,245.54993189489886,202.95946950136374,48.873617547685825,70.32791266003663,0.019215332082950454,0.011621500531816764,True,,128.0,600.0,0,False,0.49474804780721904,0.005
refine_mild_0.005_R1.285_C0.740,modifier,mild,1.285,0.74,130.0,80.0,129.01287026934924,80.18649564356137,ok,101.27918383301585,127.8206993426707,80.4067026120772,105.38969373123494,72.0150956883256,5.063453058001021,1.1997099895700902,0.9999568393776439,0.9999978201705888,0.9999825181617221,1.0000043490197812,0.0,589.7974796188641,404.6759821136626,404.67598211366305,691.4196402308021,1174.873128581703,756.465998605599,245.82573716471256,203.30514661252815,47.413996730593496,70.31099534901901,0.016929651195283668,0.011602410119621709,True,,99.5,600.0,0,False,1.469762627400505,0.005
refine_mild_0.005_R1.285_C0.730,modifier,mild,1.285,0.73,130.0,80.0,129.01287026934924,80.18649564356137,ok,105.69795492297271,128.10471880406857,80.11627480917639,105.40143807892416,72.01620698987128,5.06409239704082,1.1997122174156987,1.0000051932025378,1.0000002622829565,1.0000045021002362,0.9999982465195274,0.0,589.5396305253752,403.53751305999043,403.53751305998844,691.0513361651806,1175.45210277502,756.0177032162687,245.7187001742296,203.1744839768914,47.98844399489218,70.31878807159421,0.02170351528991432,0.014505950326949346,True,,104.0,600.0,0,False,0.8296700494731466,0.005
refine_mild_0.005_R1.285_C0.735,modifier,mild,1.285,0.735,130.0,80.0,129.01287026934924,80.18649564356137,ok,105.78260447000503,127.96277105674758,80.2624893053282,105.39577542728486,72.01591657154799,5.063816594800313,1.1997063867736055,0.9999983879664469,0.9999999185841641,0.9999999275044911,0.9999999302872378,0.0,589.6709065993942,404.11339613343046,404.11339613342966,691.2397612326425,1175.1561135078878,756.2446232718752,245.7731828019336,203.24080027514367,47.70028175141938,70.31524190585561,0.020514936926474547,0.013705071210054598,True,,104.0,600.0,0,False,1.1084833929353395,0.005
refine_mild_0.005_R1.290_C0.700,modifier,mild,1.29,0.7,130.0,80.0,129.01287026934924,80.18649564356137,ok,105.87138661599602,129.0921047850786,79.39522276244165,105.57460397324829,72.0164579150443,5.053891932789509,1.20423327459811,0.9999913556767972,0.9999995634180197,0.9999982840170591,0.9999999271140918,0.0,587.4227597010221,399.24786303796736,399.2478630379678,688.371981954415,1173.6882402211786,752.9400924531369,244.8377091485316,202.31736233148797,49.69688202263694,70.17690232351384,0.018625805904719073,0.011665491074765555,True,,104.0,600.0,0,False,0.6323908808783743,0.005
refine_mild_0.005_R1.290_C0.705,modifier,mild,1.29,0.705,130.0,80.0,129.01287026934924,80.18649564356137,ok,93.48352809998323,128.94165890896767,79.55413685742671,105.5697323655593,72.01691387160304,5.053801335966765,1.204237265831288,0.9999953028279562,0.9999997627690888,1.0000000000019253,0.9999990960442782,0.0,587.5765601078601,399.8881508439699,399.88815084396566,688.595359570636,1173.7445947579558,753.2161737109382,244.90153823918195,202.39813705588716,49.387522051540955,70.1752000228314,0.021299118715290888,0.01177091760895621,True,,91.9,600.0,0,False,0.40494869224909363,0.005
refine_mild_0.005_R1.295_C0.740,modifier,mild,1.295,0.74,130.0,80.0,129.01287026934924,80.18649564356137,ok,114.825889603002,128.03333144347621,80.79835756671295,105.67196316441584,72.01447225478918,5.040416212660701,1.2087097728593208,0.9998876399935983,0.9999943252522006,0.999953831094856,1.000011747716804,0.0,587.2947276765727,403.4083441314385,403.4083441314406,688.5591101581887,1168.7364223533548,753.3849313573148,244.78201589378074,202.4873620177217,47.23497387676326,69.99171214957418,0.009078386306072161,0.006648236237666083,True,,112.0,600.0,0,False,1.3338713243954463,0.005
refine_mild_0.005_R1.295_C0.710,modifier,mild,1.295,0.71,130.0,80.0,129.01287026934924,80.18649564356137,ok,115.59573570700013,128.89344588665807,79.90330332345714,105.70189872143621,72.01537910503103,5.041956694961559,1.2087393990967898,0.9999804448457139,0.9999990123659441,0.9999927737887222,1.0000015833151266,0.0,586.4645783376063,399.88176012525423,399.8817601252547,687.3662408680167,1170.4983996559095,751.9187757959421,244.43714309599483,202.06086155008632,48.99014256320093,70.01222180068098,0.0181026795778223,0.012364799525940384,True,,113.0,600.0,0,False,0.09446007334718484,0.005
refine_mild_0.005_R1.295_C0.730,modifier,mild,1.295,0.73,130.0,80.0,129.01287026934924,80.18649564356137,ok,116.28201709900168,128.3133400743147,80.50694750664525,105.68225054364603,72.01425417431663,5.040882933500452,1.2087117601566053,0.9998734449923912,0.999993608332949,0.9999476816147654,1.0000133947355256,0.0,587.0421117427259,402.2681169999115,402.2681169999103,688.195364158137,1169.3273039015062,752.9371711427882,244.67723948052446,202.35647545847297,47.80639256766946,69.99840505601246,0.006911055613812778,0.006541617387696874,True,,114.0,600.0,0,False,0.5920318903189692,0.005
refine_mild_0.005_R1.290_C0.710,modifier,mild,1.29,0.71,130.0,80.0,129.01287026934924,80.18649564356137,ok,116.83415761598735,128.7926890898446,79.71083874459701,105.56403739691424,72.017187505178,5.053629097755646,1.2042391810618644,0.9999962200467738,0.9999998090932702,1.000000000001927,0.9999990559923065,0.0,587.7245067485123,400.5155245338109,400.51552453381225,688.8139265559079,1173.5944899807205,753.4837417426781,244.96284244791926,202.47583013968244,49.08185034524759,70.17254176153843,0.023429225500251505,0.012680811843239326,True,,115.0,600.0,0,False,0.2747292373404435,0.005
refine_mild_0.005_R1.295_C0.715,modifier,mild,1.295,0.715,130.0,80.0,129.01287026934924,80.18649564356137,ok,117.26513062999584,128.74401487916822,80.05649037611677,105.6964338248816,72.01462828747265,5.041571217981514,1.208729044184952,0.9999225881755216,0.9999960903118941,0.9999674324542667,1.0000084717652606,0.0,586.6077516214742,400.4898565308496,400.4898565308515,687.5717599534621,1170.2034077743901,752.1746720850999,244.49664540660552,202.13509376165234,48.68752450305145,70.00759898192133,0.012479554282805339,0.01085415394982192,True,,115.0,600.0,0,False,0.08918459039272926,0.005
refine_mild_0.005_R1.295_C0.725,modifier,mild,1.295,0.725,130.0,80.0,129.01287026934924,80.18649564356137,ok,121.33929524401901,128.45602496484113,80.35805473504878,105.6868870545398,72.01422518975697,5.0410347231791555,1.208720513686569,0.9998696773416273,0.9999934180475565,0.9999461056331924,1.000013802542396,0.0,586.9066517825936,401.68490059237865,401.6849005923761,687.9934559950343,1169.6235985415074,752.6874192323814,244.62099235827802,202.28344327490976,48.09797022979235,70.00054100278196,0.0074788804020897715,0.006841775221900548,True,,119.0,600.0,0,False,0.3395092150247057,0.005
refine_mild_0.005_R1.295_C0.720,modifier,mild,1.295,0.72,130.0,80.0,129.01287026934924,80.18649564356137,ok,121.7273009409837,128.60032060008103,80.20807087421709,105.69149049968635,72.01425626273772,5.041195114859967,1.2087215548107815,0.9998772968673801,0.9999938028720898,0.9999473738774256,1.000013479431003,0.0,586.7488715176016,401.09139675220615,401.0913967522058,687.7732318532675,1169.9109221146218,752.4211248716239,244.55528665767469,202.2066669529708,48.39224972586395,70.00273801992216,0.009997583680416255,0.008275797394873052,True,,120.0,600.0,0,False,0.17066272019115014,0.005
refine_mild_0.005_R1.290_C0.720,modifier,mild,1.29,0.72,130.0,80.0,129.01287026934924,80.18649564356137,ok,122.50013892297284,128.49685633775528,80.01346942530695,105.55218193404019,72.01592434098137,5.05302344339974,1.2042205838509,0.999998756560885,0.9999999372000448,1.0000000000027323,0.9999998964074743,0.0,588.0042089863924,401.72605405356126,401.72605405356137,689.2140476953723,1172.9615566050763,753.9727311511755,245.0787897591424,202.61915097339377,48.483386912448324,70.16536258667816,0.020479505223846672,0.013819058539795037,True,,120.0,600.0,0,False,0.2962084498024828,0.005
refine_mild_0.005_R1.290_C0.730,modifier,mild,1.29,0.73,130.0,80.0,129.01287026934924,80.18649564356137,ok,122.98747773701325,128.20638622101905,80.31095194536753,105.54078155562406,72.01461883185823,5.052320797388102,1.2042154650924435,0.9999212797353118,0.9999960242290564,0.9999668318663317,1.00000863208776,0.0,588.273918662264,402.89764335649454,402.8976433564937,689.5980412146082,1172.3792115564227,754.4479673762003,245.1908167408053,202.7573063054432,47.89543427565151,70.15687758043131,0.012425052606147347,0.010791517733295564,True,,121.0,600.0,0,False,0.6659058912703201,0.005
refine_mild_0.005_R1.290_C0.725,modifier,mild,1.29,0.725,130.0,80.0,129.01287026934924,80.18649564356137,ok,127.02456910599722,128.35121558019304,80.16309025623526,105.54650068470316,72.0153706629066,5.052719050271677,1.2042264464816683,0.9999788391905986,0.9999989312722526,0.9999921574993741,1.0000017438337738,0.0,588.1411220793204,402.31723041695744,402.31723041695614,689.4066538492633,1172.66416078515,754.2089170823349,245.1356394709765,202.68787042513844,48.18812532395778,70.16167526128157,0.01811344891052613,0.012253610643497836,True,,124.0,600.0,0,False,0.43833473983826465,0.005
refine_mild_0.005_R1.295_C0.700,modifier,mild,1.295,0.7,130.0,80.0,129.01287026934924,80.18649564356137,ok,134.02727547599352,129.1958751177714,79.59286821925093,105.71318470737003,72.01679573133303,5.0425736176826526,1.2087462273461576,1.000008754857928,1.000000442164541,1.0000067904822765,0.9999972982081475,0.0,586.1684690960371,398.6348808330239,398.6348808330232,686.9480803962158,1170.9619059607737,751.4117721421388,244.31423087634124,201.9131413918268,49.603006898520476,70.01941097871884,0.02199813909513182,0.014191412972891726,True,,131.0,600.0,0,False,0.38588429343947017,0.005
refine_mild_0.005_R1.290_C0.735,modifier,mild,1.29,0.735,130.0,80.0,129.01287026934924,80.18649564356137,ok,149.43494835100137,128.06719051147226,80.45728968898672,105.53562447948714,72.01424333010091,5.051931559991926,1.2042078747095948,0.9998759541431801,0.9999937350577363,0.9999470033002199,1.0000135668886383,0.0,588.4049083996833,403.4720836244236,403.47208362442467,689.7856596869444,1172.0962451263526,754.677877587591,245.24523557593665,202.8241656522818,47.60990082248554,70.151838391674,0.009938610676982762,0.008182661378214107,True,,146.0,600.0,0,False,0.9676396194960768,0.005
refine_mild_0.005_R1.295_C0.735,modifier,mild,1.295,0.735,130.0,80.0,129.01287026934924,80.18649564356137,ok,149.42428534498322,128.17284707911352,80.6534511478618,105.67713625179758,72.01435272355656,5.040639998944529,1.208711342131693,0.9998808058996091,0.9999939800959399,0.9999508423818411,1.0000125552520331,0.0,587.1704078090411,402.84257776659285,402.8425777665925,688.3789250442874,1169.0301810149979,753.1630552231801,244.73050798457945,202.4224755721491,47.51939593125172,69.99493584694387,0.008321603084027629,0.006531238006331819,True,,146.0,600.0,0,False,0.9236864031302516,0.005
refine_mild_0.005_R1.290_C0.715,modifier,mild,1.29,0.715,130.0,80.0,129.01287026934924,80.18649564356137,ok,149.42429491400253,128.64374039283956,79.86279780173096,105.55793771902626,72.01650195393489,5.053323653902664,1.2042295109969845,1.0000119973105746,1.000000605924776,1.0000076733333887,0.9999972656163624,0.0,587.8641665360877,401.1252956559998,401.1252956560007,689.0144442166244,1173.265674666545,753.7343380484392,245.02067069007572,202.54949821725467,48.7809425911086,70.16896845579927,0.022209770693763176,0.014722933398431337,True,,146.0,600.0,0,False,0.24103715853771218,0.005
refine_mild_0.005_R1.295_C0.705,modifier,mild,1.295,0.705,130.0,80.0,129.01287026934924,80.18649564356137,ok,151.30637091299286,129.04417691247787,79.74877348094037,105.70764300913808,72.01621619254828,5.042285345208379,1.2087373357945472,1.0000062671822028,1.0000003165243527,1.0000049719737925,0.9999980893680294,0.0,586.3174834228098,399.2645329882803,399.26453298827994,687.1608676964755,1170.8017355864085,751.6719341498963,244.37604613081476,201.98909642200903,49.295403431537494,70.01597156572242,0.021600876653707246,0.014705449196625864,True,,148.0,600.0,0,False,0.1925807975535887,0.005
refine_mild_0.005_R1.290_C0.740,modifier,mild,1.29,0.74,130.0,80.0,129.01287026934924,80.18649564356137,ok,151.39536231997772,127.92739070658452,80.6026914607038,105.5306484522489,72.01422696770149,5.051729763812401,1.2042035157687785,0.999870854076454,0.9999934774786086,0.9999465851542135,1.000013681881458,0.0,588.5565966444432,404.038668606813,404.0386686068149,690.0038600208295,1171.821366736981,754.9422403980893,245.30842052297604,202.90030922826628,47.32469924588072,70.14905215990322,0.006788085812175382,0.006435935034559748,True,,148.0,600.0,0,False,1.3514848393867323,0.005
refine_mild_0.005_R1.300_C0.705,modifier,mild,1.3,0.705,130.0,80.0,129.01287026934924,80.18649564356137,ok,115.88214771499042,129.1462886176781,79.94266753884025,105.84611152059117,72.01426828157449,5.030478412617929,1.2132346284889741,0.9998788545966826,0.999993881545287,0.9999480469642787,1.00001339255847,0.0,585.0724632067572,398.6344539043952,398.6344539043919,685.7316521832304,1167.764076309299,750.1288031528052,243.85684690262875,201.57889847253875,49.20362107883784,69.85391274058148,0.01005918476985812,0.00837449997470685,True,,113.0,600.0,0,False,0.07725260032269331,0.005
refine_mild_0.005_R1.300_C0.730,modifier,mild,1.3,0.73,130.0,80.0,129.01287026934924,80.18649564356137,ok,115.9478641099995,128.41874138282262,80.70242882479994,105.82258706334584,72.01457579546462,5.0295384522254,1.213220384225422,0.9998906190034923,0.999994475707247,0.9999552274051184,1.000011347916898,0.0,585.789879809726,401.6436646003989,401.6436646003982,686.7627967448464,1166.254188253707,751.3921688735653,244.15487066238572,201.94666431558574,47.71631255802268,69.8405620899617,0.010526274341145836,0.00677787365957272,True,,113.0,600.0,0,False,0.6191761813083068,0.005
refine_mild_0.005_R1.300_C0.715,modifier,mild,1.3,0.715,130.0,80.0,129.01287026934924,80.18649564356137,ok,121.82443149801111,128.85003421702768,80.25231888397161,105.83734157665846,72.0142670191615,5.030190469644089,1.2132250457725222,0.9998742011050363,0.9999936465204563,0.9999480109955345,1.0000133059834984,0.0,585.3866633295187,399.867079739566,399.86707973956607,686.1824907643764,1167.1608832248944,750.679131124743,243.98753727410678,201.7384745436152,48.59771533305607,69.84991554945161,0.007012332519849451,0.006645328613558377,True,,120.0,600.0,0,False,0.03084827891377136,0.005
refine_mild_0.005_R1.305_C0.705,modifier,mild,1.305,0.705,130.0,80.0,129.01287026934924,80.18649564356137,ok,121.12506487197243,129.25012077332647,80.13848060571439,105.98638566929523,72.01432406888992,5.019292192669981,1.2177369949252306,0.9998789764085093,0.9999938876973992,0.9999500496457757,1.0000127674658956,0.0,583.8591761032794,398.01847952573655,398.0184795257369,684.352418294922,1164.7179458626956,748.64523400201,243.350951363506,201.18583794388036,49.11164016761208,69.6985253637659,0.008174471771894787,0.006729579417438458,True,,119.0,600.0,0,False,0.05859324549689957,0.005
refine_mild_0.005_R1.305_C0.700,modifier,mild,1.305,0.7,130.0,80.0,129.01287026934924,80.18649564356137,ok,122.28574046201538,129.3997484156401,79.98117070146066,105.99042166883382,72.01426095454597,5.019394283980043,1.2177407048882167,0.99987288578345,0.9999935800900726,0.9999474683694944,1.0000134443583792,0.0,583.7103328498549,397.3886061271337,397.38860612713216,684.1394427633941,1165.033896886638,748.3823175949917,243.28912840593958,201.1090010905649,49.418577714179435,69.70000410263445,0.007048728810104876,0.0067260459447311405,True,,119.0,600.0,0,False,0.19183303192611034,0.005
refine_mild_0.005_R1.305_C0.715,modifier,mild,1.305,0.715,130.0,80.0,129.01287026934924,80.18649564356137,ok,123.42407882100088,128.95447192657375,80.44762191576817,105.97701957649276,72.01461151089752,5.018891494712989,1.2177346382198018,0.9998953668261583,0.9999947154962701,0.9999572193818285,1.0000108298488373,0.0,584.1446135529465,399.249236039822,399.24923603982165,684.7625359907192,1164.0967061509705,749.1484344878443,243.4694128991436,201.33257055894228,48.50685001080558,69.69268304604422,0.010101341246269158,0.006994021644544546,True,,120.0,600.0,0,False,0.07159729647554076,0.005
refine_mild_0.005_R1.305_C0.710,modifier,mild,1.305,0.71,130.0,80.0,129.01287026934924,80.18649564356137,ok,128.72254724102095,129.10110658166533,80.29377774465854,105.98149653808228,72.0143751503017,5.0190754156831545,1.2177350830871572,0.999882131275796,0.9999940470341313,0.9999514194681138,1.0000123998223063,0.0,584.0038822493539,398.63846312107216,398.63846312107296,684.5593632960423,1164.4067118044381,748.8989518238284,243.41104664499161,201.25978992250685,48.80732883700679,69.69546573455379,0.008469468838057992,0.006724381522872136,True,,127.0,600.0,0,False,0.019295096026967357,0.005
refine_mild_0.005_R1.300_C0.725,modifier,mild,1.3,0.725,130.0,80.0,129.01287026934924,80.18649564356137,ok,139.8017851129989,128.5609476348744,80.55405576366695,105.82739959502338,72.01444157031642,5.029738617953423,1.2132230935074728,0.9998861119465325,0.9999942480781067,0.9999531547663147,1.0000119323708818,0.0,585.6592252494627,401.06064592525854,401.06064592526013,686.5732338455548,1166.5524800257806,751.1590575697035,244.10062172850797,201.87850890852442,48.00689187120744,69.84347178534016,0.008860712732911225,0.0067026754223320495,True,,137.0,600.0,0,False,0.33933450944270843,0.005
refine_mild_0.005_R1.305_C0.735,modifier,mild,1.305,0.735,130.0,80.0,129.01287026934924,80.18649564356137,ok,110.29935422298149,128.38287293542928,81.04217246073489,105.955624168058,72.01504610048036,5.017959160772296,1.2177170615091402,0.9999261993729933,0.999996272695606,0.9999704872994462,1.0000073018796742,0.0,584.6524203236035,401.58386427038533,401.5838642703859,685.497586990048,1162.9037220713349,750.0510584131337,243.6800862738678,201.5963316667424,47.34070047469439,69.67931609417973,0.013152776014237588,0.007677928981891569,True,,108.0,600.0,0,False,1.1290794561944577,0.005
refine_mild_0.005_R1.300_C0.735,modifier,mild,1.3,0.735,130.0,80.0,129.01287026934924,80.18649564356137,ok,142.23720625598799,128.27801653936794,80.84852889374065,105.81680120446978,72.01432610163528,5.029295740152975,1.2132104168620204,0.9998676046671757,0.9999933133670309,0.9999454213624068,1.000013936295937,0.0,585.918209292244,402.2165946650266,402.2165946650265,686.9477748406267,1165.9668058186553,751.619390788225,244.20813088880516,202.01312152752985,47.42948764562729,69.83743391634364,0.011456823564060414,0.006158781517356715,True,,139.0,600.0,0,False,0.9782980288103612,0.005
refine_mild_0.005_R1.305_C0.730,modifier,mild,1.305,0.73,130.0,80.0,129.01287026934924,80.18649564356137,ok,114.57425586300087,128.5229799921695,80.8956362502062,105.96178929648771,72.01474295391756,5.018102397335464,1.2177205770305493,0.9999099244968972,0.9999954507321662,0.9999633306796794,1.000009246718483,0.0,584.5415377769757,401.01021905745347,401.0102190574526,685.3365417080695,1163.1977245000508,749.8538300874052,243.63413076055167,201.53843255598161,47.6273437419633,69.68159839918559,0.011462977863146762,0.007907749675993614,True,,112.0,600.0,0,False,0.7428728836678296,0.005
refine_mild_0.005_R1.300_C0.710,modifier,mild,1.3,0.71,130.0,80.0,129.01287026934924,80.18649564356137,ok,149.49649892302114,128.9972720756204,80.09817601527698,105.8418664390206,72.01424007137283,5.0302351164524755,1.2132417186485134,0.9998704186865446,0.9999934554892203,0.9999464344780177,1.0000137122852177,0.0,585.2298012410988,399.2564493376709,399.2564493376702,685.9521492394899,1167.459878498043,750.3993959661822,243.92221786895732,201.657405169222,48.899096060343425,69.85056165929187,0.008781215847676549,0.007586097899789479,True,,146.0,600.0,0,False,0.008043660387896036,0.005
refine_mild_0.005_R1.305_C0.720,modifier,mild,1.305,0.72,130.0,80.0,129.01287026934924,80.18649564356137,ok,147.41224831397994,128.8091572568745,80.59897560150887,105.97143461409529,72.01424231252048,5.018681204240478,1.2177245994028885,0.9998622689574899,0.9999930438867415,0.9999431028224057,1.0000145590949114,0.0,584.284023569855,399.8495986054261,399.8495986054261,684.9622535478163,1163.8028653897104,749.3931146135678,243.5272971999649,201.40398191317382,48.21018165536563,69.69012021901013,0.011213222589731231,0.006053958308356755,True,,144.0,600.0,0,False,0.21163870715990074,0.005
refine_mild_0.005_R1.305_C0.725,modifier,mild,1.305,0.725,130.0,80.0,129.01287026934924,80.18649564356137,ok,151.676490747981,128.66533267318997,80.74847140319147,105.96662411065054,72.0144700304802,5.018358007855226,1.2177150040503089,0.9998794741398715,0.9999939128353477,0.999950495513207,1.0000125941871778,0.0,584.4146674574815,400.43749068508396,400.4374906850827,685.1519032498286,1163.4995415983317,749.6264196732591,243.58150632541322,201.47215699017698,47.91686126999849,69.68541191417782,0.011802030271013564,0.006552805648425419,True,,149.0,600.0,0,False,0.4365991351559936,0.005
refine_mild_0.005_R1.310_C0.700,modifier,mild,1.31,0.7,130.0,80.0,129.01287026934924,80.18649564356137,ok,152.24815831301385,129.50318251580083,80.1763360182371,106.13024126531056,72.01458464808198,5.008263975775321,1.2222470952740605,0.9998950454126001,0.9999946992632615,0.9999570395578095,1.000010887946496,0.0,582.4790448989993,396.7772783798042,396.777278379805,682.7330540698913,1161.9790661938823,746.869002429212,242.7754930670036,200.70817532598807,49.326846497563736,69.54513450642682,0.009751041283294626,0.007066158759059249,True,,150.0,600.0,0,False,0.2405093170071389,0.005
refine_mild_0.005_R1.305_C0.740,modifier,mild,1.305,0.74,130.0,80.0,129.01287026934924,80.18649564356137,ok,192.93192515100236,128.55377921668568,81.60197533881731,106.29580676318487,72.01372685420502,5.0035981284854,1.2254240246666221,0.999889006522952,0.9999943942688354,0.9999543494409762,1.00001163045535,0.0,587.0887618235397,387.4602625746736,387.4602625746735,688.4272113064537,1166.3235467056359,753.3304891642568,244.69608144345227,202.48958976705075,46.95180387786837,69.48117181347115,0.011316430963688617,0.009872909151184217,True,,190.0,898.0,0,False,2.214347362317576,0.005
refine_mild_0.005_R1.310_C0.720,modifier,mild,1.31,0.72,130.0,80.0,129.01287026934924,80.18649564356137,ok,113.24455785102327,128.9124756362002,80.79209001917044,106.1106787904757,72.01482343606227,5.007304300064585,1.2222322522664333,0.9999145325770178,0.9999956834634859,0.9999653469554405,1.0000087012593384,0.0,583.0404316364111,399.22103511592775,399.2210351159257,683.5424683765154,1160.749794771864,747.8615232019629,243.00853178968381,200.99704550964395,48.12038561702977,69.53157782175604,0.011917494372085002,0.007868188778687113,True,,111.0,600.0,0,False,0.37682363013446946,0.005
refine_mild_0.005_R1.310_C0.705,modifier,mild,1.31,0.705,130.0,80.0,129.01287026934924,80.18649564356137,ok,129.7052250590059,129.35322859736343,80.33330219509456,106.1250468543903,72.01426431179164,5.008073157609271,1.222237501155284,0.999863654186202,0.9999931138477884,0.9999437046968036,1.0000143973065985,0.0,582.6292949848885,397.40646312881057,397.4064631288084,682.9477993293546,1161.6745807512357,747.1316945904697,242.83789758398265,200.78474897253528,49.019926402268865,69.54279413209596,0.011286962304637882,0.006183508734437737,True,,127.0,600.0,0,False,0.13739595502168186,0.005
refine_mild_0.005_R1.310_C0.725,modifier,mild,1.31,0.725,130.0,80.0,129.01287026934924,80.18649564356137,ok,127.56600131798768,128.7699305231754,80.94252946480651,106.10507138719615,72.01538993497289,5.007243603391007,1.2222300228442442,0.9999376098992796,0.9999968489848117,0.9999750699098229,1.0000062224593997,0.0,583.1605224201331,399.8142085760459,399.81420857604644,683.7095002679355,1160.4499179755062,748.0664147262424,243.05833715775287,201.05902784005994,47.82740105836888,69.53018803220193,0.013227032927261462,0.008216603392128263,True,,125.0,600.0,0,False,0.6306068591375409,0.005
refine_mild_0.005_R1.310_C0.715,modifier,mild,1.31,0.715,130.0,80.0,129.01287026934924,80.18649564356137,ok,138.20187514601275,129.05762593641163,80.64136245765793,106.11528525458714,72.01448433088663,5.007535541878639,1.2222253549362014,0.9998803559812777,0.9999939573727921,0.9999508787121946,1.0000124911657657,0.0,582.9084291162567,398.63021589543985,398.63021589544087,683.3504950334459,1161.0582677736345,747.6258792668527,242.95376754310558,200.92883963607545,48.41626347875369,69.53511628119696,0.0118315404189957,0.006651542458698145,True,,136.0,600.0,0,False,0.2089068883005555,0.005
refine_mild_0.005_R1.310_C0.710,modifier,mild,1.31,0.71,130.0,80.0,129.01287026934924,80.18649564356137,ok,145.37812344898703,129.20459869692397,80.4883938467753,106.12016399118318,72.01436222541139,5.007838344879377,1.2222342341218664,0.9998698584723922,0.9999934271955766,0.9999464007449563,1.0000136729976639,0.0,582.7710848309657,398.0241040602335,398.02410406023245,683.152123425858,1161.3648910260267,747.382317571957,242.89676105347831,200.85785859894426,48.71620485014867,69.5394389414211,0.01157383285780611,0.006385241115410167,True,,142.0,600.0,0,False,0.12790231504407418,0.005
refine_mild_0.005_R1.315_C0.705,modifier,mild,1.315,0.705,130.0,80.0,129.01287026934924,80.18649564356137,ok,127.54298197198659,129.45559492370887,80.5263131112437,106.26370451843097,72.01484598076016,4.996750541281281,1.226745000308936,0.9999156914811805,0.9999957419939982,0.9999658585372189,1.0000085617154906,0.0,581.396538293144,396.78484027903437,396.78484027903386,681.5415614871952,1158.6308296439283,745.6150930829643,242.3236509867737,200.3819359339385,48.92928181246518,69.38500628906763,0.01196609638034829,0.007822418965389488,True,,124.0,600.0,0,False,0.3114810309198866,0.005
refine_mild_0.005_R1.315_C0.715,modifier,mild,1.315,0.715,130.0,80.0,129.01287026934924,80.18649564356137,ok,130.72102650499437,129.16150006462374,80.83571515746769,106.25319567848783,72.01569490772063,4.996535404746874,1.2267416192059746,0.9999385041602272,0.9999968941495063,0.9999753797919129,1.0000061018801318,0.0,581.6648233341405,398.01378527197835,398.01378527197704,681.9159501006602,1158.019027167274,746.0787819312297,242.43493563216157,200.51987142996433,48.32578490715605,69.38120101665793,0.013300557667548674,0.008832318481481138,True,,128.0,600.0,0,False,0.4435767932800949,0.005
refine_mild_0.005_R1.315_C0.700,modifier,mild,1.315,0.7,130.0,80.0,129.01287026934924,80.18649564356137,ok,139.3649118829926,129.6054965886926,80.37004755171247,106.26812848845114,72.01450655134315,4.99696965955696,1.226737992985301,0.9998816584632284,0.9999940231547076,0.9999514476382063,1.0000123374721612,0.0,581.2538058951067,396.165318143644,396.16531814364237,681.3349186070416,1158.949121166484,745.3623769478479,242.26441331693198,200.3087705466395,49.23544903698013,69.38837602107768,0.011881970454936663,0.006783239012960962,True,,136.0,600.0,0,False,0.3848972573643771,0.005
refine_mild_0.005_R1.315_C0.710,modifier,mild,1.315,0.71,130.0,80.0,129.01287026934924,80.18649564356137,ok,148.96611574600684,129.30796063410753,80.68179015265079,106.25801880634461,72.01518554958899,4.996644587209782,1.2267406240524221,0.9999323658294541,0.9999965841328003,0.9999732474402905,1.000006539699771,0.0,581.5252673695129,397.40400135248456,397.40400135248206,681.7238480900315,1158.3225797019236,745.8386131783591,242.3770526092647,200.44785578821518,48.62617048145674,69.3832078481439,0.013282984539245035,0.008042482161911835,True,,146.0,600.0,0,False,0.332394974107312,0.005
refine_mild_0.005_R1.310_C0.735,modifier,mild,1.31,0.735,130.0,80.0,129.01287026934924,80.18649564356137,ok,168.58483137001167,128.78319261639638,81.63751056130222,106.42693587079508,72.01506467836468,4.99303520142615,1.2297605583381064,0.9999385112674297,0.9999968945084563,0.9999752161478452,1.0000061048199487,0.0,588.4384270777703,386.9186608818475,386.9186608818461,690.1466804921613,1167.167751040015,755.8750921070111,245.08795607998303,203.6560801265423,47.145682055094156,69.33320443057517,0.0137790731023415,0.012347419502191315,True,,166.0,888.0,0,False,2.1581961157724177,0.005
refine_mild_0.005_R1.310_C0.730,modifier,mild,1.31,0.73,130.0,80.0,129.01287026934924,80.18649564356137,ok,177.42318472499028,128.93647647083742,81.50610634026286,106.4456419747125,72.0142120611024,4.992500039391705,1.2300225587338478,0.9999365668560216,0.9999967963058598,0.9999742336942703,1.0000064753425848,0.0,585.583448279488,385.6145439636076,385.6145439636075,686.635000890484,1163.8069452307234,751.3409137974929,244.0688075033267,201.95022819154804,47.43037013057456,69.32659396669762,0.01207322519508125,0.009425644348922901,True,,175.0,898.0,0,False,1.7472084033000517,0.005
refine_mild_0.005_R1.310_C0.740,modifier,mild,1.31,0.74,130.0,80.0,129.01287026934924,80.18649564356137,ok,172.34127066200017,128.62840992874771,81.76107006932837,106.4031207205178,72.01357864340996,4.992952522136659,1.2293881866543217,0.9998951708410583,0.9999947055980329,0.9999566630673319,1.0000110963240083,0.0,588.0461325269166,388.1773988955112,388.1773988955099,689.6258756662354,1167.0169205528914,755.257089312491,244.92505874711705,203.4788219854241,46.867339859419346,69.33348704777318,0.006733988062336493,0.00817974520862208,True,,170.0,874.0,0,False,2.627094375774906,0.005
refine_mild_0.005_R1.320_C0.705,modifier,mild,1.32,0.705,130.0,80.0,129.01287026934924,80.18649564356137,ok,114.93005366998841,129.5579894750818,80.72117729266995,106.40015622257327,72.01589404476645,4.985836282600334,1.231252029167588,0.9999385566282584,0.9999968967994064,0.9999755452109899,1.0000060523246348,0.0,580.1627639978647,396.1808560522319,396.1808560522326,680.1178385371417,1155.611195856203,744.0804995757615,241.80892296439293,199.97709386653207,48.83681218241185,69.23244304237954,0.013320365079977137,0.009324154883870506,True,,112.0,600.0,0,False,0.5830394143519666,0.005
refine_mild_0.005_R1.315_C0.720,modifier,mild,1.315,0.72,130.0,80.0,129.01287026934924,80.18649564356137,ok,197.87859874899732,129.31748569286162,81.39722263553617,106.58586557730617,72.0151913340251,4.981968989825879,1.234494309019416,0.9999424001598465,0.9999970909171636,0.9999769939570996,1.000005719793641,0.0,587.8069354127207,384.14742540395946,384.14742540395787,689.5525116922929,1164.4281730260868,755.3199701848139,244.82510610853802,203.52433713842288,47.92026305732546,69.17941753036824,0.011950327936716576,0.01250207296966721,True,,196.0,893.0,0,False,1.5586504053379666,0.005
refine_mild_0.005_R1.315_C0.730,modifier,mild,1.315,0.73,130.0,80.0,129.01287026934924,80.18649564356137,ok,179.14001411301433,129.0161553394809,81.67245882296126,106.55840973869884,72.01365432560708,4.981947279509818,1.234111951985219,0.9999060753688951,0.9999952563317622,0.9999612322482438,1.0000099111729626,0.0,587.0260116831264,392.53723968840444,392.5372396884048,688.4878287966897,1164.3846456912147,754.0564322925277,244.50023627501187,203.16433005105694,47.34369651651963,69.18059257184933,0.0069189780452347804,0.008352818565612097,True,,177.0,878.0,0,False,2.2080973622179956,0.005
refine_mild_0.005_R1.315_C0.725,modifier,mild,1.315,0.725,130.0,80.0,129.01287026934924,80.18649564356137,ok,189.1491399660008,129.16062738532878,81.52990880605392,106.56720034449104,72.01290904992082,4.981904702220448,1.2342043895090227,0.9998602341290577,0.9999929411176285,0.9999409931333305,1.0000154311913678,0.0,587.3875149409948,385.211606192002,385.2116061919987,688.9678820937869,1164.3679348508279,754.61931539335,244.6506547886719,203.32365094510897,47.630718579274856,69.18071729010266,0.012877157673756301,0.009515345374850881,True,,187.0,883.0,0,False,1.8265910904808345,0.005
refine_mild_0.005_R1.315_C0.735,modifier,mild,1.315,0.735,130.0,80.0,129.01287026934924,80.18649564356137,ok,154.10901395598194,128.87043677473676,81.81101462324571,106.54778651882734,72.0138643962468,4.981996943049006,1.2339765144282744,0.9999153799287929,0.9999957262590302,0.9999653800869838,1.0000087722511384,0.0,586.6085013885659,386.9143444235684,386.9143444235682,687.9239538934603,1164.2959941202357,753.3807842505588,244.32619872988064,202.9713924175125,47.05942215149105,69.1810804046874,0.008388719622246299,0.009489579224904787,True,,152.0,874.0,0,False,2.6593492157421683,0.005
refine_mild_0.005_R1.315_C0.740,modifier,mild,1.315,0.74,130.0,80.0,129.01287026934924,80.18649564356137,ok,146.79691105999518,128.72769054797266,81.94750352740178,106.53701734794504,72.0142997806466,4.981974306966599,1.2338348194215099,0.9999429762109779,0.9999971200106554,0.9999767473618069,1.0000058086246386,0.0,586.2260705388242,394.1582021326276,394.15820213262884,687.407096469504,1164.2778111234702,752.7651318888102,244.16691867763308,202.7959422106298,46.78018702057088,69.18034782177351,0.01079731625205227,0.011140684346202079,True,,145.0,868.0,0,False,3.1824762404324893,0.005
refine_mild_0.005_R1.320_C0.710,modifier,mild,1.32,0.71,130.0,80.0,129.01287026934924,80.18649564356137,ok,154.74656030299957,129.70822321287196,81.28690807783018,106.73327593835226,72.01509351478487,4.971065161940567,1.2390887664855934,0.9999384921247451,0.9999968935416534,0.9999752449524647,1.000006168493195,0.0,586.7282448579276,382.17129591160864,382.1712959116079,688.3451956931322,1161.6540266370084,754.0355467415866,244.37618187621905,203.1854555585947,48.42131513504178,69.0281011843718,0.01514990866411381,0.012963958597225655,True,,153.0,893.0,0,False,1.6944232415591083,0.005
refine_mild_0.005_R1.320_C0.715,modifier,mild,1.32,0.715,130.0,80.0,129.01287026934924,80.18649564356137,ok,153.4827784789959,129.55466774969275,81.43117459569764,106.71982800818748,72.01274743177183,4.970661070554248,1.2389293523673488,0.9998480566875827,0.9999923260953322,0.9999356852411445,1.0000168619484886,0.0,582.6567631684193,382.9595000770667,382.95950007706625,683.1695826889561,1158.5227079111623,747.5173215629643,242.84856442519364,200.91712789250485,48.12349315399511,69.0247386445529,0.011656424576642621,0.008704869192726505,True,,152.0,888.0,0,False,1.8427702035976257,0.005
refine_mild_0.005_R1.320_C0.735,modifier,mild,1.32,0.735,130.0,80.0,129.01287026934924,80.18649564356137,ok,139.8744387269835,128.95340762621777,81.98060962101516,106.66459251826343,72.01382972687294,4.97143200974888,1.2381528529155237,0.9999190691687234,0.9999959125842786,0.9999646237728508,1.0000095814845156,0.0,582.9094873601482,386.710426410125,386.7104264101238,683.6014855413093,1156.985895601451,748.0837793011826,242.9529136835955,201.08970900676155,46.972798005202606,69.03440670499047,0.0166895324621521,0.012645621170463528,True,,138.0,859.0,0,False,3.2223807700232396,0.005
refine_mild_0.005_R1.320_C0.725,modifier,mild,1.32,0.725,130.0,80.0,129.01287026934924,80.18649564356137,ok,158.1159173520282,129.25488493991438,81.71122001298313,106.69614222588197,72.01418302720633,4.971001636524139,1.238565537285206,0.9999408189600922,0.9999970110585905,0.9999759921735627,1.0000060711650605,0.0,585.5766845236254,391.59056109769733,391.5905610976936,686.7874581140646,1161.587131969125,752.185091969146,243.8965564808067,202.65904440004857,47.54366492693124,69.02809179472519,0.010722961903752548,0.011037382829414355,True,,156.0,873.0,0,False,2.383355503477342,0.005
refine_mild_0.005_R1.320_C0.730,modifier,mild,1.32,0.73,130.0,80.0,129.01287026934924,80.18649564356137,ok,149.8343793109816,129.10203740186867,81.84468508710611,106.67725088426435,72.01517649225049,4.971508804216891,1.2382968477007352,0.9999387760170217,0.9999969078796478,0.9999751730031046,1.0000061415189068,0.0,582.8269607248949,385.90653340569634,385.9065334056951,683.4784536789293,1157.3373593750512,747.929617331439,242.91894991277348,201.04381449569001,47.25735231476256,69.03418204844463,0.012813563901545422,0.009741383036796947,True,,148.0,864.0,0,False,2.7575430082049612,0.005
