case_id,route,target,R,C,requested_systolic_mmHg,requested_diastolic_mmHg,achieved_systolic_mmHg,achieved_diastolic_mmHg,status,wall_s,systolic_mmHg,diastolic_mmHg,map_mmHg,heart_rate_per_min,cardiac_output_L_min,svr_mmHg_s_mL,baroreceptor_heart_rate_scale,baroreceptor_heart_elastance_scale,baroreceptor_resistance_scale,baroreceptor_compliance_scale,aorta_inflow_mL_s,BrainVasculature_inflow_mL_min,LeftKidneyVasculature_inflow_mL_min,RightKidneyVasculature_inflow_mL_min,GutVasculature_inflow_mL_min,LiverVasculature_inflow_mL_min,MuscleVasculature_inflow_mL_min,SkinVasculature_inflow_mL_min,MyocardiumVasculature_inflow_mL_min,pulse_pressure_mmHg,stroke_volume_mL,stationarity_sbp_bin_median_range_mmHg,stationarity_dbp_bin_median_range_mmHg,stationarity_pass,tissue_tuning_simulated_s,dynamic_stabilization_wall_s,dynamic_stabilization_simulated_s,cvp_out_of_range_warning_n,outside_reference_warning_seen,J,refinement_step
refine_higher_0.005_R1.985_C0.445,modifier,higher,1.985,0.445,150.0,90.0,148.60512489521057,90.7067870743288,ok,120.63379886501934,149.39543429681487,89.47127131918486,120.62542194764535,72.01324142028523,3.8558181219443854,1.8268820760040698,0.9998351283022691,0.9999916731465788,0.9999312324500242,1.0000177360082116,0.0,438.09795218249155,282.271069975205,282.2710699752049,512.753497669894,880.0295959927605,560.0144691750031,182.5797598431799,150.42207541690425,59.924162977630004,53.54318241892455,0.011461007318445127,0.006879400600595886,True,,118.0,600.0,0,False,2.151088131473044,0.005
refine_higher_0.005_R1.980_C0.445,modifier,higher,1.98,0.445,150.0,90.0,148.60512489521057,90.7067870743288,ok,121.62884170099278,149.35196288335732,89.38535573966334,120.54521429562908,72.01416731839934,3.8625851520292502,1.8224198701971774,0.9998740455596141,0.999993638664627,0.9999448467959349,1.0000149749741234,0.0,438.77594649240166,282.6087818636762,282.60878186367506,513.5286049312953,881.508031611972,560.8503040728024,182.86213234469895,150.64411535407777,59.96660714369398,53.6364620443563,0.009646372498139044,0.009815772733929862,True,,119.0,600.0,0,False,2.3039477527748313,0.005
refine_higher_0.005_R1.985_C0.450,modifier,higher,1.985,0.45,150.0,90.0,148.60512489521057,90.7067870743288,ok,122.51496933601447,149.12679685092,89.67415185897329,120.62269365324482,72.01252222606749,3.855771801327533,1.826878931544833,0.9997972354066381,0.9999897593639712,0.999912894867353,1.0000231680854608,0.0,438.38722803205155,283.5272982972342,283.5272982972342,513.1573671830508,880.2312039693211,560.5005231975674,182.7005249539194,150.56068240595673,59.4526449919467,53.54307392849239,0.010825244789913313,0.004700819670389933,True,,120.0,600.0,0,False,1.3384771173660182,0.005
refine_higher_0.005_R1.985_C0.440,modifier,higher,1.985,0.44,150.0,90.0,148.60512489521057,90.7067870743288,ok,122.71599693200551,149.6709166364301,89.2663265178839,120.62757108090241,72.01391030272066,3.8559322022878315,1.8268679378387698,0.9998549999696033,0.9999926767661416,0.9999363336163074,1.0000165021933491,0.0,437.80154432034567,280.98434092250136,280.98434092250176,512.3454813268042,879.8190891570939,559.5249644529247,182.45604538237387,150.28222530276238,60.404590118546196,53.544269240190886,0.00994149304440839,0.008853334430938276,True,,120.0,600.0,0,False,3.2108386503253152,0.005
refine_higher_0.005_R1.980_C0.450,modifier,higher,1.98,0.45,150.0,90.0,148.60512489521057,90.7067870743288,ok,128.35805219001486,149.08287918806093,89.58845603483198,120.54501516661114,72.0137433786061,3.8624626191471405,1.8224161218144492,0.9998436082056028,0.9999921014245257,0.9999349095614466,1.0000167822681,0.0,439.0635165301138,283.87070896069196,283.87070896068997,513.9295940390791,881.7041793228113,561.3339022843046,182.98217876224976,150.78244188614156,59.49442315322895,53.635076277601264,0.01034150144712953,0.008410139484595902,True,,126.0,600.0,0,False,1.4789134782389959,0.005
refine_higher_0.005_R1.985_C0.465,modifier,higher,1.985,0.465,150.0,90.0,148.60512489521057,90.7067870743288,ok,149.98829087099875,148.33682702278543,90.47048598702617,120.61992483459804,72.01232396133007,3.855759016003375,1.8268764581141337,0.9997739522601607,0.9999885834474826,0.9999057990372457,1.0000249552780094,0.0,439.13635553855556,287.1110762354656,287.1110762354683,514.2053986225264,880.7121938302694,561.7680326692885,183.01296125249027,150.92492027409958,57.86634103575926,53.54304380002902,0.012157376881987147,0.007175485773842638,True,,147.0,600.0,0,False,0.12782195220826284,0.005
refine_higher_0.005_R1.980_C0.465,modifier,higher,1.98,0.465,150.0,90.0,148.60512489521057,90.7067870743288,ok,150.01707115900354,148.29037055188195,90.33957503267823,120.5380245426268,72.01237515842999,3.862296772541537,1.8224279794669949,0.9997820568213069,0.9999889927687525,0.9999064678952914,1.0000248511058898,0.0,439.8361853690776,287.4602989450144,287.4602989450129,515.0038708085103,882.2271375753494,562.6268013042893,183.30456635500892,151.15238738708024,57.95079551920372,53.63379230367469,0.010291638525785629,0.006466691125481816,True,,147.0,600.0,0,False,0.23391498017741177,0.005
refine_higher_0.005_R1.980_C0.455,modifier,higher,1.98,0.455,150.0,90.0,148.60512489521057,90.7067870743288,ok,150.0238843120169,148.816200120692,89.78818849961539,120.54168795937984,72.01305296626694,3.8623242554650483,1.8224299356217273,0.9998315479824942,0.9999914923223476,0.9999297711211756,1.0000186261112454,0.0,439.3433090613773,285.1008691544829,285.1008691544817,514.3132495425232,881.9022447750037,561.7939808228891,183.09895594888573,150.91378422330936,59.028011621076615,53.63366912487763,0.01178882782167534,0.006377269728702117,True,,147.0,600.0,0,False,0.8883760922775552,0.005
refine_higher_0.005_R1.990_C0.440,modifier,higher,1.99,0.44,150.0,90.0,148.60512489521057,90.7067870743288,ok,153.29075580998324,149.71218907258412,89.35075809885015,120.7045099364262,72.01270265919473,3.849137871734682,1.831324631501912,0.9998111351358554,0.999990461370498,0.9999188722797603,1.0000215792030454,0.0,437.131031913568,280.64705628260987,280.6470562826098,511.5803145782835,878.3550400721006,558.6997925768878,182.1768225651552,150.0626839258947,60.361430973733974,53.45081811400695,0.01140927348723153,0.005223297543921035,True,,150.0,600.0,0,False,3.064405675161474,0.005
refine_higher_0.005_R1.985_C0.455,modifier,higher,1.985,0.455,150.0,90.0,148.60512489521057,90.7067870743288,ok,153.28318177201436,148.8604476723454,89.9057054677682,120.62150399876035,72.01236955616095,3.8557697771514166,1.82687986013615,0.9997829344282336,0.9999890370923348,0.9999069546899386,1.0000247322175284,0.0,438.65320230292315,284.7534044191949,284.7534044191929,513.5288957099915,880.4041367836428,560.9488858063994,182.81146075076137,150.68929623327108,58.9547422045772,53.54315933381948,0.010483266903349886,0.006532458989909173,True,,150.0,600.0,0,False,0.7069214608935583,0.005
refine_higher_0.005_R1.985_C0.475,modifier,higher,1.985,0.475,150.0,90.0,148.60512489521057,90.7067870743288,ok,166.02942499198252,147.91222919159264,91.51737523108315,120.87184361572082,72.0139773199449,3.823033536904488,1.8468914779963779,0.9999403772692272,0.999996988750971,0.9999755674157198,1.0000062010743498,0.0,440.9794077656511,269.6569675512211,269.6569675512207,516.5421158183253,883.3113049985873,564.4579985943246,183.77577871121593,151.6710838348082,56.394853960509494,53.08738218859168,0.0072216085077911885,0.012204797856014693,True,,164.0,895.0,0,False,1.1371576159625876,0.005
refine_higher_0.005_R1.980_C0.475,modifier,higher,1.98,0.475,150.0,90.0,148.60512489521057,90.7067870743288,ok,168.71487401402555,147.8696564481281,91.38270999611021,120.7886352710062,72.01584556092844,3.8302614099364067,1.842031452082475,1.0000427626015105,1.000002159727349,1.0000204948410396,0.9999940732316648,0.0,441.66593103643515,270.3525434585398,270.3525434585405,517.3313904551917,884.7764780703723,565.31142968941,184.06197505113897,151.89783221026835,56.48694645201789,53.1863700287438,0.014670925933074841,0.017083601527829728,True,,166.0,890.0,0,False,0.9977856328434105,0.005
refine_higher_0.005_R1.980_C0.470,modifier,higher,1.98,0.47,150.0,90.0,148.60512489521057,90.7067870743288,ok,177.45035528601147,148.12423180505104,91.13172163169493,120.7998526200777,72.01673904820792,3.829472697013356,1.8426586177897062,1.0000966347912907,1.0000048805450152,1.0000439227434224,0.9999876137435695,0.0,445.73339830327757,268.6632558248698,268.66325582486786,523.0359077995342,887.6531355601909,572.1842339176969,185.76307905267274,153.85376019543907,56.99251017335611,53.174758363467575,0.01853331466938357,0.019011956106027128,True,,174.0,900.0,0,False,0.4118275422071258,0.005
refine_higher_0.005_R1.985_C0.470,modifier,higher,1.985,0.47,150.0,90.0,148.60512489521057,90.7067870743288,ok,179.6255298279866,148.16363648999953,91.25067233875234,120.87230123918525,72.01481867848554,3.8230588737704694,1.8469008144228045,0.9999734405184119,0.9999986586120406,0.9999899655873743,1.0000022952731826,0.0,440.7409850748695,268.44709822681364,268.4470982268136,516.2104222919625,883.1473010420532,564.0582287733157,183.67626668204701,151.55673684376595,56.912964151247195,53.08711379027064,0.010346240503423587,0.014912297574369404,True,,177.0,895.0,0,False,0.49072319279284127,0.005
refine_higher_0.005_R1.985_C0.460,modifier,higher,1.985,0.46,150.0,90.0,148.60512489521057,90.7067870743288,ok,182.54072679698584,148.6796503205317,90.70498716726466,120.88070683215743,72.01517963380984,3.8228383779453745,1.847145151760337,1.0000000000795568,1.0000000000040181,1.0000000000515135,0.9999999999803186,0.0,448.9924970495159,266.1501783715438,266.1501783715441,527.797104469927,888.903473920617,578.0245017678537,187.1276782451958,155.53162583084014,57.97466315326703,53.08378590991697,0.013188760435781433,0.016302199767793013,True,,180.0,899.0,0,False,0.00555727868473444,0.005
refine_higher_0.005_R1.985_C0.480,modifier,higher,1.985,0.48,150.0,90.0,148.60512489521057,90.7067870743288,ok,226.0472741019912,147.6655954463737,91.77301879882867,120.86609742516433,72.01399052503679,3.823515091867168,1.8465684598410932,0.9999402834450724,0.9999969840123784,0.9999755433698597,1.0000062037002986,0.0,441.15778481165773,271.0032627832392,271.00326278323803,516.7984315419151,883.3926104723704,564.771111901686,183.85031915323924,151.76172417318912,55.89257664754501,53.09405941804965,0.007788874732170825,0.012274007065286696,True,,223.0,890.0,0,False,2.0195656755617004,0.005
refine_higher_0.005_R1.990_C0.450,modifier,higher,1.99,0.45,150.0,90.0,148.60512489521057,90.7067870743288,ok,121.58192324300762,149.17313823861542,89.75959834947517,120.70312720549882,72.01238235517816,3.849242230860858,1.831329028395879,0.9997825781879601,0.9999890191004022,0.9999067057451423,1.0000247890228193,0.0,437.7029934659063,283.18985740665335,283.1898574066553,512.3789014244219,878.7312897572939,559.6631224060476,182.41541155032633,150.33903079105752,59.41353988914025,53.45250504108718,0.010087014672279793,0.00480798325042997,True,,119.0,600.0,0,False,1.2198056387758134,0.005
refine_higher_0.005_R1.990_C0.445,modifier,higher,1.99,0.445,150.0,90.0,148.60512489521057,90.7067870743288,ok,124.11749512900133,149.43991876656733,89.55628886169796,120.7039126167993,72.01236579052414,3.8492454988463622,1.8313301055317874,0.9997830303987889,0.9999890419393329,0.9999069926291749,1.0000247252605827,0.0,437.4212194545048,281.9317784577871,281.93177845778587,511.98470933568274,878.5483260678243,559.1873729032025,182.2978516261433,150.20248410785698,59.883629904869366,53.45256271740028,0.010242086871301126,0.004759297008462227,True,,121.0,600.0,0,False,2.0205269449215653,0.005
refine_higher_0.005_R1.995_C0.445,modifier,higher,1.995,0.445,150.0,90.0,148.60512489521057,90.7067870743288,ok,115.19968542901915,149.4879489795652,89.64217688452823,120.78488463567786,72.01237345869819,3.842744350435385,1.8357785443239971,0.9997799846539674,0.9999888881138367,0.9999069663722145,1.0000247315674153,0.0,436.74245731266626,281.59987010742066,281.59987010741827,511.2137809677568,877.0551018272641,558.3596209005699,182.0150428866516,149.98375458355005,59.84577209503698,53.36227881225639,0.01091995913509436,0.0049186968616510285,True,,113.0,600.0,0,False,1.9127732201438223,0.005
refine_higher_0.005_R1.995_C0.450,modifier,higher,1.995,0.45,150.0,90.0,148.60512489521057,90.7067870743288,ok,117.48337167600403,149.21957360923463,89.87771470997464,120.78478262186155,72.01230385724475,3.8427569422997405,1.835773015903166,0.9997717175535734,0.9999884705835135,0.999904612302331,1.000024892057081,0.0,437.0160024678813,282.85172726623296,282.8517272662325,511.59791619262717,877.2327819937011,558.8247100837135,182.12918518347388,150.11706745470946,59.34185889925999,53.3625052451803,0.013082581825159423,0.007345700087114437,True,,115.0,600.0,0,False,1.0649082075016252,0.005
refine_higher_0.005_R1.995_C0.455,modifier,higher,1.995,0.455,150.0,90.0,148.60512489521057,90.7067870743288,ok,119.3722037000116,148.95116709731985,90.16748937070437,120.78274389640421,72.01242390021493,3.8426625234759806,1.8357596133222671,0.9997699892177208,0.9999883832938247,0.999903567043692,1.0000250082182705,0.0,437.268568343888,284.06326414792,284.0632641479196,511.95259339256734,877.3917263427375,559.2515226813539,182.23453015881938,150.23960689590214,58.78367772661548,53.36110514486531,0.015761081487113415,0.008294329603472761,True,,117.0,600.0,0,False,0.4105872187752263,0.005
refine_higher_0.005_R1.995_C0.470,modifier,higher,1.995,0.47,150.0,90.0,148.60512489521057,90.7067870743288,ok,120.20445320400177,148.17881808847966,91.007002216774,120.78348837470148,72.01220296328802,3.842849343265616,1.8357090498204514,0.9997527633708871,0.99998751330156,0.9998911033512541,1.0000283816725446,0.0,437.98221690602355,287.54959743106167,287.54959743105974,512.9520673273394,877.828426016826,560.4584793728859,182.53230149870953,150.5862666399492,57.17181587170566,53.363863138928124,0.01769103801987626,0.010871958272105076,True,,118.0,600.0,0,False,0.2718666252184921,0.005
refine_higher_0.005_R1.995_C0.440,modifier,higher,1.995,0.44,150.0,90.0,148.60512489521057,90.7067870743288,ok,153.9072216039931,149.75891300050654,89.43615541482995,120.78510085259454,72.01237994375867,3.8427357353997253,1.8357784943512419,0.9997829285400994,0.9999890367949543,0.999906882654238,1.000024745469999,0.0,436.45299977509274,280.31437789010545,280.31437789010533,510.80921427598855,876.8655714843924,557.8706861696871,181.89429408850424,149.8432351478006,60.322757585676584,53.36215437402407,0.010211007127111316,0.004770939672525287,True,,151.0,600.0,0,False,2.9457318060432645,0.005
refine_higher_0.005_R1.990_C0.455,modifier,higher,1.99,0.455,150.0,90.0,148.60512489521057,90.7067870743288,ok,186.9027103210101,148.98706069219895,90.55379440798515,120.96331136380994,72.01546501903357,3.8163191664304175,1.851687600096251,1.0000102809825713,1.0000005192415435,1.0000060559290387,0.9999978706958441,0.0,439.37662684356565,264.43020968650336,264.43020968650217,514.4833571364765,881.2057041705009,562.0758407626124,183.10746192747695,151.00583964913454,58.4332662842138,52.99305038746567,0.013666657427734208,0.01706618451761699,True,,185.0,899.0,0,False,0.16928170897609357,0.005
refine_higher_0.005_R1.995_C0.465,modifier,higher,1.995,0.465,150.0,90.0,148.60512489521057,90.7067870743288,ok,136.4847012149985,148.4314697754113,90.73243177118025,120.78325233949437,72.01244657051225,3.8427469439650723,1.8357328144360048,0.9997686022895793,0.9999883132469491,0.9999026275589203,1.0000253781984971,0.0,437.74957587791585,286.4146421809802,286.41464218097866,512.6284689925639,877.689536591984,560.0677337173518,182.4353418500017,150.47377659280005,57.699038004231056,53.362260650349924,0.014793572313493542,0.00889630777898276,True,,133.0,600.0,0,False,0.03081375110909917,0.005
refine_higher_0.005_R1.990_C0.475,modifier,higher,1.99,0.475,150.0,90.0,148.60512489521057,90.7067870743288,ok,173.63631781199365,147.9581018763258,91.64746944109746,120.95300173842233,72.01485811404889,3.8164568914222463,1.8514352922109023,0.9999345444665616,0.9999966941649784,0.9999733435757374,1.0000067212058874,0.0,440.2419217853467,269.2415750377353,269.2415750377338,515.6987425008881,881.7283641306642,563.5463013820311,183.46859356339638,151.42864753124218,56.31063243522834,52.99540943867693,0.009694926266007542,0.011227142644571586,True,,171.0,895.0,0,False,1.3035221021162358,0.005
refine_higher_0.005_R1.990_C0.470,modifier,higher,1.99,0.47,150.0,90.0,148.60512489521057,90.7067870743288,ok,194.98487670498434,148.2081074196232,91.38716217320085,120.95829068627374,72.01398916773503,3.815961161922771,1.8517571255224994,0.9999459941003666,0.9999972724293127,0.9999778864920487,1.0000056086809046,0.0,448.5834007580321,268.08731034490097,268.0873103448986,527.4074605105027,887.56369256314,577.659028975175,186.95729559937044,155.4468140038648,56.82094524642234,52.98916510561068,0.007725025788204221,0.011084100290730703,True,,193.0,900.0,0,False,0.6205331510869216,0.005
refine_higher_0.005_R1.990_C0.465,modifier,higher,1.99,0.465,150.0,90.0,148.60512489521057,90.7067870743288,ok,218.76476954700775,148.46151804849723,91.11411224442207,120.95929918832735,72.0140008384518,3.815979917017245,1.8517584738317538,0.9999406107194879,0.9999970005413892,0.9999757022541091,1.0000061562870908,0.0,439.8472787079327,266.6979358668451,266.69793586684403,515.1346668148672,881.5448329446044,562.8600843002583,183.30372596654908,151.23070572182695,57.34740580407515,52.989416954872276,0.0072816286577221945,0.012313486632322679,True,,216.0,900.0,0,False,0.18653672061446236,0.005
refine_higher_0.005_R1.990_C0.460,modifier,higher,1.99,0.46,150.0,90.0,148.60512489521057,90.7067870743288,ok,228.47153102298034,148.79541918576484,91.27710486645637,121.18720560938337,72.01210302401869,3.788293133125508,1.8692133533455126,0.9997806703725435,0.9999889227460879,0.9999071659252057,1.0000243066392538,0.0,449.5063554043027,252.85471249386904,252.85471249386757,528.4652530393536,889.5202943196243,578.8113559984805,187.33450940846373,155.75297428289332,57.51831431930847,52.60633940744617,0.015069628400965485,0.008280231314856223,True,,,,0,False,0.36147430103481976,0.005
refine_higher_0.005_R2.000_C0.445,modifier,higher,2.0,0.445,150.0,90.0,148.60512489521057,90.7067870743288,ok,118.56513281000662,149.53632417743555,89.72773323234787,120.86600764948221,72.0122543770993,3.836273651293901,1.840216822369027,0.9997662617242852,0.9999881950365794,0.9999020832547358,1.0000253442384808,0.0,436.06620811651925,281.26823427685105,281.2682342768487,510.44866386298105,875.5659651590354,557.5392243702814,181.73332384608034,149.76663247955054,59.80859094508767,53.27251152567554,0.014098035295006639,0.005616039569218856,True,,116.0,600.0,0,False,1.8256785287139352,0.005
refine_higher_0.005_R1.990_C0.480,modifier,higher,1.99,0.48,150.0,90.0,148.60512489521057,90.7067870743288,ok,225.89029441500315,147.71573681127325,91.91886602658997,120.95529170515478,72.01429568174468,3.8159251423512917,1.851751820603408,0.9999613148841273,0.9999980462062688,0.9999842918605104,1.000003951205111,0.0,448.8550156346579,274.23518392213987,274.2351839221395,527.7854456098522,887.721689598478,578.1156208068985,187.07040412976386,155.578421787811,55.79687078468328,52.988439395632554,0.010767800465941946,0.01092894358093588,True,,223.0,900.0,0,False,2.2601465503642224,0.005
refine_higher_0.005_R1.995_C0.475,modifier,higher,1.995,0.475,150.0,90.0,148.60512489521057,90.7067870743288,ok,153.78968166498817,147.9277773170711,91.2768562209101,120.78185711308984,72.01206153785063,3.842769593620971,1.8357108306450132,0.9997412424781291,0.9999869314382897,0.9998908782709577,1.0000284792899075,0.0,438.2015891238194,288.66098490533466,288.66098490533363,513.2603878394852,877.9769648467617,560.830521066425,182.62400515591088,150.6926334240573,56.650921096161,53.3628604924906,0.01646204870567658,0.009247604958815714,True,,151.0,600.0,0,False,0.7837785734953291,0.005
refine_higher_0.005_R2.000_C0.455,modifier,higher,2.0,0.455,150.0,90.0,148.60512489521057,90.7067870743288,ok,110.9982163280074,148.99844361079303,90.29881944676126,120.8653783997383,72.01247260115198,3.8362511468018226,1.8401877547682033,0.9997726723131759,0.9999885188036968,0.9999042277910605,1.0000248824221503,0.0,436.58147782249455,283.72418723078124,283.7241872307797,511.1723946829254,875.892713136976,558.4115147013076,181.94840588194788,150.01668963102856,58.699624164031775,53.272037582284796,0.0150051957133428,0.008603833284212214,True,,109.0,600.0,0,False,0.3211371971705317,0.005
refine_higher_0.005_R1.995_C0.460,modifier,higher,1.995,0.46,150.0,90.0,148.60512489521057,90.7067870743288,ok,225.89469222299522,148.7635707310217,90.96646838123384,121.04084051148266,72.01399166177548,3.8094316714273977,1.8563015749345455,0.999942949991915,0.9999971186864605,0.999976640512413,1.0000059241516097,0.0,443.23505817554417,265.28123503467236,265.28123503466895,520.0778427549218,882.871495399808,568.9204952843743,184.7220483787903,152.97242077064288,57.79710234978786,52.89849352218893,0.007715470439165983,0.012306961407787753,True,,223.0,900.0,0,False,0.09253946404179755,0.005
refine_higher_0.005_R2.000_C0.450,modifier,higher,2.0,0.45,150.0,90.0,148.60512489521057,90.7067870743288,ok,140.79634499398526,149.26496871513183,90.00880435202728,120.86474049009107,72.0124283415891,3.836194657781302,1.840207053153807,0.9997706605138224,0.9999884171976676,0.9999036986266654,1.000025017066771,0.0,436.3306176562396,282.50957384835704,282.5095738483551,510.8196004876754,875.73418046654,557.9856047198339,181.84365245860997,149.89458983485446,59.256164363104546,53.27128588949135,0.015781925819567277,0.008353489375991785,True,,138.0,600.0,0,False,0.9225737473197229,0.005
refine_higher_0.005_R2.000_C0.465,modifier,higher,2.0,0.465,150.0,90.0,148.60512489521057,90.7067870743288,ok,127.45880551100709,148.4788302155028,90.86246391026319,120.8657791182122,72.01193225736034,3.836364248399572,1.840153212966693,0.9997285729447004,0.9999862915628639,0.9998856999148407,1.0000298574688162,0.0,437.0661588712628,286.07038065901577,286.0703806590153,511.84778165672367,876.2003070783496,559.226193984105,182.1506875566482,150.25061476752398,57.61636630523961,53.2740079059253,0.017558441476154485,0.009844569681348503,True,,124.0,600.0,0,False,0.040185623369029755,0.005
refine_higher_0.005_R2.000_C0.475,modifier,higher,2.0,0.475,150.0,90.0,148.60512489521057,90.7067870743288,ok,115.75145903998055,147.97331331519825,91.40801311044919,120.86316894972472,72.01311706915207,3.8361954431132763,1.8402375935637636,0.9998043659996114,0.9999901194949303,0.9999184109798576,1.000021125508042,0.0,437.5019163153106,288.3112589215416,288.31125892154114,512.4545594643425,876.4754349575445,559.9593071089896,182.33237623332462,150.46028589903182,56.565300204749065,53.27078731267098,0.011778579087831531,0.007789009589075135,True,,114.0,600.0,0,False,0.8909038263707654,0.005
refine_higher_0.005_R2.000_C0.470,modifier,higher,2.0,0.47,150.0,90.0,148.60512489521057,90.7067870743288,ok,137.40864521099138,148.22296377561793,91.13737893464366,120.863565155166,72.01247711970237,3.8362680564517073,1.8402053226261343,0.9997780581131289,0.9999887908137941,0.9999065739401628,1.0000242785957136,0.0,437.28580625781916,287.2038878818431,287.2038878818423,512.1557930648403,876.3470429092281,559.5988268638573,182.24224699791262,150.3570220180589,57.08558484097426,53.2722690551929,0.01594486807223916,0.007714189042317798,True,,134.0,600.0,0,False,0.33145647149771273,0.005
refine_higher_0.005_R1.995_C0.480,modifier,higher,1.995,0.48,150.0,90.0,148.60512489521057,90.7067870743288,ok,197.50574989197776,147.76259300376734,92.04712083723096,121.03661370416401,72.01449911525877,3.809404130630161,1.8562900642631635,0.9999580230733844,0.9999978799532028,0.9999829037799766,1.0000043083378674,0.0,448.1205304580918,273.9193510426543,273.9193510426528,526.9379268348091,886.1885328155181,577.1937993103654,186.76429547390964,155.33206970743868,55.71547216653637,52.89773833645962,0.010878813280498889,0.011861148463083282,True,,194.0,900.0,0,False,2.5063545840743755,0.005
refine_intermediate_0.005_R1.700_C0.590,modifier,intermediate,1.7,0.59,140.0,90.0,139.95366838673382,89.7625889323308,ok,147.10986651698477,139.77685386180332,89.10538199935641,115.54636756559806,72.01460604176732,4.253233804792925,1.580315165126086,0.9999482385483188,0.9999973857852674,0.9999797335909759,1.000004866859133,0.0,498.26172220329676,329.06266130801646,329.06266130801544,585.4132302805772,987.3791596284505,641.1178342598989,207.6604326465045,172.48014945629598,50.67147186244691,59.060710577603054,0.012112864881288488,0.009234905547401695,True,,145.0,752.0,0,False,0.46318432897600464,0.005
refine_intermediate_0.005_R1.700_C0.595,modifier,intermediate,1.7,0.595,140.0,90.0,139.95366838673382,89.7625889323308,ok,152.8654052829952,139.59488943651152,89.24698452985601,115.5408286479154,72.01443736573134,4.25320109602389,1.5802639250660795,0.999924184833406,0.999996170951182,0.9999696979985234,1.0000074122093205,0.0,498.3250163984877,324.6652806166104,324.6652806166071,585.5099609162169,987.350256992187,641.2393330762347,207.68688788497474,172.51595583343897,50.347904906655515,59.060394715349275,0.011769353275411731,0.00850453637906412,True,,151.0,752.0,0,False,0.39457023497400495,0.005
refine_intermediate_0.005_R1.700_C0.605,modifier,intermediate,1.7,0.605,140.0,90.0,139.95366838673382,89.7625889323308,ok,146.01086384098744,139.2370913175193,89.52160149407617,115.52652115387876,72.01478010181906,4.2533565968244895,1.579998593220089,0.9999547132028641,0.9999977127880227,0.9999822562828937,1.0000042658792556,0.0,498.52438597583017,326.61126623570317,326.6112662357012,585.8005787454035,987.3748090827598,641.597427459704,207.7701075213658,172.62064471400407,49.71548982344312,59.06227292245876,0.01354479603108416,0.009820739181733984,True,,144.0,747.0,0,False,0.5715576415206272,0.005
refine_intermediate_0.005_R1.700_C0.585,modifier,intermediate,1.7,0.585,140.0,90.0,139.95366838673382,89.7625889323308,ok,186.1968006149982,139.95987070793748,88.96122410715958,115.54989308801835,72.01426636787015,4.253528355683175,1.5802711480164915,0.99991820265057,0.999995868820736,0.9999671894277284,1.0000081308799436,0.0,498.13787378524484,325.6116466681401,325.61164666813943,585.2386804614034,987.2971445354679,640.9041513683444,207.60887502548348,172.4177196432445,50.9986466007779,59.06507932685025,0.009635507424519574,0.007927339020028512,True,,183.0,752.0,0,False,0.642224051810013,0.005
refine_intermediate_0.005_R1.700_C0.615,modifier,intermediate,1.7,0.615,140.0,90.0,139.95366838673382,89.7625889323308,ok,152.0033182229963,138.88983154496344,89.7927705315198,115.51310113426041,72.01684370870393,4.253632044186598,1.579767225164685,1.0000840251985197,1.000004243696896,1.0000390430524257,0.9999888345349053,0.0,490.1065918154633,328.1575797485508,328.15757974855114,573.993767815027,981.4523402256467,627.3719529681579,204.24946763490794,168.57181116092357,49.097061013443636,59.064405285405556,0.021362341372793026,0.015943968731136238,True,,150.0,743.0,0,False,1.1326597548375859,0.005
refine_intermediate_0.005_R1.705_C0.585,modifier,intermediate,1.705,0.585,140.0,90.0,139.95366838673382,89.7625889323308,ok,152.48153874100535,140.0281427934309,89.06898555919956,115.6501525877259,72.01482595853707,4.245270339456211,1.584840244547599,0.99995692783137,0.999997824637948,0.9999836110812901,1.0000037877246197,0.0,497.209788781601,322.62384928115824,322.6238492811575,584.1672402908428,985.3644343133734,639.7415233175575,207.2221269357919,172.10776950740376,50.95915723423134,58.94994930488964,0.013267641791458118,0.008327505466979801,True,,150.0,753.0,0,False,0.4866320764719148,0.005
refine_intermediate_0.005_R1.700_C0.610,modifier,intermediate,1.7,0.61,140.0,90.0,139.95366838673382,89.7625889323308,ok,189.51550220200443,139.05841631856927,89.6545035596817,115.51735354853942,72.01600955292457,4.25360390150722,1.5797797033704644,1.0000402304387388,1.0000020318403413,1.0000196530492036,0.9999941239765733,0.0,498.6032801582825,332.3576092974574,332.35760929745663,585.92105045269,987.3789333896484,641.749707953702,207.80302299446805,172.66555844658143,49.40391275888757,59.06469864011621,0.01740790940766601,0.013985626262311257,True,,186.0,742.0,0,False,0.8131587133336031,0.005
refine_intermediate_0.005_R1.705_C0.580,modifier,intermediate,1.705,0.58,140.0,90.0,139.95366838673382,89.7625889323308,ok,179.48441408399958,140.2160745826194,88.92864917528865,115.65908372557693,72.01432888008605,4.245052499776658,1.5850474550414486,0.9999256232354132,0.9999962435977477,0.9999703520357806,1.0000072969985112,0.0,497.1575537048136,326.48846454917646,326.4884645491756,584.0753695972437,985.4311348230278,639.6223705157372,207.20013536023578,172.07167616263115,51.287425407330744,58.94733125743996,0.010477804295078386,0.008076082949017405,True,,176.0,757.0,0,False,0.764312530014651,0.005
refine_intermediate_0.005_R1.705_C0.590,modifier,intermediate,1.705,0.59,140.0,90.0,139.95366838673382,89.7625889323308,ok,166.23890182800824,139.84489366692927,89.21286303150335,115.64524128022815,72.01490685960997,4.245125388262455,1.5848359110176673,0.9999670544981251,0.999998336085764,0.999987923941307,1.0000026298781415,0.0,497.3551255671599,328.52692449008214,328.5269244900826,584.3715639455072,985.4638851993843,639.9902394876772,207.2826604114822,172.17972018451223,50.63203063542592,58.94787028660814,0.013826725545868612,0.010069627106020107,True,,163.0,752.0,0,False,0.31403050570911584,0.005
refine_intermediate_0.005_R1.705_C0.595,modifier,intermediate,1.705,0.595,140.0,90.0,139.95366838673382,89.7625889323308,ok,153.62007768300828,139.66132512223544,89.34981482966711,115.6359490668509,72.01520541648658,4.245446848108688,1.5845759670049195,0.9999892409294879,0.9999994566126007,0.9999976188290771,1.0000000160025997,0.0,497.4319896788648,329.5027699516553,329.502769951653,584.491400281209,985.4437269852783,640.141069145159,207.3148563847248,172.22449931521152,50.31151029256833,58.95208968100465,0.0151187774302457,0.011042809023933842,True,,151.0,747.0,0,False,0.25584704412738685,0.005
refine_intermediate_0.005_R1.705_C0.600,modifier,intermediate,1.705,0.6,140.0,90.0,139.95366838673382,89.7625889323308,ok,149.14037868898595,139.48303348226753,89.48966291267155,115.6318494108531,72.01552505236795,4.24534337255631,1.5845204892287297,1.0000005649499362,1.0000000285328254,1.000002584604204,0.9999987264539447,0.0,497.5138319777766,327.7559535223628,327.7559535223604,584.6062854197836,985.4350027377063,640.2795368501578,207.3489827527477,172.26487974710085,49.99337056959598,58.95039117564163,0.016276638139714805,0.012854409486905638,True,,147.0,747.0,0,False,0.29598582550904035,0.005
refine_intermediate_0.005_R1.705_C0.605,modifier,intermediate,1.705,0.605,140.0,90.0,139.95366838673382,89.7625889323308,ok,143.6533217879769,139.30819032523988,89.63159685114633,115.62815726154989,72.01640770181646,4.245359395448888,1.5845127983633767,1.0000494974000191,1.0000024998686885,1.0000240848382962,0.9999928660903974,0.0,488.9346167938334,325.9018109929043,325.90181099290464,572.5660152104025,979.4631230545532,625.7691911497759,203.76071263569997,168.13374982240046,49.67659347409355,58.94989115573184,0.019344545313714434,0.01750149516172428,True,,142.0,747.0,0,False,0.43380085320302275,0.005
refine_intermediate_0.005_R1.705_C0.615,modifier,intermediate,1.705,0.615,140.0,90.0,139.95366838673382,89.7625889323308,ok,144.75185481400695,138.95758725026593,89.90319003655547,115.61473379752331,72.01565033532046,4.244883716500916,1.5845508847947773,1.0000311554802073,1.0000015735091008,1.0000152434821112,0.9999954068182049,0.0,497.80300695995925,332.42782662883025,332.42782662883144,585.0268190215264,985.5338581306935,640.7985197079972,207.4694055003791,172.41711346320994,49.05439721371046,58.94390589734063,0.01699571252507326,0.014394861950705717,True,,143.0,747.0,0,False,1.0119463009363667,0.005
refine_intermediate_0.005_R1.705_C0.620,modifier,intermediate,1.705,0.62,140.0,90.0,139.95366838673382,89.7625889323308,ok,149.22167754999828,138.78461671911,90.0362863088366,115.6079785048138,72.01461379101212,4.244348708491878,1.584563836484919,0.9999515832439598,0.9999975547092905,0.9999810168509069,1.0000044721649832,0.0,497.8801822654797,328.25299777393275,328.2529977739332,585.1403710746436,985.5306429664197,640.9395060459271,207.50175316421658,172.45819381221037,48.74833041027341,58.937325149157424,0.010706007775922899,0.009749730026754833,True,,147.0,748.0,0,False,1.4415920554801864,0.005
refine_intermediate_0.005_R1.705_C0.610,modifier,intermediate,1.705,0.61,140.0,90.0,139.95366838673382,89.7625889323308,ok,177.4483524959942,139.13157630209764,89.76791882484781,115.62099908595528,72.01619333870659,4.2451226047382935,1.5845507108911976,1.0000616239486764,1.0000031123206414,1.000028740439035,0.9999917254651622,0.0,497.71056476535205,331.591372726318,331.5913727263189,584.8947490868794,985.5031798869456,640.6366376929814,207.4308392906962,172.37000298055378,49.36365747724983,58.946778605370476,0.019403710653818962,0.017224738734682887,True,,175.0,747.0,0,False,0.6758638033757064,0.005
refine_intermediate_0.005_R1.710_C0.585,modifier,intermediate,1.71,0.585,140.0,90.0,139.95366838673382,89.7625889323308,ok,133.62597182299942,140.09804650579142,89.18134553538634,115.75441358581176,72.01469987008461,4.23683630297305,1.5895662012599059,0.9999488213322851,0.9999974152188018,0.9999796239802912,1.0000049778252413,0.0,496.36207397048327,324.3384416430143,324.3384416430139,583.1945171381128,983.5308675504969,638.6879665953129,206.86887728348617,171.82697669709006,50.916700970405074,58.832937033916046,0.01306376357422323,0.00957040487385541,True,,132.0,757.0,0,False,0.35868892775414135,0.005
refine_intermediate_0.005_R1.710_C0.580,modifier,intermediate,1.71,0.58,140.0,90.0,139.95366838673382,89.7625889323308,ok,167.75317766700755,140.28340121589335,89.03574427436976,115.75861964785497,72.01455069228578,4.2369734035241455,1.5895706900414897,0.9999345902542547,0.999996696477486,0.9999735197960915,1.0000066222764379,0.0,487.27176723791524,320.94557018919414,320.94557018919375,570.4210716423256,977.3006869723895,623.2855414302855,203.06694062454594,167.43934839306547,51.24765694152359,58.83496269564328,0.012287791149873328,0.00899286870225069,True,,166.0,757.0,0,False,0.6370268954320433,0.005
refine_intermediate_0.005_R1.710_C0.590,modifier,intermediate,1.71,0.59,140.0,90.0,139.95366838673382,89.7625889323308,ok,151.70163541199872,139.90795754494033,89.3151711531698,115.7412606847893,72.0161316306151,4.237618192998865,1.5890857384077193,1.0000484679551538,1.0000024478765233,1.000023177478365,0.9999932063325749,0.0,491.9641390333528,323.18577846561095,323.185778465611,577.0351816991213,980.391420227043,631.273590532956,205.02966708050224,169.71797207663818,50.59278639177053,58.84262452105095,0.017851592564539942,0.011938423525620578,True,,150.0,748.0,0,False,0.20227215016683145,0.005
refine_intermediate_0.005_R1.710_C0.595,modifier,intermediate,1.71,0.595,140.0,90.0,139.95366838673382,89.7625889323308,ok,141.20938407897484,139.73058561782847,89.45910197685481,115.73708236958444,72.0170071331544,4.237628669147216,1.589074237518889,1.0000926252657083,1.000004678043722,1.0000425626765943,0.9999878332354755,0.0,496.49208326260845,326.43702503776535,326.43702503776535,583.3957154854605,983.4695014740353,638.9440122174842,206.92303223038292,171.9042506944116,50.271483640973656,58.842054645677486,0.022499874541438203,0.019967878580132492,True,,139.0,748.0,0,False,0.14187025392656605,0.005
refine_intermediate_0.005_R1.710_C0.600,modifier,intermediate,1.71,0.6,140.0,90.0,139.95366838673382,89.7625889323308,ok,146.54499012898304,139.5534101643157,89.60303684224571,115.73586560561688,72.0160350699892,4.2369291858767655,1.5892989830267013,1.0000395191957474,1.0000019959189772,1.0000192293633228,0.9999943047445644,0.0,496.58951876605784,324.51545081700795,324.51545081700783,583.5290827369702,983.5322702597189,639.1016898869766,206.96353060273253,171.9491961689463,49.95037332206998,58.83313600587815,0.01944153761971279,0.01749480230787981,True,,145.0,752.0,0,False,0.18566351406384135,0.005
refine_intermediate_0.005_R1.710_C0.605,modifier,intermediate,1.71,0.605,140.0,90.0,139.95366838673382,89.7625889323308,ok,139.15057229698868,139.37460269810904,89.7420065375911,115.72943139667127,72.01564907079292,4.236666519112679,1.589333830594176,1.0000317369024896,1.0000016028738627,1.0000155026467255,0.9999953741892507,0.0,496.7414933915827,330.2437896968786,330.2437896968794,583.7506469011953,983.629840923649,639.3766673011208,207.02691183333843,172.02986721662802,49.63259616051795,58.829803990906825,0.016942196772390616,0.014444731309424697,True,,137.0,752.0,0,False,0.335740706715712,0.005
refine_intermediate_0.005_R1.710_C0.610,modifier,intermediate,1.71,0.61,140.0,90.0,139.95366838673382,89.7625889323308,ok,126.3557831569924,139.1995557569278,89.87668623130165,115.72215753767895,72.01415176505986,4.236220074684116,1.589306605117682,0.9999175061274364,0.9999958336428015,0.9999666884294593,1.0000083185961057,0.0,488.2503779071812,325.83086886242427,325.8308688624247,571.819733433134,977.7284759224653,624.993190323461,203.47552342427736,167.93405736505537,49.322869525626146,58.824827771414,0.008812292868441318,0.007553596423861109,True,,125.0,752.0,0,False,0.5817040520654102,0.005
refine_intermediate_0.005_R1.710_C0.620,modifier,intermediate,1.71,0.62,140.0,90.0,139.95366838673382,89.7625889323308,ok,123.28686671401374,138.85616947299124,90.14443986726175,115.70782665220172,72.01429551141334,4.236439217468317,1.5890793814027726,0.9999205959265467,0.9999959896932613,0.9999682131019125,1.000007860102417,0.0,496.9797639787274,327.78359990209685,327.78359990209844,584.1039893301382,983.6319194551584,639.8160607096765,207.12663261177676,172.15863324713848,48.71172960572949,58.82775339789162,0.01003989890418211,0.00787452787180598,True,,122.0,748.0,0,False,1.3503140021737934,0.005
refine_intermediate_0.005_R1.715_C0.580,modifier,intermediate,1.715,0.58,140.0,90.0,139.95366838673382,89.7625889323308,ok,122.82846136199078,140.3467987371624,89.13806369413712,115.85432039663907,72.01610513250363,4.2293799417661715,1.5938698644870457,1.0000492427249554,1.0000024870063096,1.000023397438105,0.9999931147109093,0.0,495.3272046491465,326.05248901800996,326.05248901800917,581.9729773248006,981.5582408855512,637.3418524599767,206.43754517507054,171.46351804736946,51.208735043025285,58.72825160406086,0.01786913520680855,0.01477633411175816,True,,121.0,752.0,0,False,0.5445832455689739,0.005
refine_intermediate_0.005_R1.710_C0.615,modifier,intermediate,1.71,0.615,140.0,90.0,139.95366838673382,89.7625889323308,ok,133.47717642501811,139.02613122013398,90.00974100537225,115.71336598171469,72.01425701121994,4.236648765159319,1.5890843425742371,0.9999148593403426,0.9999956999666835,0.999965783155554,1.0000084968401128,0.0,496.8735449925468,326.9621959764079,326.96219597640703,583.949533573124,983.6020071435725,639.6261553753873,207.08230597172872,172.10328312747163,49.01639021476173,58.83069465674335,0.009478428777498493,0.0078323805288818,True,,132.0,748.0,0,False,0.9214093426327591,0.005
refine_intermediate_0.005_R1.715_C0.585,modifier,intermediate,1.715,0.585,140.0,90.0,139.95366838673382,89.7625889323308,ok,138.35324366099667,140.16471293797076,89.28406930246285,115.85041245854626,72.01659373425314,4.2294209403703515,1.5938253174895094,1.0000582568319891,1.0000029422642447,1.0000279807481856,0.9999918071269912,0.0,486.58012735745274,321.61826098347194,321.6182609834711,569.6913812460983,975.4603119801986,622.5386818057981,202.77917683137838,167.2491453980129,50.88064363550791,58.7284224518761,0.020247929228560224,0.019004970894485496,True,,136.0,752.0,0,False,0.2735208387757572,0.005
refine_intermediate_0.005_R1.715_C0.590,modifier,intermediate,1.715,0.59,140.0,90.0,139.95366838673382,89.7625889323308,ok,140.02064015498036,139.98021177914805,89.42771178109776,115.84436517726867,72.01645289191569,4.229179666691525,1.5938628707538733,1.000076936389759,1.0000038856762505,1.0000355118704307,0.9999898417098623,0.0,495.5362545196329,327.5105350840333,327.51053508403334,582.2773117314312,981.625486300141,637.717768105721,206.5246078717575,171.57448139732037,50.552499998050294,58.725187049114965,0.020428554873802796,0.018756323121948526,True,,138.0,752.0,0,False,0.11284725809881486,0.005
refine_intermediate_0.005_R1.720_C0.590,modifier,intermediate,1.72,0.59,140.0,90.0,139.95366838673382,89.7625889323308,ok,142.4536957910168,140.04317454782858,89.53163122465878,115.94102691914392,72.01441058683773,4.220668283639566,1.5984213706065091,0.9999394830733599,0.9999969435895639,0.9999760533364412,1.0000058289664429,0.0,494.6498471068166,324.42819714049386,324.42819714049074,581.2524488436795,979.7442227004927,636.6046198236894,206.15539351712275,171.27705282280692,50.5115433231698,58.60866247804837,0.010344059976375775,0.008388512022222017,True,,140.0,753.0,0,False,0.06135281560703497,0.005
refine_intermediate_0.005_R1.715_C0.615,modifier,intermediate,1.715,0.615,140.0,90.0,139.95366838673382,89.7625889323308,ok,144.28031578302034,139.0968760052983,90.12211755514532,115.81700375406957,72.0143329436581,4.22807959801372,1.593859624256302,0.999932482074042,0.9999965900037389,0.9999731798108875,1.000006576128827,0.0,496.0351547634157,331.14200113338836,331.14200113338916,582.9856593426239,981.8091376310706,638.5848054372865,206.7327760938012,171.826323690637,48.974758450152976,58.71164010255632,0.010569182953446443,0.008033462205489172,True,,142.0,752.0,0,False,0.8633540155088661,0.005
refine_intermediate_0.005_R1.720_C0.585,modifier,intermediate,1.72,0.585,140.0,90.0,139.95366838673382,89.7625889323308,ok,150.20324178499868,140.22978218833674,89.39409149138905,115.9511686811451,72.01560630851256,4.220735997457478,1.598651088510418,1.0000325062276039,1.000001641728668,1.0000158952986742,0.9999952465997152,0.0,485.7455324583243,325.88078684650634,325.8807868465064,568.7388080891645,973.6457622063818,621.5123134067278,202.43124144636158,166.97711556292364,50.835690696947694,58.60862962641707,0.016827027422607443,0.014556239301882101,True,,148.0,757.0,0,False,0.21202919541623555,0.005
refine_intermediate_0.005_R1.715_C0.595,modifier,intermediate,1.715,0.595,140.0,90.0,139.95366838673382,89.7625889323308,ok,151.63986421600566,139.795325996346,89.56812426119221,115.83779515342552,72.01539781952805,4.228856572205098,1.5938650965976595,1.0000147248077602,1.0000007436771605,1.0000084146017274,0.999997216749215,0.0,495.64481500654665,328.00946847476246,328.0094684747619,582.4234258891058,981.6652314135615,637.8912232238341,206.56989973169124,171.623817090025,50.2272017351538,58.72156094732258,0.01568605126223588,0.013083768467438972,True,,150.0,753.0,0,False,0.06288882091476737,0.005
refine_intermediate_0.005_R1.715_C0.610,modifier,intermediate,1.715,0.61,140.0,90.0,139.95366838673382,89.7625889323308,ok,151.78924614898278,139.26839381508773,89.98572571874779,115.82237619236196,72.01428519505981,4.228265705031094,1.5938633088833225,0.9999240957061617,0.999996166449808,0.9999696386647956,1.0000075012848173,0.0,495.94865493446633,330.2363106016038,330.23631060160665,582.8596991070915,981.7898005130428,638.4295251578933,206.69669373517445,171.78090977331777,49.28266809633995,58.71426333786833,0.00982295684761425,0.007868464500134564,True,,150.0,753.0,0,False,0.5193912639972325,0.005
refine_intermediate_0.005_R1.715_C0.605,modifier,intermediate,1.715,0.605,140.0,90.0,139.95366838673382,89.7625889323308,ok,154.0525646560127,139.4425411280329,89.84814779634429,115.82762289556342,72.01424484514254,4.228375561691969,1.593868323381793,0.9999258877987502,0.9999962569595333,0.9999703306235064,1.0000073373227596,0.0,495.85764122543355,329.7414872751424,329.74148727514034,582.7284836916433,981.7671605045183,638.267983383998,206.65873499922083,171.73368618929362,49.59439333168861,58.7158217208908,0.008893533305950996,0.007854009605736678,True,,152.0,752.0,0,False,0.2685713937984005,0.005
refine_intermediate_0.005_R1.720_C0.605,modifier,intermediate,1.72,0.605,140.0,90.0,139.95366838673382,89.7625889323308,ok,155.0150981170009,139.50942522039142,89.95431108038518,115.92600834874023,72.01437038212943,4.220401713470129,1.5983881560448971,0.9999289088570813,0.9999964095382361,0.9999717654121347,1.000006920855941,0.0,494.9554577579172,329.0367395309437,329.0367395309417,581.6882241390333,979.8715780399141,637.1392944198416,206.28282692460036,171.4326629713065,49.55511414000624,58.60499357385805,0.010937448212985146,0.008179921055258887,True,,153.0,753.0,0,False,0.2341093728965103,0.005
refine_intermediate_0.005_R1.725_C0.580,modifier,intermediate,1.725,0.58,140.0,90.0,139.95366838673382,89.7625889323308,ok,158.19746653799666,140.48060827548835,89.35342688118308,116.05335304054114,72.01441459430364,4.212494386846692,1.6032075674005302,0.9999406150666903,0.9999970007609456,0.9999765027113268,1.0000057119219106,0.0,493.57723024234497,324.4287006541639,324.42870065416594,579.9551516346355,977.8542236827554,635.1547564125729,205.70826933705362,170.88123712645245,51.12718139430527,58.495155595972875,0.010356543659639783,0.008412019571196083,True,,156.0,758.0,0,False,0.44507923046004005,0.005
refine_intermediate_0.005_R1.720_C0.595,modifier,intermediate,1.72,0.595,140.0,90.0,139.95366838673382,89.7625889323308,ok,174.56772438800544,139.86363520659435,89.67412696199857,115.93608418080669,72.01426853116612,4.220763056643564,1.5983960720184325,0.9999210463612316,0.9999960124424869,0.999968353965761,1.0000078360236233,0.0,494.761226070598,327.5195075950983,327.5195075951007,581.4101864712161,979.7971181906887,636.7972278857316,206.20181717939545,171.33245931837553,50.189508244595785,58.61009412067992,0.009468343145812241,0.00789997905941675,True,,172.0,753.0,0,False,0.015931493721087358,0.005
refine_intermediate_0.005_R1.715_C0.620,modifier,intermediate,1.715,0.62,140.0,90.0,139.95366838673382,89.7625889323308,ok,185.97282695700414,138.92453097443632,90.25165736697231,115.80664126159779,72.01447753394984,4.228383474884836,1.5936001798486557,0.9999266820957313,0.9999962970755434,0.9999700964354403,1.0000075331785299,0.0,487.6525184410476,326.9908787949269,326.9908787949282,571.2218602990577,975.9347457708817,624.4067868454915,203.2269271245925,167.78968391898474,48.67287360746401,58.715741885254204,0.011888027539754376,0.008597390192818466,True,,183.0,748.0,0,False,1.2983117471530945,0.005
refine_intermediate_0.005_R1.720_C0.610,modifier,intermediate,1.72,0.61,140.0,90.0,139.95366838673382,89.7625889323308,ok,187.1254791779793,139.3361051989357,90.09245377499964,115.92090325785145,72.01448242531721,4.220237505744956,1.5983853767004434,0.9999369463119459,0.9999968154703013,0.9999752638556011,1.0000059794100542,0.0,495.043388398664,329.8590697821302,329.8590697821295,581.8173233392602,979.8923395884751,637.2982869800735,206.31951077831388,171.47952097559886,49.24365142393607,58.602622189523665,0.011892135951654836,0.008636731495315075,True,,184.0,752.0,0,False,0.4901951053523046,0.005
refine_intermediate_0.005_R1.715_C0.600,modifier,intermediate,1.715,0.6,140.0,90.0,139.95366838673382,89.7625889323308,ok,187.16115649600397,139.61757723480184,89.7086719918616,115.83289218586548,72.01440635213281,4.228379500669084,1.593892753129962,0.9999381171741681,0.9999968746047572,0.9999753891612677,1.00000600192342,0.0,495.729686154961,324.01732055643214,324.01732055643333,582.5537596252522,981.6807455615148,638.0568145517248,206.605519169797,171.67278672243933,49.908905242940236,58.71574473575946,0.009729108378365936,0.008115978347248642,True,,184.0,753.0,0,False,0.1158642988765247,0.005
refine_intermediate_0.005_R1.720_C0.615,modifier,intermediate,1.72,0.615,140.0,90.0,139.95366838673382,89.7625889323308,ok,189.6441613700008,139.16502859251977,90.22913784492177,115.915676088492,72.0146041189211,4.220068607337273,1.5983830355378845,0.9999443756155577,0.9999971906876546,0.999978518700322,1.0000050981367123,0.0,495.12737296510693,330.60192112835887,330.60192112835614,581.9421212485086,979.9096673869238,637.454162334272,206.35455212185508,171.5251385777563,48.93589074759801,58.60017782460452,0.01256623403585877,0.009110360893245684,True,,187.0,752.0,0,False,0.8396206128577903,0.005
refine_intermediate_0.005_R1.725_C0.585,modifier,intermediate,1.725,0.585,140.0,90.0,139.95366838673382,89.7625889323308,ok,190.79081403597957,140.2964106511595,89.49911899459072,116.04872136110669,72.01427269756381,4.212599087377932,1.6031829541384315,0.9999241431501472,0.9999961688459666,0.9999696395153677,1.0000075058946902,0.0,493.69187237878987,325.33189230284034,325.3318923028388,580.1190927518156,977.9156392352311,635.3568124922249,205.75606973379197,170.9401338815884,50.79729165656879,58.496724740517195,0.009466281704817447,0.007930547445425873,True,,188.0,758.0,0,False,0.1868886679164068,0.005
refine_intermediate_0.005_R1.725_C0.595,modifier,intermediate,1.725,0.595,140.0,90.0,139.95366838673382,89.7625889323308,ok,148.36641506900196,139.9300727252488,89.77995783165356,116.03420403402933,72.01441021555162,4.212738581188612,1.6029166384896136,0.9999227822981067,0.9999961001160661,0.9999687562661719,1.0000076692711808,0.0,485.2060237058637,322.186179841255,322.18617984125467,568.2144741260882,971.9338057894024,621.0119377112758,202.20692407025768,166.85721422226766,50.150114893595244,58.49855006212165,0.011372546261668504,0.008352851817861051,True,,146.0,753.0,0,False,0.00085843390459979,0.005
refine_intermediate_0.005_R1.725_C0.610,modifier,intermediate,1.725,0.61,140.0,90.0,139.95366838673382,89.7625889323308,ok,142.9403040720208,139.40428255637977,90.19860182833025,116.01974072262824,72.01512105570914,4.212160843610848,1.6028973860667324,0.9999699635660539,0.9999984830083866,0.9999892301315401,1.0000022828206945,0.0,489.89081628289284,324.45916973430826,324.4591697343063,574.8099915321587,975.0416552142497,628.9750043909842,204.1660820410615,169.12895327434123,49.205680728049515,58.48995019188294,0.014444925550577636,0.010556433879401084,True,,140.0,753.0,0,False,0.49193203607164504,0.005
refine_intermediate_0.005_R1.730_C0.580,modifier,intermediate,1.73,0.58,140.0,90.0,139.95366838673382,89.7625889323308,ok,142.96563897200394,140.5501855150535,89.4642790288479,116.15592552651697,72.01428682643981,4.204284309867569,1.6079684147811493,0.9999284547171674,0.9999963866018786,0.9999714385605889,1.000007041511909,0.0,492.72209315160353,323.8555292763195,323.8555292763199,578.9730166548868,976.0511834287536,634.0935576936504,205.3518393743816,170.59900153963542,51.0859064862056,58.381253153283744,0.009619923466090086,0.007949690208448601,True,,140.0,763.0,0,False,0.44482148289473056,0.005
refine_intermediate_0.005_R1.725_C0.615,modifier,intermediate,1.725,0.615,140.0,90.0,139.95366838673382,89.7625889323308,ok,148.5476884090167,139.22758450307916,90.33042682914929,116.00960500320255,72.01587328896835,4.212403919795032,1.6026809650032359,1.0000302936943344,1.0000015299845622,1.0000154671460804,0.9999952253823081,0.0,494.15641713680134,325.5400458121332,325.54004581213087,580.8179028153227,977.8986257036281,636.2275576411596,205.95009087852358,171.19714193383342,48.89715767392987,58.49271455603252,0.01677409424141274,0.010644510195646717,True,,146.0,748.0,0,False,0.8496376831662884,0.005
refine_intermediate_0.005_R1.725_C0.605,modifier,intermediate,1.725,0.605,140.0,90.0,139.95366838673382,89.7625889323308,ok,156.922190081008,139.57820143710225,90.06152264669339,116.02451169287951,72.0150987326719,4.212314445350125,1.602954926082244,0.999980965807823,0.9999990386771621,0.9999939519404151,1.0000009965435583,0.0,494.05778482333267,328.54659204057276,328.5465920405736,580.6611670553715,977.9835872419308,636.0278785617302,205.90882952143784,171.1369280317125,49.51667879040886,58.492101232641595,0.014492230737033651,0.010620324989233154,True,,155.0,753.0,0,False,0.23033679584825276,0.005
refine_intermediate_0.005_R1.730_C0.585,modifier,intermediate,1.73,0.585,140.0,90.0,139.95366838673382,89.7625889323308,ok,148.6099360740045,140.36214241277204,89.60434953983227,116.14642981014893,72.01438168112796,4.204600889440504,1.607704374513294,0.9999339845074724,0.9999966658842154,0.9999738718874418,1.0000063800431096,0.0,492.8008138289637,324.9525758940755,324.95257589407595,579.0928868451905,976.0382159014533,634.2440306195518,205.38479636162515,170.64348652913105,50.757792872939774,58.38557231606918,0.010955082920446557,0.008257474748020854,True,,146.0,757.0,0,False,0.19189073528617656,0.005
refine_intermediate_0.005_R1.725_C0.600,modifier,intermediate,1.725,0.6,140.0,90.0,139.95366838673382,89.7625889323308,ok,175.09687012099312,139.7524238223656,89.92121453554282,116.02940552659054,72.01454709862394,4.212586863588013,1.602914644214634,0.9999350455687592,0.9999967194731705,0.9999736621845012,1.0000064802334112,0.0,493.93281780633964,323.08118816866534,323.08118816866374,580.4829934450531,977.9048487754453,635.8100878598952,205.85673408070716,171.07377842677317,49.8312092868228,58.49633210660721,0.012188554531576301,0.008911405715849696,True,,172.0,753.0,0,False,0.06566145668212657,0.005
refine_intermediate_0.005_R1.725_C0.590,modifier,intermediate,1.725,0.59,140.0,90.0,139.95366838673382,89.7625889323308,ok,192.62591803399846,140.11335633454496,89.64296662246788,116.0439460319882,72.01429242386187,4.212421503511307,1.6031792654609,0.9999303631856502,0.9999964829891752,0.999972237298276,1.000006834771813,0.0,493.79691610603595,326.24047225515244,326.24047225515136,580.269690032286,977.9509466486161,635.5414145896658,205.79986944484693,170.9939097155331,50.47038971207708,58.494242763892316,0.009818954010313519,0.007939103185876206,True,,190.0,757.0,0,False,0.03980973769307235,0.005
refine_intermediate_0.005_R1.730_C0.620,modifier,intermediate,1.73,0.62,140.0,90.0,139.95366838673382,89.7625889323308,ok,146.25153419698472,139.12292289106,90.58458126627826,116.09938249181063,72.01510413210224,4.204211942850518,1.6072040917971562,0.9999953111015978,0.9999997631869495,0.999999983709733,0.9999997037063406,0.0,493.3800125040215,330.5175037756376,330.5175037756369,579.942944443784,976.0986393114376,635.2949552476261,205.6264640479542,170.95277450150107,48.53834162478174,58.37958569272418,0.01393921289042055,0.01574784743608859,True,,144.0,748.0,0,False,1.3658094756507457,0.005
refine_intermediate_0.005_R1.730_C0.600,modifier,intermediate,1.73,0.6,140.0,90.0,139.95366838673382,89.7625889323308,ok,152.25346966300276,139.81671743738585,90.02728701653675,116.12792362486373,72.0157602057767,4.204419849664255,1.6074720458564786,1.0000210197359558,1.0000010616028252,1.0000114840954892,0.9999963156546219,0.0,488.7672233320085,322.4814884506009,322.4814884505996,573.4506275267945,973.0742678994206,627.4544929535672,203.69774698910197,168.71389409099817,49.7894304208491,58.3819408092147,0.01656881087177453,0.010841244168346975,True,,149.0,753.0,0,False,0.08882063830961034,0.005
refine_intermediate_0.005_R1.730_C0.605,modifier,intermediate,1.73,0.605,140.0,90.0,139.95366838673382,89.7625889323308,ok,154.55761350499233,139.6425020112028,90.16577019237526,116.12186549094295,72.01604613052962,4.204349734132767,1.6074298755388072,0.9999894230387496,0.9999994658100372,0.9999971089006567,1.0000003054235305,0.0,484.62913164703457,323.175106291485,323.175106291483,567.6445342603836,970.1383871991995,620.4581809950415,201.9669228082259,166.722672290559,49.47673181882753,58.380735406000376,0.015936484930506367,0.011587652433320272,True,,151.0,753.0,0,False,0.2593796417121586,0.005
refine_intermediate_0.005_R1.730_C0.590,modifier,intermediate,1.73,0.59,140.0,90.0,139.95366838673382,89.7625889323308,ok,185.59325091500068,140.1798491315031,89.74868693435673,116.14184613061005,72.01449835210973,4.204455831603719,1.6077021255486859,0.9999338207889263,0.9999966576156026,0.9999740016020825,1.0000062939355865,0.0,492.90055418620796,325.476257909885,325.476257909885,579.2385445593918,976.051533477116,634.4215657428867,205.42643359807477,170.69519089853048,50.431162197146364,58.383463438797186,0.011870234261806445,0.008722037623101642,True,,183.0,758.0,0,False,0.05135099485205104,0.005
refine_intermediate_0.005_R1.725_C0.620,modifier,intermediate,1.725,0.62,140.0,90.0,139.95366838673382,89.7625889323308,ok,203.05030150100356,139.2077978413961,90.80400991620714,116.23868388949725,72.01575414153822,4.191029415401659,1.6143621537997568,1.000021021178032,1.000001061675659,1.0000114118205556,0.999996342231904,0.0,487.2196295227204,311.5880804957516,311.5880804957517,570.8094552390895,974.5085522086969,624.0277984318313,203.0425804158122,167.7011449852069,48.40378792518895,58.196008156280634,0.01638774509109453,0.016938729647037576,True,,200.0,985.0,0,False,1.6408805360603689,0.005
refine_intermediate_0.005_R1.730_C0.595,modifier,intermediate,1.73,0.595,140.0,90.0,139.95366838673382,89.7625889323308,ok,181.94003739202162,140.00026713472056,89.8916825207142,116.13734709353974,72.01470342199009,4.204312991228325,1.6077000138902355,0.9999503486413714,0.9999974923556252,0.9999802420142969,1.0000048129938648,0.0,493.00001138848995,326.2857389744097,326.28573897440685,579.3850934927486,976.0987692721731,634.6047923693379,205.4678870350499,170.74903148456667,50.10858461400636,58.38131369634321,0.012959480489229236,0.00952438725863658,True,,179.0,758.0,0,False,0.018836597875633476,0.005
refine_intermediate_0.005_R1.730_C0.615,modifier,intermediate,1.73,0.615,140.0,90.0,139.95366838673382,89.7625889323308,ok,188.2654826969956,139.29585954855105,90.43635372107435,116.10611737638601,72.01592328463755,4.204599971521925,1.6072001587230167,1.0000471451336175,1.000002381067354,1.0000222774175342,0.9999935127345987,0.0,489.0869748671539,324.9889029564669,324.9889029564662,573.9170553098315,973.1489269448766,628.0293263070421,203.83128016790874,168.8820860238416,48.859505827476696,58.38430974360431,0.017344362823621395,0.012043624046356172,True,,186.0,748.0,0,False,0.8866714581420173,0.005
refine_intermediate_0.005_R1.730_C0.610,modifier,intermediate,1.73,0.61,140.0,90.0,139.95366838673382,89.7625889323308,ok,243.76272476100712,139.61066322084736,90.57399768808993,116.33657389691197,72.01587364839239,4.184231976431608,1.6184690330778957,1.0000315944450342,1.0000015956790431,1.0000160116616266,0.9999950808210558,0.0,486.0279158806047,310.28155355009187,310.28155355008846,569.3666219549897,972.4322690932206,622.4133295363433,202.54593368581703,167.26026674301625,49.036665532757425,58.101523517725354,0.016691785714300522,0.017072388280453765,True,,241.0,974.0,0,False,0.7760367127473852,0.005
refine_intermediate_0.005_R1.735_C0.580,modifier,intermediate,1.735,0.58,140.0,90.0,139.95366838673382,89.7625889323308,ok,147.4229048390116,140.61285897777964,89.56382119316741,116.248513465798,72.01450610833002,4.196821283474257,1.6122309547700084,0.9999315380535929,0.9999965423259396,0.9999721957547476,1.000006978937256,0.0,483.0046533655743,318.48103882385203,318.4810388238501,565.5519465806062,968.0140901822974,618.0363129877114,201.2892103202181,166.0463013700754,51.049037784612224,58.2774431190441,0.012798187000811367,0.008767530888917463,True,,144.0,758.0,0,False,0.4740408494554534,0.005
refine_intermediate_0.005_R1.735_C0.590,modifier,intermediate,1.735,0.59,140.0,90.0,139.95366838673382,89.7625889323308,ok,143.8854674989998,140.2469663085348,89.85308137120275,116.23897130994709,72.01522030258505,4.1964157768119525,1.6122245411439078,0.9999844073790192,0.9999992124938896,0.9999952510316192,1.0000007875647483,0.0,491.9862360934819,320.3736717214365,320.37367172143547,578.1827703950975,974.1450008766512,633.2745852580874,205.04541856329496,170.3891331584772,50.39388493733206,58.271234319355656,0.01545563365561975,0.011217828674801922,True,,142.0,758.0,0,False,0.09421255242576981,0.005
refine_intermediate_0.005_R1.735_C0.600,modifier,intermediate,1.735,0.6,140.0,90.0,139.95366838673382,89.7625889323308,ok,144.27970994799398,139.88441025176107,90.13330894765714,116.22564291187734,72.01601685619207,4.19659920955298,1.6119913863395496,1.0000434709449841,1.0000021955022707,1.0000209699489875,0.9999938016663181,0.0,492.1765372126197,326.9796309292484,326.9796309292477,578.4624857396975,974.1917813997381,633.6213203755328,205.12484627623823,170.49029296598388,49.751101304103926,58.2731369041573,0.017315459857542237,0.0140372829061306,True,,142.0,753.0,0,False,0.14223001902346735,0.005
refine_intermediate_0.005_R1.735_C0.605,modifier,intermediate,1.735,0.605,140.0,90.0,139.95366838673382,89.7625889323308,ok,144.33259203200578,139.7096459214738,90.2726758061306,116.21914142232609,72.0159050481083,4.196533888396541,1.6119899849094879,1.0000473101022986,1.0000023893991061,1.0000225577794395,0.9999934689237855,0.0,492.25755130663015,327.7801772985365,327.78017729853417,578.5826228202236,974.2083067899703,633.7694878860013,205.1585558651829,170.53487838806763,49.4369701153432,58.27232033803031,0.017971086411193937,0.015736930367779678,True,,142.0,753.0,0,False,0.3197355823744286,0.005
refine_intermediate_0.005_R1.735_C0.585,modifier,intermediate,1.735,0.585,140.0,90.0,139.95366838673382,89.7625889323308,ok,162.33393702999456,140.42894255977842,89.71015267200131,116.24458354263808,72.01480602379934,4.196686252982512,1.6122234746083677,0.999958733855318,0.9999979158512778,0.9999839828744672,1.0000038056109806,0.0,483.1995759845091,319.39375542484663,319.3937554248459,565.8345070016053,968.1298626015093,618.3821233214619,201.3706748452615,166.14585641957896,50.718789887777106,58.27532537677874,0.013388865546062334,0.009924764850211432,True,,160.0,758.0,0,False,0.2286351009605664,0.005
refine_intermediate_0.005_R1.735_C0.610,modifier,intermediate,1.735,0.61,140.0,90.0,139.95366838673382,89.7625889323308,ok,153.412457909988,139.53351910480424,90.40940362523351,116.21248236483413,72.01510727325797,4.196149610291326,1.6119926977384142,0.9999978459509404,0.9999998912096438,1.0000000064847097,0.9999994593664145,0.0,492.3549124595424,328.4792542839575,328.47925428395433,578.7135270438919,974.2450737470415,633.926158682553,205.19913817091924,170.58031733691502,49.12411547957073,58.26762979563763,0.01418665216044701,0.01176194752815718,True,,151.0,753.0,0,False,0.5948946660607687,0.005
refine_intermediate_0.005_R1.735_C0.595,modifier,intermediate,1.735,0.595,140.0,90.0,139.95366838673382,89.7625889323308,ok,175.80878766498063,140.061200859939,89.99176046839698,116.23044503343895,72.01588188680755,4.196703663873269,1.6119954649017527,1.0000321326402122,1.0000016228606166,1.000016179419824,0.9999950397451626,0.0,483.50432045550184,321.2175340541056,321.2175340541051,566.2789847467488,968.2277033207258,618.9280241960842,201.49805544455188,166.30428598236318,50.06944039154202,58.27469655192898,0.016844430961015178,0.010623699449595847,True,,173.0,753.0,0,False,0.06408282573655061,0.005
refine_intermediate_0.005_R1.735_C0.615,modifier,intermediate,1.735,0.615,140.0,90.0,139.95366838673382,89.7625889323308,ok,149.8167458930111,139.36440869090444,90.55756680903745,116.2075137761417,72.01424662641818,4.19585941279746,1.6119941572091172,0.9999323919642846,0.999996585452742,0.9999729523705612,1.0000066836679713,0.0,492.4420012893283,329.06836710607433,329.0683671060724,578.842218056895,974.2822476494769,634.0867383434615,205.2355726846425,170.62655256180875,48.80684188186699,58.26429643239819,0.008760912543351651,0.011500489081640808,True,,148.0,753.0,0,False,0.9792168135819566,0.005
refine_intermediate_0.005_R1.740_C0.605,modifier,intermediate,1.74,0.605,140.0,90.0,139.95366838673382,89.7625889323308,ok,148.16152394001256,139.77494387875458,90.37659989297178,116.31503759453514,72.01426951827196,4.188302953129856,1.616523043656377,0.9999278152595701,0.99999635430604,0.9999710735285492,1.0000071600205611,0.0,491.3720953735589,322.4428966490532,322.44289664905307,577.5615043943844,972.3387382250189,632.661700345918,204.7898290462161,170.23889949632184,49.3983439857828,58.15934787850859,0.008743031978411864,0.007591993894820348,True,,146.0,753.0,0,False,0.40895190953968324,0.005
refine_intermediate_0.005_R1.740_C0.595,modifier,intermediate,1.74,0.595,140.0,90.0,139.95366838673382,89.7625889323308,ok,159.73283987300238,140.13254721721427,90.10201640574746,116.33173145996075,72.01575571135557,4.188476934740296,1.6167421385816152,1.0000250675780487,1.000001266039295,1.0000128720015384,0.9999960345662476,0.0,491.1488547719911,320.5669156368622,320.566915636863,577.2320007225687,972.2789248907548,632.2543438424681,204.6964319034824,170.1202510314996,50.030530811466804,58.160563523460326,0.017997953746828443,0.015976755497902673,True,,157.0,758.0,0,False,0.14720864570407038,0.005
refine_intermediate_0.005_R1.740_C0.585,modifier,intermediate,1.74,0.585,140.0,90.0,139.95366838673382,89.7625889323308,ok,170.10247653498664,140.49491198249805,89.81375960189692,116.34101075105796,72.01531232094267,4.18867413975383,1.616749010607158,0.9999926971778331,0.9999996311705983,0.9999984927091559,0.9999999999970485,0.0,490.987357536981,319.0667671883466,319.06676718834547,577.0035397995794,972.2381433325027,631.974937887027,204.62919534949515,170.03840112601017,50.681152380601134,58.163659987845776,0.015580424336263832,0.011744562389736757,True,,167.0,758.0,0,False,0.2955630673796368,0.005
refine_intermediate_0.005_R1.735_C0.620,modifier,intermediate,1.735,0.62,140.0,90.0,139.95366838673382,89.7625889323308,ok,191.51469055601046,139.19235692231697,90.73690100955902,116.20234307404029,72.0142755108577,4.19582827554145,1.611984873926055,0.9999290581545547,0.9999964170785134,0.9999716622989319,1.0000069913258978,0.0,492.510372632201,329.73463697364343,329.7346369736414,578.9404746966738,974.2910163047379,634.2085049897792,205.26409578811408,170.6623455475252,48.455455912757955,58.26384068682102,0.009393959889195003,0.011031836026305086,True,,188.0,753.0,0,False,1.5288791696852955,0.005
refine_intermediate_0.005_R1.740_C0.615,modifier,intermediate,1.74,0.615,140.0,90.0,139.95366838673382,89.7625889323308,ok,153.18535136501305,139.4279402590474,90.70232945324719,116.30465581825796,72.01436513268271,4.1880976111561194,1.6165100399937045,0.9999300321063245,0.9999964662679963,0.9999722075020512,1.00000681375025,0.0,491.5403680327352,328.4037267088278,328.40372670882596,577.7976908887474,972.4102224152471,632.9507459386585,204.85989566608043,170.32301475931015,48.725610805800216,58.15641925662703,0.01050429952806553,0.011216658040254401,True,,151.0,753.0,0,False,1.159502310892873,0.005
refine_intermediate_0.005_R1.740_C0.590,modifier,intermediate,1.74,0.59,140.0,90.0,139.95366838673382,89.7625889323308,ok,190.41053636098513,140.31341654283793,89.95872347493307,116.33721577622467,72.0155487012887,4.188561015424777,1.616741394676946,1.000004414061535,1.0000002229324003,1.000004141715825,0.9999982734326235,0.0,491.1245490185361,324.50601680759974,324.5060168075986,577.1965347614411,972.3112889447452,632.2088288473428,204.68638994461713,170.10482506111654,50.35469306790486,58.16189824225868,0.016107307335801124,0.012923129339824868,True,,187.0,758.0,0,False,0.16788749462210262,0.005
refine_intermediate_0.005_R1.740_C0.610,modifier,intermediate,1.74,0.61,140.0,90.0,139.95366838673382,89.7625889323308,ok,189.72433132800506,139.60258129277358,90.52388197206272,116.31101917602741,72.01455066555947,4.188153054777172,1.616562826462213,0.9999480455524946,0.9999973760380054,0.9999795390366356,1.000004928416246,0.0,491.4562619442439,327.94015282273335,327.94015282273176,577.6836673395303,972.3582578689595,632.8102628403617,204.82484682208644,170.28202843505076,49.078699320710854,58.15703932150105,0.011409319866146461,0.013450816974213353,True,,187.0,754.0,0,False,0.7028292398897241,0.005
refine_mild_0.005_R1.280_C0.715,modifier,mild,1.28,0.715,130.0,80.0,129.01287026934924,80.18649564356137,ok,124.34005127398996,128.4348968513293,79.4673522105923,105.27678332689682,72.01557981141065,5.076114891508244,1.195216350014739,0.999934473095815,0.9999966905603946,0.9999743017217269,1.0000062157119138,0.0,590.4049845410398,402.3654512153645,402.3654512153637,691.9108575964324,1179.3469623565907,756.8505281500518,246.08089666054053,203.37389185103382,48.96754464073702,70.48634343847843,0.016415934522001407,0.009614263964706993,True,,122.0,600.0,0,False,0.8512205491201809,0.005
refine_mild_0.005_R1.280_C0.725,modifier,mild,1.28,0.725,130.0,80.0,129.01287026934924,80.18649564356137,ok,124.29038932800177,128.14279416231932,79.77103638514969,105.2672660591967,72.01632817156657,5.075792436568886,1.195206123713,0.99998618947655,0.9999993024988166,0.9999963653382398,1.000000418019461,0.0,590.6834481976362,403.5782062697572,403.57820626975627,692.3123182394534,1178.8985239216313,757.3449338703416,246.1964422971871,203.5181163377685,48.371757777169634,70.48113345180109,0.018131792683675485,0.01147685706392565,True,,122.0,600.0,0,False,0.9296388274243237,0.005
refine_mild_0.005_R1.280_C0.705,modifier,mild,1.28,0.705,130.0,80.0,129.01287026934924,80.18649564356137,ok,139.75068663500133,128.73154033243293,79.15647338199939,105.28587442220693,72.01518461671438,5.076512465617827,1.1952191801141887,0.9999070929983902,0.999995307727191,0.9999621650072557,1.0000095200291648,0.0,590.0980053532844,401.113594671275,401.1135946712742,691.4720038952364,1179.2445008380264,756.3141788610244,245.95340714183226,203.2175390001144,49.57506695043354,70.4922509417492,0.014429045009791253,0.009128498216625758,True,,137.0,600.0,0,False,1.1400923927185929,0.005
refine_mild_0.005_R1.280_C0.735,modifier,mild,1.28,0.735,130.0,80.0,129.01287026934924,80.18649564356137,ok,123.26365502999397,127.85876439935032,80.06860644614055,105.25670180469231,72.01705662833012,5.075506970544639,1.1952110484268124,0.9999931172536609,0.9999996523865489,0.9999992766951243,0.9999995309237002,0.0,590.9522381234985,404.75386825331645,404.75386825331424,692.705456577818,1178.2857611591244,757.8291639900676,246.30792553000325,203.66080751015767,47.79015795320977,70.4764566641291,0.022552096174507597,0.011850858240521234,True,,121.0,600.0,0,False,1.3458582220344784,0.005
refine_mild_0.005_R1.280_C0.730,modifier,mild,1.28,0.73,130.0,80.0,129.01287026934924,80.18649564356137,ok,134.62177829799475,128.0003630253783,79.9205803562261,105.26260193170215,72.01672901014165,5.075686913940525,1.1952089050817816,0.9999935597643275,0.9999996747355722,0.9999994950643274,0.9999993431299246,0.0,590.8202000378818,404.1716827889692,404.1716827889654,692.5099055575602,1178.5899636124095,757.5890476824667,246.25318402797905,203.59081254596367,48.07978266915221,70.47927590859825,0.020075085617278887,0.011590814440111785,True,,132.0,600.0,0,False,1.0958818591322101,0.005
refine_mild_0.005_R1.280_C0.710,modifier,mild,1.28,0.71,130.0,80.0,129.01287026934924,80.18649564356137,ok,149.56045223699766,128.58268437633478,79.31330334852822,105.28158700014421,72.01535556314428,5.076331307751126,1.1952203262905823,0.9999188852834062,0.999995903297141,0.9999672988838387,1.0000080990355333,0.0,590.2545225099248,401.7454783612478,401.74547836124907,691.6962709256143,1179.298015453845,756.5871296563904,246.01842860009572,203.29703390137468,49.26938102780656,70.48956806580108,0.015590040114773274,0.009316905227237271,True,,148.0,600.0,0,False,0.9475246866539013,0.005
refine_mild_0.005_R1.285_C0.700,modifier,mild,1.285,0.7,130.0,80.0,129.01287026934924,80.18649564356137,ok,121.50069053197512,128.9885631649931,79.19682247177828,105.43278903356416,72.01559020062564,5.065219338955156,1.1997302752677443,0.9999360485866893,0.9999967701306407,0.9999748221225639,1.0000060602280345,0.0,588.6839834587508,399.85854874567974,399.85854874568133,689.8119287760555,1176.4358222125302,754.4920340809788,245.36386203597584,202.72781376658298,49.791740693214834,70.33503891093783,0.016485039296497916,0.009694474280522059,True,,119.0,600.0,0,False,0.980043822269393,0.005
refine_mild_0.005_R1.285_C0.705,modifier,mild,1.285,0.705,130.0,80.0,129.01287026934924,80.18649564356137,ok,117.0438658890198,128.8376989925509,79.35439824381801,105.42820952648856,72.01595528093048,5.065068319521326,1.1997342544504184,0.9999553913754545,0.9999977470391643,0.9999834928888489,1.0000036533265906,0.0,588.8413089856614,400.49693578028257,400.4969357802835,690.0346937109814,1176.4882730327267,754.7651251456234,245.42918613948964,202.80826956016318,49.4833007487329,70.3325853244987,0.01735279843256876,0.010072292918138714,True,,115.0,600.0,0,False,0.7230710588748178,0.005
refine_mild_0.005_R1.285_C0.710,modifier,mild,1.285,0.71,130.0,80.0,129.01287026934924,80.18649564356137,ok,127.96633662900422,128.68697168894283,79.51148525351888,105.4237760095986,72.01633800388993,5.064919915053293,1.199720439999979,0.9999877031673419,0.9999993789478447,0.999996769776127,1.0000003080451645,0.0,588.984408506205,401.1290071835947,401.1290071835955,690.2436787057217,1176.5309338472703,755.0223243287527,245.4885624955649,202.8823500824131,49.17548643542395,70.33015084410032,0.01815496681052764,0.011556631600640799,True,,126.0,600.0,0,False,0.5618489113762195,0.005
refine_mild_0.005_R1.285_C0.720,modifier,mild,1.285,0.72,130.0,80.0,129.01287026934924,80.18649564356137,ok,105.59985126499669,128.39378973411698,79.81971397890636,105.41365420740469,72.01706497329981,5.064656403340129,1.1997257318976415,0.9999940728814093,0.999999700650576,0.9999995308090961,0.9999993815128914,0.0,589.2741522950616,402.3598236903217,402.35982369032286,690.6659551595923,1176.080966708714,755.5413390061344,245.60878077800237,203.03483862360713,48.574075755210615,70.32578188541619,0.022509754160751072,0.011971278803301288,True,,104.0,600.0,0,False,0.5177894986305566,0.005
refine_mild_0.005_R1.285_C0.725,modifier,mild,1.285,0.725,130.0,80.0,129.01287026934924,80.18649564356137,ok,111.72630331601249,128.2494890340637,79.97048281815823,105.40809829595621,72.01718032839374,5.064447904425659,1.1997249889730444,0.9999954825648856,0.9999997718467106,0.9999998089867139,0.9999991687143983,0.0,589.4123327951108,402.9578015994119,402.95780159941205,690.8682081837103,1175.7701410930003,755.7899882499745,245.66610392118992,203.1071854005355,48.27900621590548,70.32277411212299,0.023489394613392278,0.012581565014215812,True,,110.0,600.0,0,False,0.6294124511246966,0.005
refine_mild_0.005_R1.285_C0.715,modifier,mild,1.285,0.715,130.0,80.0,129.01287026934924,80.18649564356137,ok,129.34096432698425,128.53968588241975,79.66606833473392,105.41930748037187,72.01657723378244,5.064775553772234,1.1997212430810862,0.9999923759274426,0.9999996149458309,0.9999988571019854,0.9999996657964938,0.0,589.1322373617459,401.74890352472687,401.7489035247262,690.4563225764686,1176.3954879651483,755.2831183316032,245.54993189489886,202.95946950136374,48.873617547685825,70.32791266003663,0.019215332082950454,0.011621500531816764,True,,128.0,600.0,0,False,0.49474804780721904,0.005
refine_mild_0.005_R1.285_C0.740,modifier,mild,1.285,0.74,130.0,80.0,129.01287026934924,80.18649564356137,ok,101.27918383301585,127.8206993426707,80.4067026120772,105.38969373123494,72.0150956883256,5.063453058001021,1.1997099895700902,0.9999568393776439,0.9999978201705888,0.9999825181617221,1.0000043490197812,0.0,589.7974796188641,404.6759821136626,404.67598211366305,691.4196402308021,1174.873128581703,756.465998605599,245.82573716471256,203.30514661252815,47.413996730593496,70.31099534901901,0.016929651195283668,0.011602410119621709,True,,99.5,600.0,0,False,1.469762627400505,0.005
refine_mild_0.005_R1.285_C0.730,modifier,mild,1.285,0.73,130.0,80.0,129.01287026934924,80.18649564356137,ok,105.69795492297271,128.10471880406857,80.11627480917639,105.40143807892416,72.01620698987128,5.06409239704082,1.1997122174156987,1.0000051932025378,1.0000002622829565,1.0000045021002362,0.9999982465195274,0.0,589.5396305253752,403.53751305999043,403.53751305998844,691.0513361651806,1175.45210277502,756.0177032162687,245.7187001742296,203.1744839768914,47.98844399489218,70.31878807159421,0.02170351528991432,0.014505950326949346,True,,104.0,600.0,0,False,0.8296700494731466,0.005
refine_mild_0.005_R1.285_C0.735,modifier,mild,1.285,0.735,130.0,80.0,129.01287026934924,80.18649564356137,ok,105.78260447000503,127.96277105674758,80.2624893053282,105.39577542728486,72.01591657154799,5.063816594800313,1.1997063867736055,0.9999983879664469,0.9999999185841641,0.9999999275044911,0.9999999302872378,0.0,589.6709065993942,404.11339613343046,404.11339613342966,691.2397612326425,1175.1561135078878,756.2446232718752,245.7731828019336,203.24080027514367,47.70028175141938,70.31524190585561,0.020514936926474547,0.013705071210054598,True,,104.0,600.0,0,False,1.1084833929353395,0.005
refine_mild_0.005_R1.290_C0.700,modifier,mild,1.29,0.7,130.0,80.0,129.01287026934924,80.18649564356137,ok,105.87138661599602,129.0921047850786,79.39522276244165,105.57460397324829,72.0164579150443,5.053891932789509,1.20423327459811,0.9999913556767972,0.9999995634180197,0.9999982840170591,0.9999999271140918,0.0,587.4227597010221,399.24786303796736,399.2478630379678,688.371981954415,1173.6882402211786,752.9400924531369,244.8377091485316,202.31736233148797,49.69688202263694,70.17690232351384,0.018625805904719073,0.011665491074765555,True,,104.0,600.0,0,False,0.6323908808783743,0.005
refine_mild_0.005_R1.290_C0.705,modifier,mild,1.29,0.705,130.0,80.0,129.01287026934924,80.18649564356137,ok,93.48352809998323,128.94165890896767,79.55413685742671,105.5697323655593,72.01691387160304,5.053801335966765,1.204237265831288,0.9999953028279562,0.9999997627690888,1.0000000000019253,0.9999990960442782,0.0,587.5765601078601,399.8881508439699,399.88815084396566,688.595359570636,1173.7445947579558,753.2161737109382,244.90153823918195,202.39813705588716,49.387522051540955,70.1752000228314,0.021299118715290888,0.01177091760895621,True,,91.9,600.0,0,False,0.40494869224909363,0.005
refine_mild_0.005_R1.295_C0.740,modifier,mild,1.295,0.74,130.0,80.0,129.01287026934924,80.18649564356137,ok,114.825889603002,128.03333144347621,80.79835756671295,105.67196316441584,72.01447225478918,5.040416212660701,1.2087097728593208,0.9998876399935983,0.9999943252522006,0.999953831094856,1.000011747716804,0.0,587.2947276765727,403.4083441314385,403.4083441314406,688.5591101581887,1168.7364223533548,753.3849313573148,244.78201589378074,202.4873620177217,47.23497387676326,69.99171214957418,0.009078386306072161,0.006648236237666083,True,,112.0,600.0,0,False,1.3338713243954463,0.005
refine_mild_0.005_R1.295_C0.710,modifier,mild,1.295,0.71,130.0,80.0,129.01287026934924,80.18649564356137,ok,115.59573570700013,128.89344588665807,79.90330332345714,105.70189872143621,72.01537910503103,5.041956694961559,1.2087393990967898,0.9999804448457139,0.9999990123659441,0.9999927737887222,1.0000015833151266,0.0,586.4645783376063,399.88176012525423,399.8817601252547,687.3662408680167,1170.4983996559095,751.9187757959421,244.43714309599483,202.06086155008632,48.99014256320093,70.01222180068098,0.0181026795778223,0.012364799525940384,True,,113.0,600.0,0,False,0.09446007334718484,0.005
refine_mild_0.005_R1.295_C0.730,modifier,mild,1.295,0.73,130.0,80.0,129.01287026934924,80.18649564356137,ok,116.28201709900168,128.3133400743147,80.50694750664525,105.68225054364603,72.01425417431663,5.040882933500452,1.2087117601566053,0.9998734449923912,0.999993608332949,0.9999476816147654,1.0000133947355256,0.0,587.0421117427259,402.2681169999115,402.2681169999103,688.195364158137,1169.3273039015062,752.9371711427882,244.67723948052446,202.35647545847297,47.80639256766946,69.99840505601246,0.006911055613812778,0.006541617387696874,True,,114.0,600.0,0,False,0.5920318903189692,0.005
refine_mild_0.005_R1.290_C0.710,modifier,mild,1.29,0.71,130.0,80.0,129.01287026934924,80.18649564356137,ok,116.83415761598735,128.7926890898446,79.71083874459701,105.56403739691424,72.017187505178,5.053629097755646,1.2042391810618644,0.9999962200467738,0.9999998090932702,1.000000000001927,0.9999990559923065,0.0,587.7245067485123,400.5155245338109,400.51552453381225,688.8139265559079,1173.5944899807205,753.4837417426781,244.96284244791926,202.47583013968244,49.08185034524759,70.17254176153843,0.023429225500251505,0.012680811843239326,True,,115.0,600.0,0,False,0.2747292373404435,0.005
refine_mild_0.005_R1.295_C0.715,modifier,mild,1.295,0.715,130.0,80.0,129.01287026934924,80.18649564356137,ok,117.26513062999584,128.74401487916822,80.05649037611677,105.6964338248816,72.01462828747265,5.041571217981514,1.208729044184952,0.9999225881755216,0.9999960903118941,0.9999674324542667,1.0000084717652606,0.0,586.6077516214742,400.4898565308496,400.4898565308515,687.5717599534621,1170.2034077743901,752.1746720850999,244.49664540660552,202.13509376165234,48.68752450305145,70.00759898192133,0.012479554282805339,0.01085415394982192,True,,115.0,600.0,0,False,0.08918459039272926,0.005
refine_mild_0.005_R1.295_C0.725,modifier,mild,1.295,0.725,130.0,80.0,129.01287026934924,80.18649564356137,ok,121.33929524401901,128.45602496484113,80.35805473504878,105.6868870545398,72.01422518975697,5.0410347231791555,1.208720513686569,0.9998696773416273,0.9999934180475565,0.9999461056331924,1.000013802542396,0.0,586.9066517825936,401.68490059237865,401.6849005923761,687.9934559950343,1169.6235985415074,752.6874192323814,244.62099235827802,202.28344327490976,48.09797022979235,70.00054100278196,0.0074788804020897715,0.006841775221900548,True,,119.0,600.0,0,False,0.3395092150247057,0.005
refine_mild_0.005_R1.295_C0.720,modifier,mild,1.295,0.72,130.0,80.0,129.01287026934924,80.18649564356137,ok,121.7273009409837,128.60032060008103,80.20807087421709,105.69149049968635,72.01425626273772,5.041195114859967,1.2087215548107815,0.9998772968673801,0.9999938028720898,0.9999473738774256,1.000013479431003,0.0,586.7488715176016,401.09139675220615,401.0913967522058,687.7732318532675,1169.9109221146218,752.4211248716239,244.55528665767469,202.2066669529708,48.39224972586395,70.00273801992216,0.009997583680416255,0.008275797394873052,True,,120.0,600.0,0,False,0.17066272019115014,0.005
refine_mild_0.005_R1.290_C0.720,modifier,mild,1.29,0.72,130.0,80.0,129.01287026934924,80.18649564356137,ok,122.50013892297284,128.49685633775528,80.01346942530695,105.55218193404019,72.01592434098137,5.05302344339974,1.2042205838509,0.999998756560885,0.9999999372000448,1.0000000000027323,0.9999998964074743,0.0,588.0042089863924,401.72605405356126,401.72605405356137,689.2140476953723,1172.9615566050763,753.9727311511755,245.0787897591424,202.61915097339377,48.483386912448324,70.16536258667816,0.020479505223846672,0.013819058539795037,True,,120.0,600.0,0,False,0.2962084498024828,0.005
refine_mild_0.005_R1.290_C0.730,modifier,mild,1.29,0.73,130.0,80.0,129.01287026934924,80.18649564356137,ok,122.98747773701325,128.20638622101905,80.31095194536753,105.54078155562406,72.01461883185823,5.052320797388102,1.2042154650924435,0.9999212797353118,0.9999960242290564,0.9999668318663317,1.00000863208776,0.0,588.273918662264,402.89764335649454,402.8976433564937,689.5980412146082,1172.3792115564227,754.4479673762003,245.1908167408053,202.7573063054432,47.89543427565151,70.15687758043131,0.012425052606147347,0.010791517733295564,True,,121.0,600.0,0,False,0.6659058912703201,0.005
refine_mild_0.005_R1.290_C0.725,modifier,mild,1.29,0.725,130.0,80.0,129.01287026934924,80.18649564356137,ok,127.02456910599722,128.35121558019304,80.16309025623526,105.54650068470316,72.0153706629066,5.052719050271677,1.2042264464816683,0.9999788391905986,0.9999989312722526,0.9999921574993741,1.0000017438337738,0.0,588.1411220793204,402.31723041695744,402.31723041695614,689.4066538492633,1172.66416078515,754.2089170823349,245.1356394709765,202.68787042513844,48.18812532395778,70.16167526128157,0.01811344891052613,0.012253610643497836,True,,124.0,600.0,0,False,0.43833473983826465,0.005
refine_mild_0.005_R1.295_C0.700,modifier,mild,1.295,0.7,130.0,80.0,129.01287026934924,80.18649564356137,ok,134.02727547599352,129.1958751177714,79.59286821925093,105.71318470737003,72.01679573133303,5.0425736176826526,1.2087462273461576,1.000008754857928,1.000000442164541,1.0000067904822765,0.9999972982081475,0.0,586.1684690960371,398.6348808330239,398.6348808330232,686.9480803962158,1170.9619059607737,751.4117721421388,244.31423087634124,201.9131413918268,49.603006898520476,70.01941097871884,0.02199813909513182,0.014191412972891726,True,,131.0,600.0,0,False,0.38588429343947017,0.005
refine_mild_0.005_R1.290_C0.735,modifier,mild,1.29,0.735,130.0,80.0,129.01287026934924,80.18649564356137,ok,149.43494835100137,128.06719051147226,80.45728968898672,105.53562447948714,72.01424333010091,5.051931559991926,1.2042078747095948,0.9998759541431801,0.9999937350577363,0.9999470033002199,1.0000135668886383,0.0,588.4049083996833,403.4720836244236,403.47208362442467,689.7856596869444,1172.0962451263526,754.677877587591,245.24523557593665,202.8241656522818,47.60990082248554,70.151838391674,0.009938610676982762,0.008182661378214107,True,,146.0,600.0,0,False,0.9676396194960768,0.005
refine_mild_0.005_R1.295_C0.735,modifier,mild,1.295,0.735,130.0,80.0,129.01287026934924,80.18649564356137,ok,149.42428534498322,128.17284707911352,80.6534511478618,105.67713625179758,72.01435272355656,5.040639998944529,1.208711342131693,0.9998808058996091,0.9999939800959399,0.9999508423818411,1.0000125552520331,0.0,587.1704078090411,402.84257776659285,402.8425777665925,688.3789250442874,1169.0301810149979,753.1630552231801,244.73050798457945,202.4224755721491,47.51939593125172,69.99493584694387,0.008321603084027629,0.006531238006331819,True,,146.0,600.0,0,False,0.9236864031302516,0.005
refine_mild_0.005_R1.290_C0.715,modifier,mild,1.29,0.715,130.0,80.0,129.01287026934924,80.18649564356137,ok,149.42429491400253,128.64374039283956,79.86279780173096,105.55793771902626,72.01650195393489,5.053323653902664,1.2042295109969845,1.0000119973105746,1.000000605924776,1.0000076733333887,0.9999972656163624,0.0,587.8641665360877,401.1252956559998,401.1252956560007,689.0144442166244,1173.265674666545,753.7343380484392,245.02067069007572,202.54949821725467,48.7809425911086,70.16896845579927,0.022209770693763176,0.014722933398431337,True,,146.0,600.0,0,False,0.24103715853771218,0.005
refine_mild_0.005_R1.295_C0.705,modifier,mild,1.295,0.705,130.0,80.0,129.01287026934924,80.18649564356137,ok,151.30637091299286,129.04417691247787,79.74877348094037,105.70764300913808,72.01621619254828,5.042285345208379,1.2087373357945472,1.0000062671822028,1.0000003165243527,1.0000049719737925,0.9999980893680294,0.0,586.3174834228098,399.2645329882803,399.26453298827994,687.1608676964755,1170.8017355864085,751.6719341498963,244.37604613081476,201.98909642200903,49.295403431537494,70.01597156572242,0.021600876653707246,0.014705449196625864,True,,148.0,600.0,0,False,0.1925807975535887,0.005
refine_mild_0.005_R1.290_C0.740,modifier,mild,1.29,0.74,130.0,80.0,129.01287026934924,80.18649564356137,ok,151.39536231997772,127.92739070658452,80.6026914607038,105.5306484522489,72.01422696770149,5.051729763812401,1.2042035157687785,0.999870854076454,0.9999934774786086,0.9999465851542135,1.000013681881458,0.0,588.5565966444432,404.038668606813,404.0386686068149,690.0038600208295,1171.821366736981,754.9422403980893,245.30842052297604,202.90030922826628,47.32469924588072,70.14905215990322,0.006788085812175382,0.006435935034559748,True,,148.0,600.0,0,False,1.3514848393867323,0.005
refine_mild_0.005_R1.300_C0.705,modifier,mild,1.3,0.705,130.0,80.0,129.01287026934924,80.18649564356137,ok,115.88214771499042,129.1462886176781,79.94266753884025,105.84611152059117,72.01426828157449,5.030478412617929,1.2132346284889741,0.9998788545966826,0.999993881545287,0.9999480469642787,1.00001339255847,0.0,585.0724632067572,398.6344539043952,398.6344539043919,685.7316521832304,1167.764076309299,750.1288031528052,243.85684690262875,201.57889847253875,49.20362107883784,69.85391274058148,0.01005918476985812,0.00837449997470685,True,,113.0,600.0,0,False,0.07725260032269331,0.005
refine_mild_0.005_R1.300_C0.730,modifier,mild,1.3,0.73,130.0,80.0,129.01287026934924,80.18649564356137,ok,115.9478641099995,128.41874138282262,80.70242882479994,105.82258706334584,72.01457579546462,5.0295384522254,1.213220384225422,0.9998906190034923,0.999994475707247,0.9999552274051184,1.000011347916898,0.0,585.789879809726,401.6436646003989,401.6436646003982,686.7627967448464,1166.254188253707,751.3921688735653,244.15487066238572,201.94666431558574,47.71631255802268,69.8405620899617,0.010526274341145836,0.00677787365957272,True,,113.0,600.0,0,False,0.6191761813083068,0.005
refine_mild_0.005_R1.300_C0.715,modifier,mild,1.3,0.715,130.0,80.0,129.01287026934924,80.18649564356137,ok,121.82443149801111,128.85003421702768,80.25231888397161,105.83734157665846,72.0142670191615,5.030190469644089,1.2132250457725222,0.9998742011050363,0.9999936465204563,0.9999480109955345,1.0000133059834984,0.0,585.3866633295187,399.867079739566,399.86707973956607,686.1824907643764,1167.1608832248944,750.679131124743,243.98753727410678,201.7384745436152,48.59771533305607,69.84991554945161,0.007012332519849451,0.006645328613558377,True,,120.0,600.0,0,False,0.03084827891377136,0.005
refine_mild_0.005_R1.305_C0.705,modifier,mild,1.305,0.705,130.0,80.0,129.01287026934924,80.18649564356137,ok,121.12506487197243,129.25012077332647,80.13848060571439,105.98638566929523,72.01432406888992,5.019292192669981,1.2177369949252306,0.9998789764085093,0.9999938876973992,0.9999500496457757,1.0000127674658956,0.0,583.8591761032794,398.01847952573655,398.0184795257369,684.352418294922,1164.7179458626956,748.64523400201,243.350951363506,201.18583794388036,49.11164016761208,69.6985253637659,0.008174471771894787,0.006729579417438458,True,,119.0,600.0,0,False,0.05859324549689957,0.005
refine_mild_0.005_R1.305_C0.700,modifier,mild,1.305,0.7,130.0,80.0,129.01287026934924,80.18649564356137,ok,122.28574046201538,129.3997484156401,79.98117070146066,105.99042166883382,72.01426095454597,5.019394283980043,1.2177407048882167,0.99987288578345,0.9999935800900726,0.9999474683694944,1.0000134443583792,0.0,583.7103328498549,397.3886061271337,397.38860612713216,684.1394427633941,1165.033896886638,748.3823175949917,243.28912840593958,201.1090010905649,49.418577714179435,69.70000410263445,0.007048728810104876,0.0067260459447311405,True,,119.0,600.0,0,False,0.19183303192611034,0.005
refine_mild_0.005_R1.305_C0.715,modifier,mild,1.305,0.715,130.0,80.0,129.01287026934924,80.18649564356137,ok,123.42407882100088,128.95447192657375,80.44762191576817,105.97701957649276,72.01461151089752,5.018891494712989,1.2177346382198018,0.9998953668261583,0.9999947154962701,0.9999572193818285,1.0000108298488373,0.0,584.1446135529465,399.249236039822,399.24923603982165,684.7625359907192,1164.0967061509705,749.1484344878443,243.4694128991436,201.33257055894228,48.50685001080558,69.69268304604422,0.010101341246269158,0.006994021644544546,True,,120.0,600.0,0,False,0.07159729647554076,0.005
refine_mild_0.005_R1.305_C0.710,modifier,mild,1.305,0.71,130.0,80.0,129.01287026934924,80.18649564356137,ok,128.72254724102095,129.10110658166533,80.29377774465854,105.98149653808228,72.0143751503017,5.0190754156831545,1.2177350830871572,0.999882131275796,0.9999940470341313,0.9999514194681138,1.0000123998223063,0.0,584.0038822493539,398.63846312107216,398.63846312107296,684.5593632960423,1164.4067118044381,748.8989518238284,243.41104664499161,201.25978992250685,48.80732883700679,69.69546573455379,0.008469468838057992,0.006724381522872136,True,,127.0,600.0,0,False,0.019295096026967357,0.005
refine_mild_0.005_R1.300_C0.725,modifier,mild,1.3,0.725,130.0,80.0,129.01287026934924,80.18649564356137,ok,139.8017851129989,128.5609476348744,80.55405576366695,105.82739959502338,72.01444157031642,5.029738617953423,1.2132230935074728,0.9998861119465325,0.9999942480781067,0.9999531547663147,1.0000119323708818,0.0,585.6592252494627,401.06064592525854,401.06064592526013,686.5732338455548,1166.5524800257806,751.1590575697035,244.10062172850797,201.87850890852442,48.00689187120744,69.84347178534016,0.008860712732911225,0.0067026754223320495,True,,137.0,600.0,0,False,0.33933450944270843,0.005
refine_mild_0.005_R1.305_C0.735,modifier,mild,1.305,0.735,130.0,80.0,129.01287026934924,80.18649564356137,ok,110.29935422298149,128.38287293542928,81.04217246073489,105.955624168058,72.01504610048036,5.017959160772296,1.2177170615091402,0.9999261993729933,0.999996272695606,0.9999704872994462,1.0000073018796742,0.0,584.6524203236035,401.58386427038533,401.5838642703859,685.497586990048,1162.9037220713349,750.0510584131337,243.6800862738678,201.5963316667424,47.34070047469439,69.67931609417973,0.013152776014237588,0.007677928981891569,True,,108.0,600.0,0,False,1.1290794561944577,0.005
refine_mild_0.005_R1.300_C0.735,modifier,mild,1.3,0.735,130.0,80.0,129.01287026934924,80.18649564356137,ok,142.23720625598799,128.27801653936794,80.84852889374065,105.81680120446978,72.01432610163528,5.029295740152975,1.2132104168620204,0.9998676046671757,0.9999933133670309,0.9999454213624068,1.000013936295937,0.0,585.918209292244,402.2165946650266,402.2165946650265,686.9477748406267,1165.9668058186553,751.619390788225,244.20813088880516,202.01312152752985,47.42948764562729,69.83743391634364,0.011456823564060414,0.006158781517356715,True,,139.0,600.0,0,False,0.9782980288103612,0.005
refine_mild_0.005_R1.305_C0.730,modifier,mild,1.305,0.73,130.0,80.0,129.01287026934924,80.18649564356137,ok,114.57425586300087,128.5229799921695,80.8956362502062,105.96178929648771,72.01474295391756,5.018102397335464,1.2177205770305493,0.9999099244968972,0.9999954507321662,0.9999633306796794,1.000009246718483,0.0,584.5415377769757,401.01021905745347,401.0102190574526,685.3365417080695,1163.1977245000508,749.8538300874052,243.63413076055167,201.53843255598161,47.6273437419633,69.68159839918559,0.011462977863146762,0.007907749675993614,True,,112.0,600.0,0,False,0.7428728836678296,0.005
refine_mild_0.005_R1.300_C0.710,modifier,mild,1.3,0.71,130.0,80.0,129.01287026934924,80.18649564356137,ok,149.49649892302114,128.9972720756204,80.09817601527698,105.8418664390206,72.01424007137283,5.0302351164524755,1.2132417186485134,0.9998704186865446,0.9999934554892203,0.9999464344780177,1.0000137122852177,0.0,585.2298012410988,399.2564493376709,399.2564493376702,685.9521492394899,1167.459878498043,750.3993959661822,243.92221786895732,201.657405169222,48.899096060343425,69.85056165929187,0.008781215847676549,0.007586097899789479,True,,146.0,600.0,0,False,0.008043660387896036,0.005
refine_mild_0.005_R1.305_C0.720,modifier,mild,1.305,0.72,130.0,80.0,129.01287026934924,80.18649564356137,ok,147.41224831397994,128.8091572568745,80.59897560150887,105.97143461409529,72.01424231252048,5.018681204240478,1.2177245994028885,0.9998622689574899,0.9999930438867415,0.9999431028224057,1.0000145590949114,0.0,584.284023569855,399.8495986054261,399.8495986054261,684.9622535478163,1163.8028653897104,749.3931146135678,243.5272971999649,201.40398191317382,48.21018165536563,69.69012021901013,0.011213222589731231,0.006053958308356755,True,,144.0,600.0,0,False,0.21163870715990074,0.005
refine_mild_0.005_R1.305_C0.725,modifier,mild,1.305,0.725,130.0,80.0,129.01287026934924,80.18649564356137,ok,151.676490747981,128.66533267318997,80.74847140319147,105.96662411065054,72.0144700304802,5.018358007855226,1.2177150040503089,0.9998794741398715,0.9999939128353477,0.999950495513207,1.0000125941871778,0.0,584.4146674574815,400.43749068508396,400.4374906850827,685.1519032498286,1163.4995415983317,749.6264196732591,243.58150632541322,201.47215699017698,47.91686126999849,69.68541191417782,0.011802030271013564,0.006552805648425419,True,,149.0,600.0,0,False,0.4365991351559936,0.005
refine_mild_0.005_R1.310_C0.700,modifier,mild,1.31,0.7,130.0,80.0,129.01287026934924,80.18649564356137,ok,152.24815831301385,129.50318251580083,80.1763360182371,106.13024126531056,72.01458464808198,5.008263975775321,1.2222470952740605,0.9998950454126001,0.9999946992632615,0.9999570395578095,1.000010887946496,0.0,582.4790448989993,396.7772783798042,396.777278379805,682.7330540698913,1161.9790661938823,746.869002429212,242.7754930670036,200.70817532598807,49.326846497563736,69.54513450642682,0.009751041283294626,0.007066158759059249,True,,150.0,600.0,0,False,0.2405093170071389,0.005
refine_mild_0.005_R1.305_C0.740,modifier,mild,1.305,0.74,130.0,80.0,129.01287026934924,80.18649564356137,ok,192.93192515100236,128.55377921668568,81.60197533881731,106.29580676318487,72.01372685420502,5.0035981284854,1.2254240246666221,0.999889006522952,0.9999943942688354,0.9999543494409762,1.00001163045535,0.0,587.0887618235397,387.4602625746736,387.4602625746735,688.4272113064537,1166.3235467056359,753.3304891642568,244.69608144345227,202.48958976705075,46.95180387786837,69.48117181347115,0.011316430963688617,0.009872909151184217,True,,190.0,898.0,0,False,2.214347362317576,0.005
refine_mild_0.005_R1.310_C0.720,modifier,mild,1.31,0.72,130.0,80.0,129.01287026934924,80.18649564356137,ok,113.24455785102327,128.9124756362002,80.79209001917044,106.1106787904757,72.01482343606227,5.007304300064585,1.2222322522664333,0.9999145325770178,0.9999956834634859,0.9999653469554405,1.0000087012593384,0.0,583.0404316364111,399.22103511592775,399.2210351159257,683.5424683765154,1160.749794771864,747.8615232019629,243.00853178968381,200.99704550964395,48.12038561702977,69.53157782175604,0.011917494372085002,0.007868188778687113,True,,111.0,600.0,0,False,0.37682363013446946,0.005
refine_mild_0.005_R1.310_C0.705,modifier,mild,1.31,0.705,130.0,80.0,129.01287026934924,80.18649564356137,ok,129.7052250590059,129.35322859736343,80.33330219509456,106.1250468543903,72.01426431179164,5.008073157609271,1.222237501155284,0.999863654186202,0.9999931138477884,0.9999437046968036,1.0000143973065985,0.0,582.6292949848885,397.40646312881057,397.4064631288084,682.9477993293546,1161.6745807512357,747.1316945904697,242.83789758398265,200.78474897253528,49.019926402268865,69.54279413209596,0.011286962304637882,0.006183508734437737,True,,127.0,600.0,0,False,0.13739595502168186,0.005
refine_mild_0.005_R1.310_C0.725,modifier,mild,1.31,0.725,130.0,80.0,129.01287026934924,80.18649564356137,ok,127.56600131798768,128.7699305231754,80.94252946480651,106.10507138719615,72.01538993497289,5.007243603391007,1.2222300228442442,0.9999376098992796,0.9999968489848117,0.9999750699098229,1.0000062224593997,0.0,583.1605224201331,399.8142085760459,399.81420857604644,683.7095002679355,1160.4499179755062,748.0664147262424,243.05833715775287,201.05902784005994,47.82740105836888,69.53018803220193,0.013227032927261462,0.008216603392128263,True,,125.0,600.0,0,False,0.6306068591375409,0.005
refine_mild_0.005_R1.310_C0.715,modifier,mild,1.31,0.715,130.0,80.0,129.01287026934924,80.18649564356137,ok,138.20187514601275,129.05762593641163,80.64136245765793,106.11528525458714,72.01448433088663,5.007535541878639,1.2222253549362014,0.9998803559812777,0.9999939573727921,0.9999508787121946,1.0000124911657657,0.0,582.9084291162567,398.63021589543985,398.63021589544087,683.3504950334459,1161.0582677736345,747.6258792668527,242.95376754310558,200.92883963607545,48.41626347875369,69.53511628119696,0.0118315404189957,0.006651542458698145,True,,136.0,600.0,0,False,0.2089068883005555,0.005
refine_mild_0.005_R1.310_C0.710,modifier,mild,1.31,0.71,130.0,80.0,129.01287026934924,80.18649564356137,ok,145.37812344898703,129.20459869692397,80.4883938467753,106.12016399118318,72.01436222541139,5.007838344879377,1.2222342341218664,0.9998698584723922,0.9999934271955766,0.9999464007449563,1.0000136729976639,0.0,582.7710848309657,398.0241040602335,398.02410406023245,683.152123425858,1161.3648910260267,747.382317571957,242.89676105347831,200.85785859894426,48.71620485014867,69.5394389414211,0.01157383285780611,0.006385241115410167,True,,142.0,600.0,0,False,0.12790231504407418,0.005
refine_mild_0.005_R1.315_C0.705,modifier,mild,1.315,0.705,130.0,80.0,129.01287026934924,80.18649564356137,ok,127.54298197198659,129.45559492370887,80.5263131112437,106.26370451843097,72.01484598076016,4.996750541281281,1.226745000308936,0.9999156914811805,0.9999957419939982,0.9999658585372189,1.0000085617154906,0.0,581.396538293144,396.78484027903437,396.78484027903386,681.5415614871952,1158.6308296439283,745.6150930829643,242.3236509867737,200.3819359339385,48.92928181246518,69.38500628906763,0.01196609638034829,0.007822418965389488,True,,124.0,600.0,0,False,0.3114810309198866,0.005
refine_mild_0.005_R1.315_C0.715,modifier,mild,1.315,0.715,130.0,80.0,129.01287026934924,80.18649564356137,ok,130.72102650499437,129.16150006462374,80.83571515746769,106.25319567848783,72.01569490772063,4.996535404746874,1.2267416192059746,0.9999385041602272,0.9999968941495063,0.9999753797919129,1.0000061018801318,0.0,581.6648233341405,398.01378527197835,398.01378527197704,681.9159501006602,1158.019027167274,746.0787819312297,242.43493563216157,200.51987142996433,48.32578490715605,69.38120101665793,0.013300557667548674,0.008832318481481138,True,,128.0,600.0,0,False,0.4435767932800949,0.005
refine_mild_0.005_R1.315_C0.700,modifier,mild,1.315,0.7,130.0,80.0,129.01287026934924,80.18649564356137,ok,139.3649118829926,129.6054965886926,80.37004755171247,106.26812848845114,72.01450655134315,4.99696965955696,1.226737992985301,0.9998816584632284,0.9999940231547076,0.9999514476382063,1.0000123374721612,0.0,581.2538058951067,396.165318143644,396.16531814364237,681.3349186070416,1158.949121166484,745.3623769478479,242.26441331693198,200.3087705466395,49.23544903698013,69.38837602107768,0.011881970454936663,0.006783239012960962,True,,136.0,600.0,0,False,0.3848972573643771,0.005
refine_mild_0.005_R1.315_C0.710,modifier,mild,1.315,0.71,130.0,80.0,129.01287026934924,80.18649564356137,ok,148.96611574600684,129.30796063410753,80.68179015265079,106.25801880634461,72.01518554958899,4.996644587209782,1.2267406240524221,0.9999323658294541,0.9999965841328003,0.9999732474402905,1.000006539699771,0.0,581.5252673695129,397.40400135248456,397.40400135248206,681.7238480900315,1158.3225797019236,745.8386131783591,242.3770526092647,200.44785578821518,48.62617048145674,69.3832078481439,0.013282984539245035,0.008042482161911835,True,,146.0,600.0,0,False,0.332394974107312,0.005
refine_mild_0.005_R1.310_C0.735,modifier,mild,1.31,0.735,130.0,80.0,129.01287026934924,80.18649564356137,ok,168.58483137001167,128.78319261639638,81.63751056130222,106.42693587079508,72.01506467836468,4.99303520142615,1.2297605583381064,0.9999385112674297,0.9999968945084563,0.9999752161478452,1.0000061048199487,0.0,588.4384270777703,386.9186608818475,386.9186608818461,690.1466804921613,1167.167751040015,755.8750921070111,245.08795607998303,203.6560801265423,47.145682055094156,69.33320443057517,0.0137790731023415,0.012347419502191315,True,,166.0,888.0,0,False,2.1581961157724177,0.005
refine_mild_0.005_R1.310_C0.730,modifier,mild,1.31,0.73,130.0,80.0,129.01287026934924,80.18649564356137,ok,177.42318472499028,128.93647647083742,81.50610634026286,106.4456419747125,72.0142120611024,4.992500039391705,1.2300225587338478,0.9999365668560216,0.9999967963058598,0.9999742336942703,1.0000064753425848,0.0,585.583448279488,385.6145439636076,385.6145439636075,686.635000890484,1163.8069452307234,751.3409137974929,244.0688075033267,201.95022819154804,47.43037013057456,69.32659396669762,0.01207322519508125,0.009425644348922901,True,,175.0,898.0,0,False,1.7472084033000517,0.005
refine_mild_0.005_R1.310_C0.740,modifier,mild,1.31,0.74,130.0,80.0,129.01287026934924,80.18649564356137,ok,172.34127066200017,128.62840992874771,81.76107006932837,106.4031207205178,72.01357864340996,4.992952522136659,1.2293881866543217,0.9998951708410583,0.9999947055980329,0.9999566630673319,1.0000110963240083,0.0,588.0461325269166,388.1773988955112,388.1773988955099,689.6258756662354,1167.0169205528914,755.257089312491,244.92505874711705,203.4788219854241,46.867339859419346,69.33348704777318,0.006733988062336493,0.00817974520862208,True,,170.0,874.0,0,False,2.627094375774906,0.005
refine_mild_0.005_R1.320_C0.705,modifier,mild,1.32,0.705,130.0,80.0,129.01287026934924,80.18649564356137,ok,114.93005366998841,129.5579894750818,80.72117729266995,106.40015622257327,72.01589404476645,4.985836282600334,1.231252029167588,0.9999385566282584,0.9999968967994064,0.9999755452109899,1.0000060523246348,0.0,580.1627639978647,396.1808560522319,396.1808560522326,680.1178385371417,1155.611195856203,744.0804995757615,241.80892296439293,199.97709386653207,48.83681218241185,69.23244304237954,0.013320365079977137,0.009324154883870506,True,,112.0,600.0,0,False,0.5830394143519666,0.005
refine_mild_0.005_R1.315_C0.720,modifier,mild,1.315,0.72,130.0,80.0,129.01287026934924,80.18649564356137,ok,197.87859874899732,129.31748569286162,81.39722263553617,106.58586557730617,72.0151913340251,4.981968989825879,1.234494309019416,0.9999424001598465,0.9999970909171636,0.9999769939570996,1.000005719793641,0.0,587.8069354127207,384.14742540395946,384.14742540395787,689.5525116922929,1164.4281730260868,755.3199701848139,244.82510610853802,203.52433713842288,47.92026305732546,69.17941753036824,0.011950327936716576,0.01250207296966721,True,,196.0,893.0,0,False,1.5586504053379666,0.005
refine_mild_0.005_R1.315_C0.730,modifier,mild,1.315,0.73,130.0,80.0,129.01287026934924,80.18649564356137,ok,179.14001411301433,129.0161553394809,81.67245882296126,106.55840973869884,72.01365432560708,4.981947279509818,1.234111951985219,0.9999060753688951,0.9999952563317622,0.9999612322482438,1.0000099111729626,0.0,587.0260116831264,392.53723968840444,392.5372396884048,688.4878287966897,1164.3846456912147,754.0564322925277,244.50023627501187,203.16433005105694,47.34369651651963,69.18059257184933,0.0069189780452347804,0.008352818565612097,True,,177.0,878.0,0,False,2.2080973622179956,0.005
refine_mild_0.005_R1.315_C0.725,modifier,mild,1.315,0.725,130.0,80.0,129.01287026934924,80.18649564356137,ok,189.1491399660008,129.16062738532878,81.52990880605392,106.56720034449104,72.01290904992082,4.981904702220448,1.2342043895090227,0.9998602341290577,0.9999929411176285,0.9999409931333305,1.0000154311913678,0.0,587.3875149409948,385.211606192002,385.2116061919987,688.9678820937869,1164.3679348508279,754.61931539335,244.6506547886719,203.32365094510897,47.630718579274856,69.18071729010266,0.012877157673756301,0.009515345374850881,True,,187.0,883.0,0,False,1.8265910904808345,0.005
refine_mild_0.005_R1.315_C0.735,modifier,mild,1.315,0.735,130.0,80.0,129.01287026934924,80.18649564356137,ok,154.10901395598194,128.87043677473676,81.81101462324571,106.54778651882734,72.0138643962468,4.981996943049006,1.2339765144282744,0.9999153799287929,0.9999957262590302,0.9999653800869838,1.0000087722511384,0.0,586.6085013885659,386.9143444235684,386.9143444235682,687.9239538934603,1164.2959941202357,753.3807842505588,244.32619872988064,202.9713924175125,47.05942215149105,69.1810804046874,0.008388719622246299,0.009489579224904787,True,,152.0,874.0,0,False,2.6593492157421683,0.005
refine_mild_0.005_R1.315_C0.740,modifier,mild,1.315,0.74,130.0,80.0,129.01287026934924,80.18649564356137,ok,146.79691105999518,128.72769054797266,81.94750352740178,106.53701734794504,72.0142997806466,4.981974306966599,1.2338348194215099,0.9999429762109779,0.9999971200106554,0.9999767473618069,1.0000058086246386,0.0,586.2260705388242,394.1582021326276,394.15820213262884,687.407096469504,1164.2778111234702,752.7651318888102,244.16691867763308,202.7959422106298,46.78018702057088,69.18034782177351,0.01079731625205227,0.011140684346202079,True,,145.0,868.0,0,False,3.1824762404324893,0.005
refine_mild_0.005_R1.320_C0.710,modifier,mild,1.32,0.71,130.0,80.0,129.01287026934924,80.18649564356137,ok,154.74656030299957,129.70822321287196,81.28690807783018,106.73327593835226,72.01509351478487,4.971065161940567,1.2390887664855934,0.9999384921247451,0.9999968935416534,0.9999752449524647,1.000006168493195,0.0,586.7282448579276,382.17129591160864,382.1712959116079,688.3451956931322,1161.6540266370084,754.0355467415866,244.37618187621905,203.1854555585947,48.42131513504178,69.0281011843718,0.01514990866411381,0.012963958597225655,True,,153.0,893.0,0,False,1.6944232415591083,0.005
refine_mild_0.005_R1.320_C0.715,modifier,mild,1.32,0.715,130.0,80.0,129.01287026934924,80.18649564356137,ok,153.4827784789959,129.55466774969275,81.43117459569764,106.71982800818748,72.01274743177183,4.970661070554248,1.2389293523673488,0.9998480566875827,0.9999923260953322,0.9999356852411445,1.0000168619484886,0.0,582.6567631684193,382.9595000770667,382.95950007706625,683.1695826889561,1158.5227079111623,747.5173215629643,242.84856442519364,200.91712789250485,48.12349315399511,69.0247386445529,0.011656424576642621,0.008704869192726505,True,,152.0,888.0,0,False,1.8427702035976257,0.005
refine_mild_0.005_R1.320_C0.735,modifier,mild,1.32,0.735,130.0,80.0,129.01287026934924,80.18649564356137,ok,139.8744387269835,128.95340762621777,81.98060962101516,106.66459251826343,72.01382972687294,4.97143200974888,1.2381528529155237,0.9999190691687234,0.9999959125842786,0.9999646237728508,1.0000095814845156,0.0,582.9094873601482,386.710426410125,386.7104264101238,683.6014855413093,1156.985895601451,748.0837793011826,242.9529136835955,201.08970900676155,46.972798005202606,69.03440670499047,0.0166895324621521,0.012645621170463528,True,,138.0,859.0,0,False,3.2223807700232396,0.005
refine_mild_0.005_R1.320_C0.725,modifier,mild,1.32,0.725,130.0,80.0,129.01287026934924,80.18649564356137,ok,158.1159173520282,129.25488493991438,81.71122001298313,106.69614222588197,72.01418302720633,4.971001636524139,1.238565537285206,0.9999408189600922,0.9999970110585905,0.9999759921735627,1.0000060711650605,0.0,585.5766845236254,391.59056109769733,391.5905610976936,686.7874581140646,1161.587131969125,752.185091969146,243.8965564808067,202.65904440004857,47.54366492693124,69.02809179472519,0.010722961903752548,0.011037382829414355,True,,156.0,873.0,0,False,2.383355503477342,0.005
refine_mild_0.005_R1.320_C0.730,modifier,mild,1.32,0.73,130.0,80.0,129.01287026934924,80.18649564356137,ok,149.8343793109816,129.10203740186867,81.84468508710611,106.67725088426435,72.01517649225049,4.971508804216891,1.2382968477007352,0.9999387760170217,0.9999969078796478,0.9999751730031046,1.0000061415189068,0.0,582.8269607248949,385.90653340569634,385.9065334056951,683.4784536789293,1157.3373593750512,747.929617331439,242.91894991277348,201.04381449569001,47.25735231476256,69.03418204844463,0.012813563901545422,0.009741383036796947,True,,148.0,864.0,0,False,2.7575430082049612,0.005
